sample_id,superpopulation,population,CYP2C19 phenotype,CYP2C9 phenotype,DPYD phenotype,CYP2D6 phenotype,SLCO1B1 phenotype,total_score,risk_category
HG00096,EUR,GBR,Normal Metabolizer,Normal Metabolizer,Intermediate Metabolizer,Normal Metabolizer,Decreased Function,4,Moderate
HG00097,EUR,GBR,Normal Metabolizer,Normal Metabolizer,Normal Metabolizer,Normal Metabolizer,Decreased Function,2,Low
HG00099,EUR,GBR,Normal Metabolizer,Normal Metabolizer,Intermediate Metabolizer,Normal Metabolizer,Normal Function,2,Low
HG00100,EUR,GBR,Normal Metabolizer,Normal Metabolizer,Normal Metabolizer,Normal Metabolizer,Normal Function,0,Low
HG00101,EUR,GBR,Normal Metabolizer,Normal Metabolizer,Normal Metabolizer,Normal Metabolizer,Decreased Function,2,Low
HG00102,EUR,GBR,Normal Metabolizer,Normal Metabolizer,Normal Metabolizer,Normal Metabolizer,Normal Function,0,Low
HG00103,EUR,GBR,Normal Metabolizer,Normal Metabolizer,Normal Metabolizer,Normal Metabolizer,Normal Function,0,Low
HG00105,EUR,GBR,Normal Metabolizer,Normal Metabolizer,Normal Metabolizer,Normal Metabolizer,Normal Function,0,Low
HG00106,EUR,GBR,Normal Metabolizer,Normal Metabolizer,Normal Metabolizer,Normal Metabolizer,Normal Function,0,Low
HG00107,EUR,GBR,Normal Metabolizer,Normal Metabolizer,Intermediate Metabolizer,Normal Metabolizer,Normal Function,2,Low
HG00108,EUR,GBR,Normal Metabolizer,Normal Metabolizer,Normal Metabolizer,Normal Metabolizer,Normal Function,0,Low
HG00109,EUR,GBR,Normal Metabolizer,Normal Metabolizer,Normal Metabolizer,Normal Metabolizer,Decreased Function,2,Low
HG00110,EUR,GBR,Normal Metabolizer,Normal Metabolizer,Normal Metabolizer,Intermediate Metabolizer,Normal Function,1,Low
HG00111,EUR,GBR,Normal Metabolizer,Normal Metabolizer,Normal Metabolizer,Normal Metabolizer,Normal Function,0,Low
HG00112,EUR,GBR,Normal Metabolizer,Normal Metabolizer,Normal Metabolizer,Normal Metabolizer,Normal Function,0,Low
HG00113,EUR,GBR,Normal Metabolizer,Normal Metabolizer,Normal Metabolizer,Normal Metabolizer,Normal Function,0,Low
HG00114,EUR,GBR,Normal Metabolizer,Normal Metabolizer,Intermediate Metabolizer,Normal Metabolizer,Normal Function,2,Low
HG00115,EUR,GBR,Normal Metabolizer,Normal Metabolizer,Normal Metabolizer,Normal Metabolizer,Decreased Function,2,Low
HG00116,EUR,GBR,Normal Metabolizer,Normal Metabolizer,Normal Metabolizer,Normal Metabolizer,Decreased Function,2,Low
HG00117,EUR,GBR,Normal Metabolizer,Normal Metabolizer,Normal Metabolizer,Normal Metabolizer,Normal Function,0,Low
HG00118,EUR,GBR,Normal Metabolizer,Normal Metabolizer,Poor Metabolizer,Normal Metabolizer,Normal Function,3,Moderate
HG00119,EUR,GBR,Normal Metabolizer,Normal Metabolizer,Normal Metabolizer,Normal Metabolizer,Normal Function,0,Low
HG00120,EUR,GBR,Normal Metabolizer,Intermediate Metabolizer,Normal Metabolizer,Normal Metabolizer,Decreased Function,3,Moderate
HG00121,EUR,GBR,Normal Metabolizer,Normal Metabolizer,Normal Metabolizer,Intermediate Metabolizer,Normal Function,1,Low
HG00122,EUR,GBR,Normal Metabolizer,Normal Metabolizer,Normal Metabolizer,Normal Metabolizer,Normal Function,0,Low
HG00123,EUR,GBR,Normal Metabolizer,Normal Metabolizer,Normal Metabolizer,Normal Metabolizer,Normal Function,0,Low
HG00125,EUR,GBR,Normal Metabolizer,Normal Metabolizer,Normal Metabolizer,Intermediate Metabolizer,Decreased Function,3,Moderate
HG00126,EUR,GBR,Normal Metabolizer,Normal Metabolizer,Normal Metabolizer,Normal Metabolizer,Normal Function,0,Low
HG00127,EUR,GBR,Normal Metabolizer,Normal Metabolizer,Normal Metabolizer,Normal Metabolizer,Normal Function,0,Low
HG00128,EUR,GBR,Normal Metabolizer,Normal Metabolizer,Normal Metabolizer,Normal Metabolizer,Normal Function,0,Low
HG00129,EUR,GBR,Normal Metabolizer,Normal Metabolizer,Intermediate Metabolizer,Normal Metabolizer,Decreased Function,4,Moderate
HG00130,EUR,GBR,Normal Metabolizer,Normal Metabolizer,Intermediate Metabolizer,Normal Metabolizer,Normal Function,2,Low
HG00131,EUR,GBR,Normal Metabolizer,Normal Metabolizer,Normal Metabolizer,Normal Metabolizer,Normal Function,0,Low
HG00132,EUR,GBR,Normal Metabolizer,Intermediate Metabolizer,Intermediate Metabolizer,Normal Metabolizer,Normal Function,3,Moderate
HG00133,EUR,GBR,Normal Metabolizer,Normal Metabolizer,Normal Metabolizer,Normal Metabolizer,Normal Function,0,Low
HG00136,EUR,GBR,Normal Metabolizer,Normal Metabolizer,Intermediate Metabolizer,Normal Metabolizer,Normal Function,2,Low
HG00137,EUR,GBR,Normal Metabolizer,Normal Metabolizer,Normal Metabolizer,Normal Metabolizer,Normal Function,0,Low
HG00138,EUR,GBR,Normal Metabolizer,Intermediate Metabolizer,Intermediate Metabolizer,Normal Metabolizer,Normal Function,3,Moderate
HG00139,EUR,GBR,Normal Metabolizer,Normal Metabolizer,Intermediate Metabolizer,Normal Metabolizer,Normal Function,2,Low
HG00140,EUR,GBR,Normal Metabolizer,Normal Metabolizer,Normal Metabolizer,Normal Metabolizer,Normal Function,0,Low
HG00141,EUR,GBR,Normal Metabolizer,Normal Metabolizer,Normal Metabolizer,Normal Metabolizer,Decreased Function,2,Low
HG00142,EUR,GBR,Normal Metabolizer,Normal Metabolizer,Normal Metabolizer,Normal Metabolizer,Normal Function,0,Low
HG00143,EUR,GBR,Normal Metabolizer,Normal Metabolizer,Normal Metabolizer,Normal Metabolizer,Normal Function,0,Low
HG00145,EUR,GBR,Normal Metabolizer,Normal Metabolizer,Normal Metabolizer,Normal Metabolizer,Decreased Function,2,Low
HG00146,EUR,GBR,Normal Metabolizer,Normal Metabolizer,Intermediate Metabolizer,Normal Metabolizer,Decreased Function,4,Moderate
HG00148,EUR,GBR,Normal Metabolizer,Normal Metabolizer,Normal Metabolizer,Normal Metabolizer,Normal Function,0,Low
HG00149,EUR,GBR,Normal Metabolizer,Normal Metabolizer,Intermediate Metabolizer,Normal Metabolizer,Normal Function,2,Low
HG00150,EUR,GBR,Normal Metabolizer,Intermediate Metabolizer,Intermediate Metabolizer,Normal Metabolizer,Normal Function,3,Moderate
HG00151,EUR,GBR,Normal Metabolizer,Normal Metabolizer,Normal Metabolizer,Intermediate Metabolizer,Decreased Function,3,Moderate
HG00154,EUR,GBR,Normal Metabolizer,Normal Metabolizer,Normal Metabolizer,Normal Metabolizer,Normal Function,0,Low
HG00155,EUR,GBR,Normal Metabolizer,Intermediate Metabolizer,Intermediate Metabolizer,Normal Metabolizer,Normal Function,3,Moderate
HG00157,EUR,GBR,Normal Metabolizer,Normal Metabolizer,Normal Metabolizer,Normal Metabolizer,Normal Function,0,Low
HG00158,EUR,GBR,Normal Metabolizer,Normal Metabolizer,Intermediate Metabolizer,Normal Metabolizer,Decreased Function,4,Moderate
HG00159,EUR,GBR,Normal Metabolizer,Normal Metabolizer,Normal Metabolizer,Normal Metabolizer,Normal Function,0,Low
HG00160,EUR,GBR,Normal Metabolizer,Normal Metabolizer,Normal Metabolizer,Normal Metabolizer,Normal Function,0,Low
HG00171,EUR,FIN,Normal Metabolizer,Normal Metabolizer,Intermediate Metabolizer,Normal Metabolizer,Decreased Function,4,Moderate
HG00173,EUR,FIN,Normal Metabolizer,Normal Metabolizer,Intermediate Metabolizer,Normal Metabolizer,Normal Function,2,Low
HG00174,EUR,FIN,Normal Metabolizer,Normal Metabolizer,Intermediate Metabolizer,Normal Metabolizer,Poor Function,5,Moderate
HG00176,EUR,FIN,Normal Metabolizer,Normal Metabolizer,Normal Metabolizer,Normal Metabolizer,Normal Function,0,Low
HG00177,EUR,FIN,Normal Metabolizer,Normal Metabolizer,Normal Metabolizer,Normal Metabolizer,Decreased Function,2,Low
HG00178,EUR,FIN,Normal Metabolizer,Normal Metabolizer,Normal Metabolizer,Normal Metabolizer,Decreased Function,2,Low
HG00179,EUR,FIN,Normal Metabolizer,Normal Metabolizer,Normal Metabolizer,Normal Metabolizer,Decreased Function,2,Low
HG00180,EUR,FIN,Normal Metabolizer,Normal Metabolizer,Intermediate Metabolizer,Normal Metabolizer,Normal Function,2,Low
HG00181,EUR,FIN,Normal Metabolizer,Normal Metabolizer,Intermediate Metabolizer,Normal Metabolizer,Normal Function,2,Low
HG00182,EUR,FIN,Normal Metabolizer,Normal Metabolizer,Normal Metabolizer,Normal Metabolizer,Decreased Function,2,Low
HG00183,EUR,FIN,Normal Metabolizer,Normal Metabolizer,Normal Metabolizer,Normal Metabolizer,Decreased Function,2,Low
HG00185,EUR,FIN,Normal Metabolizer,Normal Metabolizer,Intermediate Metabolizer,Normal Metabolizer,Normal Function,2,Low
HG00186,EUR,FIN,Normal Metabolizer,Normal Metabolizer,Normal Metabolizer,Normal Metabolizer,Normal Function,0,Low
HG00187,EUR,FIN,Normal Metabolizer,Normal Metabolizer,Normal Metabolizer,Normal Metabolizer,Decreased Function,2,Low
HG00188,EUR,FIN,Normal Metabolizer,Intermediate Metabolizer,Normal Metabolizer,Normal Metabolizer,Poor Function,4,Moderate
HG00189,EUR,FIN,Normal Metabolizer,Normal Metabolizer,Intermediate Metabolizer,Normal Metabolizer,Normal Function,2,Low
HG00190,EUR,FIN,Normal Metabolizer,Normal Metabolizer,Normal Metabolizer,Normal Metabolizer,Normal Function,0,Low
HG00231,EUR,GBR,Normal Metabolizer,Intermediate Metabolizer,Normal Metabolizer,Normal Metabolizer,Decreased Function,3,Moderate
HG00232,EUR,GBR,Normal Metabolizer,Normal Metabolizer,Normal Metabolizer,Normal Metabolizer,Normal Function,0,Low
HG00233,EUR,GBR,Normal Metabolizer,Normal Metabolizer,Normal Metabolizer,Normal Metabolizer,Decreased Function,2,Low
HG00234,EUR,GBR,Normal Metabolizer,Intermediate Metabolizer,Intermediate Metabolizer,Normal Metabolizer,Normal Function,3,Moderate
HG00235,EUR,GBR,Normal Metabolizer,Normal Metabolizer,Normal Metabolizer,Intermediate Metabolizer,Normal Function,1,Low
HG00236,EUR,GBR,Normal Metabolizer,Intermediate Metabolizer,Normal Metabolizer,Normal Metabolizer,Normal Function,1,Low
HG00237,EUR,GBR,Normal Metabolizer,Normal Metabolizer,Normal Metabolizer,Normal Metabolizer,Normal Function,0,Low
HG00238,EUR,GBR,Normal Metabolizer,Normal Metabolizer,Normal Metabolizer,Normal Metabolizer,Normal Function,0,Low
HG00239,EUR,GBR,Normal Metabolizer,Normal Metabolizer,Normal Metabolizer,Normal Metabolizer,Decreased Function,2,Low
HG00240,EUR,GBR,Normal Metabolizer,Normal Metabolizer,Intermediate Metabolizer,Normal Metabolizer,Normal Function,2,Low
HG00242,EUR,GBR,Normal Metabolizer,Normal Metabolizer,Normal Metabolizer,Normal Metabolizer,Decreased Function,2,Low
HG00243,EUR,GBR,Normal Metabolizer,Normal Metabolizer,Intermediate Metabolizer,Normal Metabolizer,Normal Function,2,Low
HG00244,EUR,GBR,Normal Metabolizer,Normal Metabolizer,Normal Metabolizer,Normal Metabolizer,Normal Function,0,Low
HG00245,EUR,GBR,Normal Metabolizer,Normal Metabolizer,Intermediate Metabolizer,Intermediate Metabolizer,Normal Function,3,Moderate
HG00246,EUR,GBR,Normal Metabolizer,Normal Metabolizer,Intermediate Metabolizer,Normal Metabolizer,Normal Function,2,Low
HG00250,EUR,GBR,Normal Metabolizer,Normal Metabolizer,Intermediate Metabolizer,Normal Metabolizer,Decreased Function,4,Moderate
HG00251,EUR,GBR,Normal Metabolizer,Normal Metabolizer,Normal Metabolizer,Normal Metabolizer,Normal Function,0,Low
HG00252,EUR,GBR,Normal Metabolizer,Normal Metabolizer,Normal Metabolizer,Normal Metabolizer,Normal Function,0,Low
HG00253,EUR,GBR,Normal Metabolizer,Normal Metabolizer,Intermediate Metabolizer,Normal Metabolizer,Decreased Function,4,Moderate
HG00254,EUR,GBR,Normal Metabolizer,Normal Metabolizer,Normal Metabolizer,Normal Metabolizer,Normal Function,0,Low
HG00255,EUR,GBR,Normal Metabolizer,Normal Metabolizer,Intermediate Metabolizer,Normal Metabolizer,Normal Function,2,Low
HG00256,EUR,GBR,Normal Metabolizer,Normal Metabolizer,Normal Metabolizer,Normal Metabolizer,Decreased Function,2,Low
HG00257,EUR,GBR,Normal Metabolizer,Poor Metabolizer,Normal Metabolizer,Normal Metabolizer,Normal Function,2,Low
HG00258,EUR,GBR,Normal Metabolizer,Intermediate Metabolizer,Normal Metabolizer,Normal Metabolizer,Normal Function,1,Low
HG00259,EUR,GBR,Normal Metabolizer,Normal Metabolizer,Normal Metabolizer,Normal Metabolizer,Normal Function,0,Low
HG00260,EUR,GBR,Normal Metabolizer,Normal Metabolizer,Intermediate Metabolizer,Normal Metabolizer,Normal Function,2,Low
HG00261,EUR,GBR,Normal Metabolizer,Intermediate Metabolizer,Intermediate Metabolizer,Normal Metabolizer,Normal Function,3,Moderate
HG00262,EUR,GBR,Normal Metabolizer,Intermediate Metabolizer,Normal Metabolizer,Normal Metabolizer,Normal Function,1,Low
HG00263,EUR,GBR,Normal Metabolizer,Normal Metabolizer,Normal Metabolizer,Normal Metabolizer,Decreased Function,2,Low
HG00264,EUR,GBR,Normal Metabolizer,Normal Metabolizer,Normal Metabolizer,Normal Metabolizer,Poor Function,3,Moderate
HG00265,EUR,GBR,Normal Metabolizer,Intermediate Metabolizer,Intermediate Metabolizer,Normal Metabolizer,Normal Function,3,Moderate
HG00266,EUR,FIN,Normal Metabolizer,Normal Metabolizer,Normal Metabolizer,Normal Metabolizer,Normal Function,0,Low
HG00267,EUR,FIN,Normal Metabolizer,Normal Metabolizer,Intermediate Metabolizer,Normal Metabolizer,Decreased Function,4,Moderate
HG00268,EUR,FIN,Normal Metabolizer,Normal Metabolizer,Normal Metabolizer,Normal Metabolizer,Decreased Function,2,Low
HG00269,EUR,FIN,Normal Metabolizer,Normal Metabolizer,Normal Metabolizer,Normal Metabolizer,Normal Function,0,Low
HG00271,EUR,FIN,Normal Metabolizer,Normal Metabolizer,Normal Metabolizer,Normal Metabolizer,Normal Function,0,Low
HG00272,EUR,FIN,Normal Metabolizer,Normal Metabolizer,Intermediate Metabolizer,Normal Metabolizer,Decreased Function,4,Moderate
HG00273,EUR,FIN,Normal Metabolizer,Normal Metabolizer,Intermediate Metabolizer,Normal Metabolizer,Normal Function,2,Low
HG00274,EUR,FIN,Normal Metabolizer,Normal Metabolizer,Normal Metabolizer,Normal Metabolizer,Normal Function,0,Low
HG00275,EUR,FIN,Normal Metabolizer,Normal Metabolizer,Normal Metabolizer,Normal Metabolizer,Poor Function,3,Moderate
HG00276,EUR,FIN,Normal Metabolizer,Intermediate Metabolizer,Normal Metabolizer,Intermediate Metabolizer,Decreased Function,4,Moderate
HG00277,EUR,FIN,Normal Metabolizer,Intermediate Metabolizer,Normal Metabolizer,Normal Metabolizer,Decreased Function,3,Moderate
HG00278,EUR,FIN,Normal Metabolizer,Normal Metabolizer,Normal Metabolizer,Normal Metabolizer,Normal Function,0,Low
HG00280,EUR,FIN,Normal Metabolizer,Normal Metabolizer,Normal Metabolizer,Normal Metabolizer,Normal Function,0,Low
HG00281,EUR,FIN,Normal Metabolizer,Intermediate Metabolizer,Intermediate Metabolizer,Normal Metabolizer,Normal Function,3,Moderate
HG00282,EUR,FIN,Normal Metabolizer,Normal Metabolizer,Intermediate Metabolizer,Intermediate Metabolizer,Normal Function,3,Moderate
HG00284,EUR,FIN,Normal Metabolizer,Intermediate Metabolizer,Normal Metabolizer,Normal Metabolizer,Decreased Function,3,Moderate
HG00285,EUR,FIN,Normal Metabolizer,Normal Metabolizer,Intermediate Metabolizer,Normal Metabolizer,Decreased Function,4,Moderate
HG00288,EUR,FIN,Normal Metabolizer,Normal Metabolizer,Intermediate Metabolizer,Normal Metabolizer,Normal Function,2,Low
HG00290,EUR,FIN,Normal Metabolizer,Normal Metabolizer,Intermediate Metabolizer,Normal Metabolizer,Normal Function,2,Low
HG00304,EUR,FIN,Normal Metabolizer,Normal Metabolizer,Intermediate Metabolizer,Normal Metabolizer,Decreased Function,4,Moderate
HG00306,EUR,FIN,Normal Metabolizer,Normal Metabolizer,Normal Metabolizer,Normal Metabolizer,Normal Function,0,Low
HG00308,EUR,FIN,Normal Metabolizer,Normal Metabolizer,Normal Metabolizer,Normal Metabolizer,Normal Function,0,Low
HG00309,EUR,FIN,Normal Metabolizer,Normal Metabolizer,Intermediate Metabolizer,Normal Metabolizer,Normal Function,2,Low
HG00310,EUR,FIN,Normal Metabolizer,Intermediate Metabolizer,Normal Metabolizer,Normal Metabolizer,Decreased Function,3,Moderate
HG00311,EUR,FIN,Normal Metabolizer,Normal Metabolizer,Intermediate Metabolizer,Normal Metabolizer,Normal Function,2,Low
HG00313,EUR,FIN,Normal Metabolizer,Normal Metabolizer,Intermediate Metabolizer,Normal Metabolizer,Decreased Function,4,Moderate
HG00315,EUR,FIN,Normal Metabolizer,Intermediate Metabolizer,Intermediate Metabolizer,Normal Metabolizer,Normal Function,3,Moderate
HG00318,EUR,FIN,Normal Metabolizer,Normal Metabolizer,Normal Metabolizer,Normal Metabolizer,Normal Function,0,Low
HG00319,EUR,FIN,Normal Metabolizer,Normal Metabolizer,Intermediate Metabolizer,Normal Metabolizer,Normal Function,2,Low
HG00320,EUR,FIN,Normal Metabolizer,Normal Metabolizer,Intermediate Metabolizer,Normal Metabolizer,Decreased Function,4,Moderate
HG00321,EUR,FIN,Normal Metabolizer,Normal Metabolizer,Intermediate Metabolizer,Normal Metabolizer,Normal Function,2,Low
HG00323,EUR,FIN,Normal Metabolizer,Intermediate Metabolizer,Intermediate Metabolizer,Normal Metabolizer,Normal Function,3,Moderate
HG00324,EUR,FIN,Normal Metabolizer,Normal Metabolizer,Intermediate Metabolizer,Normal Metabolizer,Normal Function,2,Low
HG00325,EUR,FIN,Normal Metabolizer,Normal Metabolizer,Normal Metabolizer,Normal Metabolizer,Normal Function,0,Low
HG00326,EUR,FIN,Normal Metabolizer,Normal Metabolizer,Normal Metabolizer,Normal Metabolizer,Normal Function,0,Low
HG00327,EUR,FIN,Normal Metabolizer,Normal Metabolizer,Intermediate Metabolizer,Normal Metabolizer,Normal Function,2,Low
HG00328,EUR,FIN,Normal Metabolizer,Normal Metabolizer,Intermediate Metabolizer,Intermediate Metabolizer,Normal Function,3,Moderate
HG00329,EUR,FIN,Normal Metabolizer,Normal Metabolizer,Intermediate Metabolizer,Normal Metabolizer,Normal Function,2,Low
HG00330,EUR,FIN,Normal Metabolizer,Normal Metabolizer,Normal Metabolizer,Normal Metabolizer,Normal Function,0,Low
HG00331,EUR,FIN,Normal Metabolizer,Normal Metabolizer,Normal Metabolizer,Normal Metabolizer,Normal Function,0,Low
HG00332,EUR,FIN,Normal Metabolizer,Intermediate Metabolizer,Normal Metabolizer,Normal Metabolizer,Decreased Function,3,Moderate
HG00334,EUR,FIN,Normal Metabolizer,Normal Metabolizer,Normal Metabolizer,Normal Metabolizer,Normal Function,0,Low
HG00335,EUR,FIN,Normal Metabolizer,Normal Metabolizer,Intermediate Metabolizer,Normal Metabolizer,Normal Function,2,Low
HG00336,EUR,FIN,Normal Metabolizer,Normal Metabolizer,Normal Metabolizer,Normal Metabolizer,Normal Function,0,Low
HG00337,EUR,FIN,Normal Metabolizer,Normal Metabolizer,Intermediate Metabolizer,Normal Metabolizer,Decreased Function,4,Moderate
HG00338,EUR,FIN,Normal Metabolizer,Normal Metabolizer,Normal Metabolizer,Normal Metabolizer,Normal Function,0,Low
HG00339,EUR,FIN,Normal Metabolizer,Normal Metabolizer,Normal Metabolizer,Normal Metabolizer,Normal Function,0,Low
HG00341,EUR,FIN,Normal Metabolizer,Normal Metabolizer,Normal Metabolizer,Normal Metabolizer,Decreased Function,2,Low
HG00342,EUR,FIN,Normal Metabolizer,Intermediate Metabolizer,Intermediate Metabolizer,Normal Metabolizer,Decreased Function,5,Moderate
HG00343,EUR,FIN,Normal Metabolizer,Intermediate Metabolizer,Normal Metabolizer,Normal Metabolizer,Normal Function,1,Low
HG00344,EUR,FIN,Normal Metabolizer,Normal Metabolizer,Normal Metabolizer,Normal Metabolizer,Normal Function,0,Low
HG00345,EUR,FIN,Normal Metabolizer,Normal Metabolizer,Normal Metabolizer,Normal Metabolizer,Normal Function,0,Low
HG00346,EUR,FIN,Normal Metabolizer,Normal Metabolizer,Intermediate Metabolizer,Normal Metabolizer,Normal Function,2,Low
HG00349,EUR,FIN,Normal Metabolizer,Normal Metabolizer,Intermediate Metabolizer,Normal Metabolizer,Normal Function,2,Low
HG00350,EUR,FIN,Normal Metabolizer,Normal Metabolizer,Normal Metabolizer,Normal Metabolizer,Normal Function,0,Low
HG00351,EUR,FIN,Normal Metabolizer,Normal Metabolizer,Normal Metabolizer,Normal Metabolizer,Normal Function,0,Low
HG00353,EUR,FIN,Normal Metabolizer,Normal Metabolizer,Normal Metabolizer,Normal Metabolizer,Normal Function,0,Low
HG00355,EUR,FIN,Normal Metabolizer,Normal Metabolizer,Normal Metabolizer,Normal Metabolizer,Normal Function,0,Low
HG00356,EUR,FIN,Normal Metabolizer,Normal Metabolizer,Normal Metabolizer,Normal Metabolizer,Normal Function,0,Low
HG00357,EUR,FIN,Normal Metabolizer,Normal Metabolizer,Poor Metabolizer,Normal Metabolizer,Normal Function,3,Moderate
HG00358,EUR,FIN,Normal Metabolizer,Intermediate Metabolizer,Intermediate Metabolizer,Normal Metabolizer,Decreased Function,5,Moderate
HG00360,EUR,FIN,Normal Metabolizer,Normal Metabolizer,Normal Metabolizer,Normal Metabolizer,Normal Function,0,Low
HG00361,EUR,FIN,Normal Metabolizer,Normal Metabolizer,Intermediate Metabolizer,Normal Metabolizer,Normal Function,2,Low
HG00362,EUR,FIN,Normal Metabolizer,Intermediate Metabolizer,Normal Metabolizer,Normal Metabolizer,Normal Function,1,Low
HG00364,EUR,FIN,Normal Metabolizer,Normal Metabolizer,Intermediate Metabolizer,Normal Metabolizer,Decreased Function,4,Moderate
HG00365,EUR,FIN,Normal Metabolizer,Normal Metabolizer,Intermediate Metabolizer,Normal Metabolizer,Normal Function,2,Low
HG00366,EUR,FIN,Normal Metabolizer,Intermediate Metabolizer,Intermediate Metabolizer,Normal Metabolizer,Normal Function,3,Moderate
HG00367,EUR,FIN,Normal Metabolizer,Normal Metabolizer,Intermediate Metabolizer,Normal Metabolizer,Normal Function,2,Low
HG00368,EUR,FIN,Normal Metabolizer,Intermediate Metabolizer,Normal Metabolizer,Normal Metabolizer,Normal Function,1,Low
HG00369,EUR,FIN,Normal Metabolizer,Intermediate Metabolizer,Intermediate Metabolizer,Normal Metabolizer,Normal Function,3,Moderate
HG00371,EUR,FIN,Normal Metabolizer,Normal Metabolizer,Normal Metabolizer,Normal Metabolizer,Normal Function,0,Low
HG00372,EUR,FIN,Normal Metabolizer,Normal Metabolizer,Normal Metabolizer,Normal Metabolizer,Decreased Function,2,Low
HG00373,EUR,FIN,Normal Metabolizer,Normal Metabolizer,Intermediate Metabolizer,Normal Metabolizer,Decreased Function,4,Moderate
HG00375,EUR,FIN,Normal Metabolizer,Normal Metabolizer,Normal Metabolizer,Normal Metabolizer,Decreased Function,2,Low
HG00376,EUR,FIN,Normal Metabolizer,Normal Metabolizer,Normal Metabolizer,Normal Metabolizer,Normal Function,0,Low
HG00378,EUR,FIN,Normal Metabolizer,Normal Metabolizer,Intermediate Metabolizer,Normal Metabolizer,Decreased Function,4,Moderate
HG00379,EUR,FIN,Normal Metabolizer,Normal Metabolizer,Intermediate Metabolizer,Normal Metabolizer,Normal Function,2,Low
HG00380,EUR,FIN,Normal Metabolizer,Normal Metabolizer,Intermediate Metabolizer,Normal Metabolizer,Normal Function,2,Low
HG00381,EUR,FIN,Normal Metabolizer,Normal Metabolizer,Intermediate Metabolizer,Normal Metabolizer,Normal Function,2,Low
HG00382,EUR,FIN,Normal Metabolizer,Normal Metabolizer,Normal Metabolizer,Normal Metabolizer,Decreased Function,2,Low
HG00383,EUR,FIN,Normal Metabolizer,Normal Metabolizer,Intermediate Metabolizer,Normal Metabolizer,Decreased Function,4,Moderate
HG00384,EUR,FIN,Normal Metabolizer,Normal Metabolizer,Normal Metabolizer,Normal Metabolizer,Normal Function,0,Low
HG00403,EAS,CHS,Normal Metabolizer,Normal Metabolizer,Intermediate Metabolizer,Normal Metabolizer,Normal Function,2,Low
HG00404,EAS,CHS,Normal Metabolizer,Normal Metabolizer,Normal Metabolizer,Intermediate Metabolizer,Normal Function,1,Low
HG00406,EAS,CHS,Normal Metabolizer,Normal Metabolizer,Normal Metabolizer,Normal Metabolizer,Normal Function,0,Low
HG00407,EAS,CHS,Normal Metabolizer,Normal Metabolizer,Normal Metabolizer,Normal Metabolizer,Decreased Function,2,Low
HG00409,EAS,CHS,Normal Metabolizer,Normal Metabolizer,Intermediate Metabolizer,Intermediate Metabolizer,Normal Function,3,Moderate
HG00410,EAS,CHS,Normal Metabolizer,Normal Metabolizer,Normal Metabolizer,Normal Metabolizer,Normal Function,0,Low
HG00419,EAS,CHS,Normal Metabolizer,Normal Metabolizer,Normal Metabolizer,Normal Metabolizer,Normal Function,0,Low
HG00421,EAS,CHS,Normal Metabolizer,Normal Metabolizer,Normal Metabolizer,Normal Metabolizer,Normal Function,0,Low
HG00422,EAS,CHS,Normal Metabolizer,Normal Metabolizer,Normal Metabolizer,Normal Metabolizer,Normal Function,0,Low
HG00428,EAS,CHS,Normal Metabolizer,Normal Metabolizer,Normal Metabolizer,Normal Metabolizer,Decreased Function,2,Low
HG00436,EAS,CHS,Normal Metabolizer,Normal Metabolizer,Normal Metabolizer,Normal Metabolizer,Normal Function,0,Low
HG00437,EAS,CHS,Normal Metabolizer,Normal Metabolizer,Normal Metabolizer,Intermediate Metabolizer,Normal Function,1,Low
HG00442,EAS,CHS,Normal Metabolizer,Normal Metabolizer,Normal Metabolizer,Normal Metabolizer,Normal Function,0,Low
HG00443,EAS,CHS,Normal Metabolizer,Normal Metabolizer,Intermediate Metabolizer,Normal Metabolizer,Normal Function,2,Low
HG00445,EAS,CHS,Normal Metabolizer,Normal Metabolizer,Normal Metabolizer,Intermediate Metabolizer,Decreased Function,3,Moderate
HG00446,EAS,CHS,Normal Metabolizer,Normal Metabolizer,Normal Metabolizer,Normal Metabolizer,Normal Function,0,Low
HG00448,EAS,CHS,Normal Metabolizer,Normal Metabolizer,Normal Metabolizer,Intermediate Metabolizer,Normal Function,1,Low
HG00449,EAS,CHS,Normal Metabolizer,Normal Metabolizer,Normal Metabolizer,Normal Metabolizer,Normal Function,0,Low
HG00451,EAS,CHS,Normal Metabolizer,Normal Metabolizer,Normal Metabolizer,Normal Metabolizer,Normal Function,0,Low
HG00452,EAS,CHS,Normal Metabolizer,Normal Metabolizer,Normal Metabolizer,Normal Metabolizer,Normal Function,0,Low
HG00457,EAS,CHS,Normal Metabolizer,Normal Metabolizer,Intermediate Metabolizer,Normal Metabolizer,Normal Function,2,Low
HG00458,EAS,CHS,Normal Metabolizer,Normal Metabolizer,Normal Metabolizer,Intermediate Metabolizer,Normal Function,1,Low
HG00463,EAS,CHS,Normal Metabolizer,Normal Metabolizer,Normal Metabolizer,Intermediate Metabolizer,Poor Function,4,Moderate
HG00464,EAS,CHS,Normal Metabolizer,Normal Metabolizer,Normal Metabolizer,Normal Metabolizer,Decreased Function,2,Low
HG00472,EAS,CHS,Normal Metabolizer,Normal Metabolizer,Normal Metabolizer,Normal Metabolizer,Decreased Function,2,Low
HG00473,EAS,CHS,Normal Metabolizer,Normal Metabolizer,Normal Metabolizer,Normal Metabolizer,Normal Function,0,Low
HG00475,EAS,CHS,Normal Metabolizer,Normal Metabolizer,Intermediate Metabolizer,Normal Metabolizer,Normal Function,2,Low
HG00476,EAS,CHS,Normal Metabolizer,Normal Metabolizer,Normal Metabolizer,Normal Metabolizer,Normal Function,0,Low
HG00478,EAS,CHS,Normal Metabolizer,Normal Metabolizer,Normal Metabolizer,Intermediate Metabolizer,Normal Function,1,Low
HG00479,EAS,CHS,Normal Metabolizer,Normal Metabolizer,Intermediate Metabolizer,Normal Metabolizer,Normal Function,2,Low
HG00500,EAS,CHS,Normal Metabolizer,Normal Metabolizer,Normal Metabolizer,Intermediate Metabolizer,Normal Function,1,Low
HG00513,EAS,CHS,Normal Metabolizer,Normal Metabolizer,Normal Metabolizer,Intermediate Metabolizer,Normal Function,1,Low
HG00524,EAS,CHS,Normal Metabolizer,Normal Metabolizer,Normal Metabolizer,Normal Metabolizer,Decreased Function,2,Low
HG00525,EAS,CHS,Normal Metabolizer,Normal Metabolizer,Normal Metabolizer,Intermediate Metabolizer,Normal Function,1,Low
HG00530,EAS,CHS,Normal Metabolizer,Normal Metabolizer,Normal Metabolizer,Normal Metabolizer,Normal Function,0,Low
HG00531,EAS,CHS,Normal Metabolizer,Normal Metabolizer,Normal Metabolizer,Normal Metabolizer,Decreased Function,2,Low
HG00533,EAS,CHS,Normal Metabolizer,Normal Metabolizer,Normal Metabolizer,Intermediate Metabolizer,Normal Function,1,Low
HG00534,EAS,CHS,Normal Metabolizer,Normal Metabolizer,Normal Metabolizer,Intermediate Metabolizer,Normal Function,1,Low
HG00536,EAS,CHS,Normal Metabolizer,Normal Metabolizer,Normal Metabolizer,Normal Metabolizer,Normal Function,0,Low
HG00537,EAS,CHS,Normal Metabolizer,Normal Metabolizer,Normal Metabolizer,Intermediate Metabolizer,Normal Function,1,Low
HG00542,EAS,CHS,Normal Metabolizer,Normal Metabolizer,Normal Metabolizer,Normal Metabolizer,Normal Function,0,Low
HG00543,EAS,CHS,Normal Metabolizer,Normal Metabolizer,Normal Metabolizer,Normal Metabolizer,Normal Function,0,Low
HG00551,AMR,PUR,Normal Metabolizer,Normal Metabolizer,Normal Metabolizer,Normal Metabolizer,Normal Function,0,Low
HG00553,AMR,PUR,Intermediate Metabolizer,Normal Metabolizer,Intermediate Metabolizer,Normal Metabolizer,Normal Function,3,Moderate
HG00554,AMR,PUR,Normal Metabolizer,Intermediate Metabolizer,Normal Metabolizer,Intermediate Metabolizer,Normal Function,2,Low
HG00556,EAS,CHS,Normal Metabolizer,Normal Metabolizer,Normal Metabolizer,Normal Metabolizer,Normal Function,0,Low
HG00557,EAS,CHS,Normal Metabolizer,Normal Metabolizer,Normal Metabolizer,Normal Metabolizer,Normal Function,0,Low
HG00559,EAS,CHS,Normal Metabolizer,Normal Metabolizer,Normal Metabolizer,Intermediate Metabolizer,Decreased Function,3,Moderate
HG00560,EAS,CHS,Normal Metabolizer,Normal Metabolizer,Normal Metabolizer,Intermediate Metabolizer,Normal Function,1,Low
HG00565,EAS,CHS,Normal Metabolizer,Normal Metabolizer,Normal Metabolizer,Normal Metabolizer,Normal Function,0,Low
HG00566,EAS,CHS,Normal Metabolizer,Normal Metabolizer,Normal Metabolizer,Normal Metabolizer,Normal Function,0,Low
HG00580,EAS,CHS,Normal Metabolizer,Normal Metabolizer,Normal Metabolizer,Normal Metabolizer,Normal Function,0,Low
HG00581,EAS,CHS,Normal Metabolizer,Intermediate Metabolizer,Normal Metabolizer,Intermediate Metabolizer,Normal Function,2,Low
HG00583,EAS,CHS,Normal Metabolizer,Normal Metabolizer,Normal Metabolizer,Intermediate Metabolizer,Decreased Function,3,Moderate
HG00584,EAS,CHS,Normal Metabolizer,Normal Metabolizer,Normal Metabolizer,Normal Metabolizer,Normal Function,0,Low
HG00589,EAS,CHS,Normal Metabolizer,Normal Metabolizer,Normal Metabolizer,Normal Metabolizer,Normal Function,0,Low
HG00590,EAS,CHS,Normal Metabolizer,Normal Metabolizer,Normal Metabolizer,Normal Metabolizer,Decreased Function,2,Low
HG00592,EAS,CHS,Normal Metabolizer,Normal Metabolizer,Normal Metabolizer,Normal Metabolizer,Poor Function,3,Moderate
HG00593,EAS,CHS,Normal Metabolizer,Normal Metabolizer,Normal Metabolizer,Normal Metabolizer,Normal Function,0,Low
HG00595,EAS,CHS,Normal Metabolizer,Normal Metabolizer,Normal Metabolizer,Normal Metabolizer,Normal Function,0,Low
HG00596,EAS,CHS,Normal Metabolizer,Normal Metabolizer,Normal Metabolizer,Intermediate Metabolizer,Normal Function,1,Low
HG00598,EAS,CHS,Normal Metabolizer,Normal Metabolizer,Intermediate Metabolizer,Intermediate Metabolizer,Normal Function,3,Moderate
HG00599,EAS,CHS,Normal Metabolizer,Normal Metabolizer,Normal Metabolizer,Normal Metabolizer,Normal Function,0,Low
HG00607,EAS,CHS,Normal Metabolizer,Normal Metabolizer,Normal Metabolizer,Normal Metabolizer,Normal Function,0,Low
HG00608,EAS,CHS,Normal Metabolizer,Normal Metabolizer,Normal Metabolizer,Intermediate Metabolizer,Decreased Function,3,Moderate
HG00610,EAS,CHS,Intermediate Metabolizer,Normal Metabolizer,Normal Metabolizer,Intermediate Metabolizer,Normal Function,2,Low
HG00611,EAS,CHS,Normal Metabolizer,Normal Metabolizer,Normal Metabolizer,Intermediate Metabolizer,Normal Function,1,Low
HG00613,EAS,CHS,Normal Metabolizer,Normal Metabolizer,Normal Metabolizer,Normal Metabolizer,Decreased Function,2,Low
HG00614,EAS,CHS,Normal Metabolizer,Normal Metabolizer,Normal Metabolizer,Intermediate Metabolizer,Normal Function,1,Low
HG00619,EAS,CHS,Normal Metabolizer,Normal Metabolizer,Normal Metabolizer,Intermediate Metabolizer,Normal Function,1,Low
HG00620,EAS,CHS,Normal Metabolizer,Normal Metabolizer,Normal Metabolizer,Intermediate Metabolizer,Normal Function,1,Low
HG00622,EAS,CHS,Normal Metabolizer,Normal Metabolizer,Normal Metabolizer,Normal Metabolizer,Decreased Function,2,Low
HG00623,EAS,CHS,Normal Metabolizer,Normal Metabolizer,Normal Metabolizer,Intermediate Metabolizer,Normal Function,1,Low
HG00625,EAS,CHS,Normal Metabolizer,Normal Metabolizer,Normal Metabolizer,Intermediate Metabolizer,Normal Function,1,Low
HG00626,EAS,CHS,Normal Metabolizer,Normal Metabolizer,Normal Metabolizer,Normal Metabolizer,Normal Function,0,Low
HG00628,EAS,CHS,Normal Metabolizer,Normal Metabolizer,Normal Metabolizer,Normal Metabolizer,Normal Function,0,Low
HG00629,EAS,CHS,Normal Metabolizer,Normal Metabolizer,Intermediate Metabolizer,Intermediate Metabolizer,Poor Function,6,High
HG00631,EAS,CHS,Normal Metabolizer,Normal Metabolizer,Normal Metabolizer,Intermediate Metabolizer,Normal Function,1,Low
HG00632,EAS,CHS,Normal Metabolizer,Normal Metabolizer,Intermediate Metabolizer,Intermediate Metabolizer,Normal Function,3,Moderate
HG00634,EAS,CHS,Normal Metabolizer,Normal Metabolizer,Intermediate Metabolizer,Normal Metabolizer,Decreased Function,4,Moderate
HG00637,AMR,PUR,Normal Metabolizer,Normal Metabolizer,Normal Metabolizer,Normal Metabolizer,Decreased Function,2,Low
HG00638,AMR,PUR,Normal Metabolizer,Normal Metabolizer,Intermediate Metabolizer,Normal Metabolizer,Normal Function,2,Low
HG00640,AMR,PUR,Normal Metabolizer,Normal Metabolizer,Normal Metabolizer,Normal Metabolizer,Normal Function,0,Low
HG00641,AMR,PUR,Normal Metabolizer,Normal Metabolizer,Intermediate Metabolizer,Normal Metabolizer,Normal Function,2,Low
HG00650,EAS,CHS,Normal Metabolizer,Normal Metabolizer,Intermediate Metabolizer,Intermediate Metabolizer,Decreased Function,5,Moderate
HG00651,EAS,CHS,Normal Metabolizer,Normal Metabolizer,Normal Metabolizer,Intermediate Metabolizer,Decreased Function,3,Moderate
HG00653,EAS,CHS,Normal Metabolizer,Normal Metabolizer,Normal Metabolizer,Normal Metabolizer,Normal Function,0,Low
HG00654,EAS,CHS,Normal Metabolizer,Normal Metabolizer,Normal Metabolizer,Intermediate Metabolizer,Decreased Function,3,Moderate
HG00656,EAS,CHS,Normal Metabolizer,Normal Metabolizer,Normal Metabolizer,Normal Metabolizer,Normal Function,0,Low
HG00657,EAS,CHS,Normal Metabolizer,Normal Metabolizer,Normal Metabolizer,Intermediate Metabolizer,Normal Function,1,Low
HG00662,EAS,CHS,Normal Metabolizer,Normal Metabolizer,Normal Metabolizer,Intermediate Metabolizer,Normal Function,1,Low
HG00663,EAS,CHS,Normal Metabolizer,Normal Metabolizer,Normal Metabolizer,Normal Metabolizer,Normal Function,0,Low
HG00671,EAS,CHS,Normal Metabolizer,Normal Metabolizer,Normal Metabolizer,Intermediate Metabolizer,Normal Function,1,Low
HG00672,EAS,CHS,Normal Metabolizer,Normal Metabolizer,Normal Metabolizer,Normal Metabolizer,Normal Function,0,Low
HG00674,EAS,CHS,Normal Metabolizer,Normal Metabolizer,Normal Metabolizer,Normal Metabolizer,Normal Function,0,Low
HG00675,EAS,CHS,Normal Metabolizer,Normal Metabolizer,Normal Metabolizer,Intermediate Metabolizer,Decreased Function,3,Moderate
HG00683,EAS,CHS,Normal Metabolizer,Normal Metabolizer,Normal Metabolizer,Normal Metabolizer,Normal Function,0,Low
HG00684,EAS,CHS,Normal Metabolizer,Normal Metabolizer,Normal Metabolizer,Normal Metabolizer,Normal Function,0,Low
HG00689,EAS,CHS,Normal Metabolizer,Normal Metabolizer,Intermediate Metabolizer,Normal Metabolizer,Normal Function,2,Low
HG00690,EAS,CHS,Normal Metabolizer,Normal Metabolizer,Normal Metabolizer,Normal Metabolizer,Normal Function,0,Low
HG00692,EAS,CHS,Normal Metabolizer,Normal Metabolizer,Normal Metabolizer,Intermediate Metabolizer,Normal Function,1,Low
HG00693,EAS,CHS,Normal Metabolizer,Normal Metabolizer,Normal Metabolizer,Normal Metabolizer,Normal Function,0,Low
HG00698,EAS,CHS,Normal Metabolizer,Normal Metabolizer,Normal Metabolizer,Normal Metabolizer,Normal Function,0,Low
HG00699,EAS,CHS,Normal Metabolizer,Normal Metabolizer,Normal Metabolizer,Intermediate Metabolizer,Decreased Function,3,Moderate
HG00701,EAS,CHS,Normal Metabolizer,Normal Metabolizer,Normal Metabolizer,Normal Metabolizer,Normal Function,0,Low
HG00704,EAS,CHS,Normal Metabolizer,Normal Metabolizer,Intermediate Metabolizer,Normal Metabolizer,Normal Function,2,Low
HG00705,EAS,CHS,Normal Metabolizer,Normal Metabolizer,Normal Metabolizer,Normal Metabolizer,Normal Function,0,Low
HG00707,EAS,CHS,Normal Metabolizer,Normal Metabolizer,Intermediate Metabolizer,Intermediate Metabolizer,Normal Function,3,Moderate
HG00708,EAS,CHS,Normal Metabolizer,Normal Metabolizer,Intermediate Metabolizer,Intermediate Metabolizer,Normal Function,3,Moderate
HG00717,EAS,CHS,Normal Metabolizer,Normal Metabolizer,Normal Metabolizer,Normal Metabolizer,Normal Function,0,Low
HG00728,EAS,CHS,Normal Metabolizer,Normal Metabolizer,Normal Metabolizer,Intermediate Metabolizer,Normal Function,1,Low
HG00729,EAS,CHS,Normal Metabolizer,Normal Metabolizer,Normal Metabolizer,Intermediate Metabolizer,Normal Function,1,Low
HG00731,AMR,PUR,Normal Metabolizer,Intermediate Metabolizer,Intermediate Metabolizer,Intermediate Metabolizer,Normal Function,4,Moderate
HG00732,AMR,PUR,Normal Metabolizer,Intermediate Metabolizer,Intermediate Metabolizer,Normal Metabolizer,Normal Function,3,Moderate
HG00734,AMR,PUR,Normal Metabolizer,Normal Metabolizer,Normal Metabolizer,Normal Metabolizer,Normal Function,0,Low
HG00736,AMR,PUR,Normal Metabolizer,Intermediate Metabolizer,Normal Metabolizer,Normal Metabolizer,Normal Function,1,Low
HG00737,AMR,PUR,Normal Metabolizer,Intermediate Metabolizer,Normal Metabolizer,Normal Metabolizer,Normal Function,1,Low
HG00739,AMR,PUR,Normal Metabolizer,Normal Metabolizer,Normal Metabolizer,Normal Metabolizer,Normal Function,0,Low
HG00740,AMR,PUR,Normal Metabolizer,Intermediate Metabolizer,Normal Metabolizer,Normal Metabolizer,Decreased Function,3,Moderate
HG00742,AMR,PUR,Normal Metabolizer,Normal Metabolizer,Intermediate Metabolizer,Normal Metabolizer,Normal Function,2,Low
HG00743,AMR,PUR,Normal Metabolizer,Normal Metabolizer,Normal Metabolizer,Normal Metabolizer,Normal Function,0,Low
HG00759,EAS,CDX,Normal Metabolizer,Normal Metabolizer,Normal Metabolizer,Intermediate Metabolizer,Normal Function,1,Low
HG00766,EAS,CDX,Normal Metabolizer,Normal Metabolizer,Normal Metabolizer,Intermediate Metabolizer,Normal Function,1,Low
HG00844,EAS,CDX,Normal Metabolizer,Normal Metabolizer,Normal Metabolizer,Intermediate Metabolizer,Normal Function,1,Low
HG00851,EAS,CDX,Normal Metabolizer,Normal Metabolizer,Normal Metabolizer,Normal Metabolizer,Normal Function,0,Low
HG00864,EAS,CDX,Normal Metabolizer,Normal Metabolizer,Normal Metabolizer,Intermediate Metabolizer,Decreased Function,3,Moderate
HG00867,EAS,CDX,Normal Metabolizer,Normal Metabolizer,Normal Metabolizer,Normal Metabolizer,Normal Function,0,Low
HG00879,EAS,CDX,Normal Metabolizer,Normal Metabolizer,Normal Metabolizer,Normal Metabolizer,Normal Function,0,Low
HG00881,EAS,CDX,Normal Metabolizer,Normal Metabolizer,Normal Metabolizer,Normal Metabolizer,Decreased Function,2,Low
HG00956,EAS,CDX,Normal Metabolizer,Normal Metabolizer,Normal Metabolizer,Normal Metabolizer,Normal Function,0,Low
HG00978,EAS,CDX,Normal Metabolizer,Normal Metabolizer,Normal Metabolizer,Normal Metabolizer,Normal Function,0,Low
HG00982,EAS,CDX,Normal Metabolizer,Normal Metabolizer,Normal Metabolizer,Normal Metabolizer,Normal Function,0,Low
HG01028,EAS,CDX,Normal Metabolizer,Normal Metabolizer,Intermediate Metabolizer,Intermediate Metabolizer,Normal Function,3,Moderate
HG01029,EAS,CDX,Normal Metabolizer,Normal Metabolizer,Normal Metabolizer,Normal Metabolizer,Normal Function,0,Low
HG01031,EAS,CDX,Normal Metabolizer,Normal Metabolizer,Intermediate Metabolizer,Normal Metabolizer,Normal Function,2,Low
HG01046,EAS,CDX,Normal Metabolizer,Normal Metabolizer,Normal Metabolizer,Normal Metabolizer,Normal Function,0,Low
HG01047,AMR,PUR,Normal Metabolizer,Normal Metabolizer,Intermediate Metabolizer,Normal Metabolizer,Normal Function,2,Low
HG01048,AMR,PUR,Normal Metabolizer,Normal Metabolizer,Normal Metabolizer,Normal Metabolizer,Normal Function,0,Low
HG01049,AMR,PUR,Normal Metabolizer,Normal Metabolizer,Intermediate Metabolizer,Normal Metabolizer,Normal Function,2,Low
HG01051,AMR,PUR,Normal Metabolizer,Normal Metabolizer,Normal Metabolizer,Normal Metabolizer,Normal Function,0,Low
HG01052,AMR,PUR,Normal Metabolizer,Normal Metabolizer,Normal Metabolizer,Normal Metabolizer,Normal Function,0,Low
HG01054,AMR,PUR,Normal Metabolizer,Intermediate Metabolizer,Normal Metabolizer,Normal Metabolizer,Decreased Function,3,Moderate
HG01055,AMR,PUR,Normal Metabolizer,Intermediate Metabolizer,Normal Metabolizer,Normal Metabolizer,Normal Function,1,Low
HG01058,AMR,PUR,Normal Metabolizer,Normal Metabolizer,Intermediate Metabolizer,Normal Metabolizer,Normal Function,2,Low
HG01060,AMR,PUR,Normal Metabolizer,Normal Metabolizer,Normal Metabolizer,Normal Metabolizer,Normal Function,0,Low
HG01061,AMR,PUR,Normal Metabolizer,Intermediate Metabolizer,Intermediate Metabolizer,Normal Metabolizer,Normal Function,3,Moderate
HG01063,AMR,PUR,Normal Metabolizer,Normal Metabolizer,Normal Metabolizer,Normal Metabolizer,Decreased Function,2,Low
HG01064,AMR,PUR,Normal Metabolizer,Normal Metabolizer,Normal Metabolizer,Normal Metabolizer,Normal Function,0,Low
HG01066,AMR,PUR,Normal Metabolizer,Poor Metabolizer,Normal Metabolizer,Normal Metabolizer,Decreased Function,4,Moderate
HG01067,AMR,PUR,Normal Metabolizer,Normal Metabolizer,Normal Metabolizer,Normal Metabolizer,Decreased Function,2,Low
HG01069,AMR,PUR,Normal Metabolizer,Intermediate Metabolizer,Intermediate Metabolizer,Intermediate Metabolizer,Normal Function,4,Moderate
HG01070,AMR,PUR,Normal Metabolizer,Normal Metabolizer,Normal Metabolizer,Normal Metabolizer,Normal Function,0,Low
HG01072,AMR,PUR,Normal Metabolizer,Normal Metabolizer,Intermediate Metabolizer,Normal Metabolizer,Normal Function,2,Low
HG01073,AMR,PUR,Normal Metabolizer,Normal Metabolizer,Normal Metabolizer,Normal Metabolizer,Normal Function,0,Low
HG01075,AMR,PUR,Normal Metabolizer,Normal Metabolizer,Normal Metabolizer,Normal Metabolizer,Decreased Function,2,Low
HG01077,AMR,PUR,Normal Metabolizer,Intermediate Metabolizer,Intermediate Metabolizer,Normal Metabolizer,Decreased Function,5,Moderate
HG01079,AMR,PUR,Normal Metabolizer,Normal Metabolizer,Intermediate Metabolizer,Normal Metabolizer,Normal Function,2,Low
HG01080,AMR,PUR,Normal Metabolizer,Intermediate Metabolizer,Intermediate Metabolizer,Normal Metabolizer,Decreased Function,5,Moderate
HG01082,AMR,PUR,Normal Metabolizer,Intermediate Metabolizer,Intermediate Metabolizer,Normal Metabolizer,Normal Function,3,Moderate
HG01083,AMR,PUR,Normal Metabolizer,Normal Metabolizer,Normal Metabolizer,Normal Metabolizer,Normal Function,0,Low
HG01085,AMR,PUR,Normal Metabolizer,Normal Metabolizer,Intermediate Metabolizer,Normal Metabolizer,Normal Function,2,Low
HG01086,AMR,PUR,Normal Metabolizer,Intermediate Metabolizer,Intermediate Metabolizer,Normal Metabolizer,Normal Function,3,Moderate
HG01088,AMR,PUR,Normal Metabolizer,Normal Metabolizer,Intermediate Metabolizer,Normal Metabolizer,Normal Function,2,Low
HG01089,AMR,PUR,Intermediate Metabolizer,Normal Metabolizer,Intermediate Metabolizer,Normal Metabolizer,Normal Function,3,Moderate
HG01092,AMR,PUR,Normal Metabolizer,Intermediate Metabolizer,Normal Metabolizer,Normal Metabolizer,Normal Function,1,Low
HG01094,AMR,PUR,Normal Metabolizer,Normal Metabolizer,Normal Metabolizer,Normal Metabolizer,Decreased Function,2,Low
HG01095,AMR,PUR,Normal Metabolizer,Normal Metabolizer,Intermediate Metabolizer,Normal Metabolizer,Decreased Function,4,Moderate
HG01097,AMR,PUR,Normal Metabolizer,Intermediate Metabolizer,Normal Metabolizer,Normal Metabolizer,Decreased Function,3,Moderate
HG01098,AMR,PUR,Normal Metabolizer,Normal Metabolizer,Normal Metabolizer,Normal Metabolizer,Normal Function,0,Low
HG01101,AMR,PUR,Normal Metabolizer,Normal Metabolizer,Normal Metabolizer,Normal Metabolizer,Normal Function,0,Low
HG01102,AMR,PUR,Normal Metabolizer,Normal Metabolizer,Normal Metabolizer,Normal Metabolizer,Decreased Function,2,Low
HG01104,AMR,PUR,Normal Metabolizer,Normal Metabolizer,Normal Metabolizer,Intermediate Metabolizer,Decreased Function,3,Moderate
HG01105,AMR,PUR,Normal Metabolizer,Intermediate Metabolizer,Normal Metabolizer,Normal Metabolizer,Normal Function,1,Low
HG01107,AMR,PUR,Normal Metabolizer,Normal Metabolizer,Intermediate Metabolizer,Normal Metabolizer,Normal Function,2,Low
HG01108,AMR,PUR,Normal Metabolizer,Normal Metabolizer,Normal Metabolizer,Normal Metabolizer,Normal Function,0,Low
HG01110,AMR,PUR,Normal Metabolizer,Normal Metabolizer,Normal Metabolizer,Normal Metabolizer,Normal Function,0,Low
HG01111,AMR,PUR,Normal Metabolizer,Normal Metabolizer,Normal Metabolizer,Normal Metabolizer,Normal Function,0,Low
HG01112,AMR,CLM,Normal Metabolizer,Normal Metabolizer,Normal Metabolizer,Normal Metabolizer,Poor Function,3,Moderate
HG01113,AMR,CLM,Normal Metabolizer,Normal Metabolizer,Intermediate Metabolizer,Normal Metabolizer,Decreased Function,4,Moderate
HG01119,AMR,CLM,Normal Metabolizer,Normal Metabolizer,Intermediate Metabolizer,Normal Metabolizer,Normal Function,2,Low
HG01121,AMR,CLM,Normal Metabolizer,Normal Metabolizer,Intermediate Metabolizer,Normal Metabolizer,Decreased Function,4,Moderate
HG01122,AMR,CLM,Normal Metabolizer,Normal Metabolizer,Normal Metabolizer,Normal Metabolizer,Decreased Function,2,Low
HG01124,AMR,CLM,Normal Metabolizer,Normal Metabolizer,Normal Metabolizer,Normal Metabolizer,Decreased Function,2,Low
HG01125,AMR,CLM,Normal Metabolizer,Normal Metabolizer,Normal Metabolizer,Normal Metabolizer,Normal Function,0,Low
HG01130,AMR,CLM,Normal Metabolizer,Normal Metabolizer,Normal Metabolizer,Normal Metabolizer,Normal Function,0,Low
HG01131,AMR,CLM,Normal Metabolizer,Intermediate Metabolizer,Normal Metabolizer,Normal Metabolizer,Normal Function,1,Low
HG01133,AMR,CLM,Normal Metabolizer,Intermediate Metabolizer,Intermediate Metabolizer,Normal Metabolizer,Decreased Function,5,Moderate
HG01134,AMR,CLM,Normal Metabolizer,Normal Metabolizer,Normal Metabolizer,Normal Metabolizer,Normal Function,0,Low
HG01136,AMR,CLM,Normal Metabolizer,Normal Metabolizer,Normal Metabolizer,Intermediate Metabolizer,Normal Function,1,Low
HG01137,AMR,CLM,Normal Metabolizer,Normal Metabolizer,Normal Metabolizer,Normal Metabolizer,Normal Function,0,Low
HG01139,AMR,CLM,Normal Metabolizer,Normal Metabolizer,Intermediate Metabolizer,Normal Metabolizer,Normal Function,2,Low
HG01140,AMR,CLM,Normal Metabolizer,Normal Metabolizer,Intermediate Metabolizer,Normal Metabolizer,Normal Function,2,Low
HG01142,AMR,CLM,Normal Metabolizer,Intermediate Metabolizer,Intermediate Metabolizer,Normal Metabolizer,Normal Function,3,Moderate
HG01148,AMR,CLM,Normal Metabolizer,Intermediate Metabolizer,Normal Metabolizer,Normal Metabolizer,Normal Function,1,Low
HG01149,AMR,CLM,Normal Metabolizer,Normal Metabolizer,Intermediate Metabolizer,Normal Metabolizer,Normal Function,2,Low
HG01161,AMR,PUR,Normal Metabolizer,Normal Metabolizer,Normal Metabolizer,Normal Metabolizer,Normal Function,0,Low
HG01162,AMR,PUR,Normal Metabolizer,Normal Metabolizer,Normal Metabolizer,Normal Metabolizer,Normal Function,0,Low
HG01164,AMR,PUR,Normal Metabolizer,Normal Metabolizer,Intermediate Metabolizer,Normal Metabolizer,Normal Function,2,Low
HG01167,AMR,PUR,Normal Metabolizer,Normal Metabolizer,Normal Metabolizer,Normal Metabolizer,Normal Function,0,Low
HG01168,AMR,PUR,Normal Metabolizer,Normal Metabolizer,Normal Metabolizer,Normal Metabolizer,Normal Function,0,Low
HG01170,AMR,PUR,Normal Metabolizer,Normal Metabolizer,Normal Metabolizer,Normal Metabolizer,Normal Function,0,Low
HG01171,AMR,PUR,Normal Metabolizer,Intermediate Metabolizer,Intermediate Metabolizer,Normal Metabolizer,Decreased Function,5,Moderate
HG01173,AMR,PUR,Normal Metabolizer,Normal Metabolizer,Normal Metabolizer,Normal Metabolizer,Normal Function,0,Low
HG01174,AMR,PUR,Normal Metabolizer,Intermediate Metabolizer,Normal Metabolizer,Normal Metabolizer,Normal Function,1,Low
HG01176,AMR,PUR,Normal Metabolizer,Normal Metabolizer,Intermediate Metabolizer,Normal Metabolizer,Decreased Function,4,Moderate
HG01177,AMR,PUR,Normal Metabolizer,Normal Metabolizer,Intermediate Metabolizer,Normal Metabolizer,Normal Function,2,Low
HG01182,AMR,PUR,Normal Metabolizer,Normal Metabolizer,Normal Metabolizer,Normal Metabolizer,Normal Function,0,Low
HG01183,AMR,PUR,Normal Metabolizer,Normal Metabolizer,Normal Metabolizer,Intermediate Metabolizer,Normal Function,1,Low
HG01187,AMR,PUR,Normal Metabolizer,Normal Metabolizer,Normal Metabolizer,Normal Metabolizer,Normal Function,0,Low
HG01188,AMR,PUR,Normal Metabolizer,Normal Metabolizer,Intermediate Metabolizer,Normal Metabolizer,Normal Function,2,Low
HG01190,AMR,PUR,Normal Metabolizer,Intermediate Metabolizer,Intermediate Metabolizer,Intermediate Metabolizer,Normal Function,4,Moderate
HG01191,AMR,PUR,Normal Metabolizer,Intermediate Metabolizer,Normal Metabolizer,Normal Metabolizer,Decreased Function,3,Moderate
HG01197,AMR,PUR,Normal Metabolizer,Normal Metabolizer,Normal Metabolizer,Normal Metabolizer,Normal Function,0,Low
HG01198,AMR,PUR,Normal Metabolizer,Normal Metabolizer,Intermediate Metabolizer,Normal Metabolizer,Decreased Function,4,Moderate
HG01200,AMR,PUR,Normal Metabolizer,Normal Metabolizer,Normal Metabolizer,Normal Metabolizer,Normal Function,0,Low
HG01204,AMR,PUR,Normal Metabolizer,Normal Metabolizer,Intermediate Metabolizer,Normal Metabolizer,Normal Function,2,Low
HG01205,AMR,PUR,Normal Metabolizer,Normal Metabolizer,Normal Metabolizer,Normal Metabolizer,Decreased Function,2,Low
HG01241,AMR,PUR,Normal Metabolizer,Normal Metabolizer,Intermediate Metabolizer,Normal Metabolizer,Normal Function,2,Low
HG01242,AMR,PUR,Normal Metabolizer,Normal Metabolizer,Normal Metabolizer,Normal Metabolizer,Normal Function,0,Low
HG01247,AMR,PUR,Normal Metabolizer,Normal Metabolizer,Intermediate Metabolizer,Normal Metabolizer,Normal Function,2,Low
HG01248,AMR,PUR,Normal Metabolizer,Normal Metabolizer,Intermediate Metabolizer,Normal Metabolizer,Normal Function,2,Low
HG01250,AMR,CLM,Normal Metabolizer,Normal Metabolizer,Normal Metabolizer,Normal Metabolizer,Normal Function,0,Low
HG01251,AMR,CLM,Normal Metabolizer,Normal Metabolizer,Intermediate Metabolizer,Normal Metabolizer,Decreased Function,4,Moderate
HG01253,AMR,CLM,Normal Metabolizer,Normal Metabolizer,Intermediate Metabolizer,Normal Metabolizer,Poor Function,5,Moderate
HG01254,AMR,CLM,Normal Metabolizer,Normal Metabolizer,Intermediate Metabolizer,Normal Metabolizer,Decreased Function,4,Moderate
HG01256,AMR,CLM,Normal Metabolizer,Normal Metabolizer,Intermediate Metabolizer,Normal Metabolizer,Normal Function,2,Low
HG01257,AMR,CLM,Normal Metabolizer,Normal Metabolizer,Intermediate Metabolizer,Normal Metabolizer,Decreased Function,4,Moderate
HG01259,AMR,CLM,Normal Metabolizer,Normal Metabolizer,Normal Metabolizer,Normal Metabolizer,Decreased Function,2,Low
HG01260,AMR,CLM,Normal Metabolizer,Intermediate Metabolizer,Intermediate Metabolizer,Normal Metabolizer,Normal Function,3,Moderate
HG01269,AMR,CLM,Normal Metabolizer,Normal Metabolizer,Normal Metabolizer,Normal Metabolizer,Normal Function,0,Low
HG01271,AMR,CLM,Normal Metabolizer,Normal Metabolizer,Normal Metabolizer,Intermediate Metabolizer,Normal Function,1,Low
HG01272,AMR,CLM,Normal Metabolizer,Normal Metabolizer,Intermediate Metabolizer,Normal Metabolizer,Normal Function,2,Low
HG01275,AMR,CLM,Normal Metabolizer,Intermediate Metabolizer,Intermediate Metabolizer,Normal Metabolizer,Decreased Function,5,Moderate
HG01277,AMR,CLM,Normal Metabolizer,Normal Metabolizer,Normal Metabolizer,Normal Metabolizer,Normal Function,0,Low
HG01280,AMR,CLM,Normal Metabolizer,Normal Metabolizer,Intermediate Metabolizer,Normal Metabolizer,Decreased Function,4,Moderate
HG01281,AMR,CLM,Normal Metabolizer,Intermediate Metabolizer,Normal Metabolizer,Intermediate Metabolizer,Normal Function,2,Low
HG01284,AMR,CLM,Normal Metabolizer,Normal Metabolizer,Normal Metabolizer,Normal Metabolizer,Normal Function,0,Low
HG01286,AMR,PUR,Normal Metabolizer,Intermediate Metabolizer,Normal Metabolizer,Normal Metabolizer,Normal Function,1,Low
HG01302,AMR,PUR,Normal Metabolizer,Intermediate Metabolizer,Normal Metabolizer,Normal Metabolizer,Decreased Function,3,Moderate
HG01303,AMR,PUR,Normal Metabolizer,Normal Metabolizer,Intermediate Metabolizer,Normal Metabolizer,Poor Function,5,Moderate
HG01305,AMR,PUR,Normal Metabolizer,Normal Metabolizer,Normal Metabolizer,Normal Metabolizer,Normal Function,0,Low
HG01308,AMR,PUR,Normal Metabolizer,Normal Metabolizer,Normal Metabolizer,Intermediate Metabolizer,Normal Function,1,Low
HG01311,AMR,PUR,Normal Metabolizer,Normal Metabolizer,Intermediate Metabolizer,Normal Metabolizer,Normal Function,2,Low
HG01312,AMR,PUR,Normal Metabolizer,Normal Metabolizer,Intermediate Metabolizer,Normal Metabolizer,Normal Function,2,Low
HG01323,AMR,PUR,Normal Metabolizer,Normal Metabolizer,Intermediate Metabolizer,Normal Metabolizer,Normal Function,2,Low
HG01325,AMR,PUR,Normal Metabolizer,Poor Metabolizer,Intermediate Metabolizer,Normal Metabolizer,Normal Function,4,Moderate
HG01326,AMR,PUR,Normal Metabolizer,Normal Metabolizer,Intermediate Metabolizer,Normal Metabolizer,Normal Function,2,Low
HG01334,EUR,GBR,Normal Metabolizer,Normal Metabolizer,Normal Metabolizer,Intermediate Metabolizer,Decreased Function,3,Moderate
HG01341,AMR,CLM,Normal Metabolizer,Normal Metabolizer,Normal Metabolizer,Normal Metabolizer,Normal Function,0,Low
HG01342,AMR,CLM,Normal Metabolizer,Intermediate Metabolizer,Intermediate Metabolizer,Normal Metabolizer,Decreased Function,5,Moderate
HG01344,AMR,CLM,Normal Metabolizer,Normal Metabolizer,Normal Metabolizer,Normal Metabolizer,Decreased Function,2,Low
HG01345,AMR,CLM,Normal Metabolizer,Normal Metabolizer,Intermediate Metabolizer,Normal Metabolizer,Normal Function,2,Low
HG01348,AMR,CLM,Normal Metabolizer,Intermediate Metabolizer,Normal Metabolizer,Normal Metabolizer,Normal Function,1,Low
HG01350,AMR,CLM,Normal Metabolizer,Normal Metabolizer,Normal Metabolizer,Normal Metabolizer,Normal Function,0,Low
HG01351,AMR,CLM,Normal Metabolizer,Normal Metabolizer,Intermediate Metabolizer,Normal Metabolizer,Decreased Function,4,Moderate
HG01353,AMR,CLM,Normal Metabolizer,Normal Metabolizer,Normal Metabolizer,Normal Metabolizer,Normal Function,0,Low
HG01354,AMR,CLM,Normal Metabolizer,Intermediate Metabolizer,Normal Metabolizer,Normal Metabolizer,Normal Function,1,Low
HG01356,AMR,CLM,Normal Metabolizer,Normal Metabolizer,Intermediate Metabolizer,Normal Metabolizer,Decreased Function,4,Moderate
HG01357,AMR,CLM,Normal Metabolizer,Intermediate Metabolizer,Normal Metabolizer,Normal Metabolizer,Normal Function,1,Low
HG01359,AMR,CLM,Normal Metabolizer,Normal Metabolizer,Normal Metabolizer,Normal Metabolizer,Normal Function,0,Low
HG01360,AMR,CLM,Normal Metabolizer,Intermediate Metabolizer,Normal Metabolizer,Normal Metabolizer,Normal Function,1,Low
HG01362,AMR,CLM,Normal Metabolizer,Normal Metabolizer,Normal Metabolizer,Normal Metabolizer,Decreased Function,2,Low
HG01363,AMR,CLM,Normal Metabolizer,Normal Metabolizer,Normal Metabolizer,Normal Metabolizer,Normal Function,0,Low
HG01365,AMR,CLM,Normal Metabolizer,Normal Metabolizer,Intermediate Metabolizer,Normal Metabolizer,Normal Function,2,Low
HG01366,AMR,CLM,Normal Metabolizer,Normal Metabolizer,Normal Metabolizer,Normal Metabolizer,Normal Function,0,Low
HG01369,AMR,CLM,Normal Metabolizer,Normal Metabolizer,Intermediate Metabolizer,Normal Metabolizer,Normal Function,2,Low
HG01372,AMR,CLM,Normal Metabolizer,Normal Metabolizer,Intermediate Metabolizer,Normal Metabolizer,Normal Function,2,Low
HG01374,AMR,CLM,Normal Metabolizer,Normal Metabolizer,Normal Metabolizer,Normal Metabolizer,Normal Function,0,Low
HG01375,AMR,CLM,Normal Metabolizer,Normal Metabolizer,Intermediate Metabolizer,Normal Metabolizer,Decreased Function,4,Moderate
HG01377,AMR,CLM,Normal Metabolizer,Normal Metabolizer,Normal Metabolizer,Normal Metabolizer,Decreased Function,2,Low
HG01378,AMR,CLM,Normal Metabolizer,Intermediate Metabolizer,Normal Metabolizer,Normal Metabolizer,Normal Function,1,Low
HG01383,AMR,CLM,Normal Metabolizer,Intermediate Metabolizer,Normal Metabolizer,Normal Metabolizer,Decreased Function,3,Moderate
HG01384,AMR,CLM,Normal Metabolizer,Normal Metabolizer,Normal Metabolizer,Normal Metabolizer,Normal Function,0,Low
HG01389,AMR,CLM,Normal Metabolizer,Intermediate Metabolizer,Intermediate Metabolizer,Normal Metabolizer,Normal Function,3,Moderate
HG01390,AMR,CLM,Normal Metabolizer,Normal Metabolizer,Normal Metabolizer,Normal Metabolizer,Normal Function,0,Low
HG01392,AMR,PUR,Normal Metabolizer,Normal Metabolizer,Normal Metabolizer,Normal Metabolizer,Decreased Function,2,Low
HG01393,AMR,PUR,Normal Metabolizer,Normal Metabolizer,Normal Metabolizer,Normal Metabolizer,Normal Function,0,Low
HG01395,AMR,PUR,Normal Metabolizer,Normal Metabolizer,Normal Metabolizer,Normal Metabolizer,Decreased Function,2,Low
HG01396,AMR,PUR,Normal Metabolizer,Intermediate Metabolizer,Normal Metabolizer,Normal Metabolizer,Decreased Function,3,Moderate
HG01398,AMR,PUR,Normal Metabolizer,Normal Metabolizer,Intermediate Metabolizer,Normal Metabolizer,Normal Function,2,Low
HG01402,AMR,PUR,Normal Metabolizer,Normal Metabolizer,Normal Metabolizer,Normal Metabolizer,Normal Function,0,Low
HG01403,AMR,PUR,Normal Metabolizer,Normal Metabolizer,Intermediate Metabolizer,Normal Metabolizer,Normal Function,2,Low
HG01405,AMR,PUR,Normal Metabolizer,Intermediate Metabolizer,Intermediate Metabolizer,Normal Metabolizer,Normal Function,3,Moderate
HG01412,AMR,PUR,Normal Metabolizer,Normal Metabolizer,Normal Metabolizer,Normal Metabolizer,Normal Function,0,Low
HG01413,AMR,PUR,Normal Metabolizer,Normal Metabolizer,Intermediate Metabolizer,Normal Metabolizer,Normal Function,2,Low
HG01414,AMR,PUR,Normal Metabolizer,Normal Metabolizer,Normal Metabolizer,Normal Metabolizer,Normal Function,0,Low
HG01431,AMR,CLM,Normal Metabolizer,Intermediate Metabolizer,Normal Metabolizer,Normal Metabolizer,Normal Function,1,Low
HG01432,AMR,CLM,Normal Metabolizer,Normal Metabolizer,Normal Metabolizer,Normal Metabolizer,Normal Function,0,Low
HG01435,AMR,CLM,Normal Metabolizer,Normal Metabolizer,Intermediate Metabolizer,Normal Metabolizer,Normal Function,2,Low
HG01437,AMR,CLM,Normal Metabolizer,Normal Metabolizer,Intermediate Metabolizer,Normal Metabolizer,Normal Function,2,Low
HG01438,AMR,CLM,Normal Metabolizer,Normal Metabolizer,Normal Metabolizer,Normal Metabolizer,Decreased Function,2,Low
HG01440,AMR,CLM,Normal Metabolizer,Intermediate Metabolizer,Normal Metabolizer,Normal Metabolizer,Normal Function,1,Low
HG01441,AMR,CLM,Normal Metabolizer,Normal Metabolizer,Intermediate Metabolizer,Intermediate Metabolizer,Normal Function,3,Moderate
HG01443,AMR,CLM,Normal Metabolizer,Normal Metabolizer,Intermediate Metabolizer,Normal Metabolizer,Normal Function,2,Low
HG01444,AMR,CLM,Normal Metabolizer,Intermediate Metabolizer,Intermediate Metabolizer,Normal Metabolizer,Normal Function,3,Moderate
HG01447,AMR,CLM,Normal Metabolizer,Normal Metabolizer,Intermediate Metabolizer,Normal Metabolizer,Normal Function,2,Low
HG01455,AMR,CLM,Normal Metabolizer,Normal Metabolizer,Intermediate Metabolizer,Normal Metabolizer,Poor Function,5,Moderate
HG01456,AMR,CLM,Normal Metabolizer,Normal Metabolizer,Normal Metabolizer,Normal Metabolizer,Normal Function,0,Low
HG01459,AMR,CLM,Normal Metabolizer,Intermediate Metabolizer,Normal Metabolizer,Normal Metabolizer,Normal Function,1,Low
HG01461,AMR,CLM,Normal Metabolizer,Normal Metabolizer,Normal Metabolizer,Normal Metabolizer,Normal Function,0,Low
HG01462,AMR,CLM,Normal Metabolizer,Normal Metabolizer,Normal Metabolizer,Normal Metabolizer,Normal Function,0,Low
HG01464,AMR,CLM,Normal Metabolizer,Intermediate Metabolizer,Normal Metabolizer,Normal Metabolizer,Normal Function,1,Low
HG01465,AMR,CLM,Normal Metabolizer,Normal Metabolizer,Intermediate Metabolizer,Normal Metabolizer,Normal Function,2,Low
HG01468,AMR,CLM,Normal Metabolizer,Normal Metabolizer,Normal Metabolizer,Normal Metabolizer,Normal Function,0,Low
HG01474,AMR,CLM,Normal Metabolizer,Intermediate Metabolizer,Normal Metabolizer,Normal Metabolizer,Normal Function,1,Low
HG01479,AMR,CLM,Normal Metabolizer,Normal Metabolizer,Normal Metabolizer,Intermediate Metabolizer,Normal Function,1,Low
HG01485,AMR,CLM,Normal Metabolizer,Intermediate Metabolizer,Normal Metabolizer,Normal Metabolizer,Normal Function,1,Low
HG01486,AMR,CLM,Normal Metabolizer,Normal Metabolizer,Intermediate Metabolizer,Normal Metabolizer,Normal Function,2,Low
HG01488,AMR,CLM,Normal Metabolizer,Intermediate Metabolizer,Normal Metabolizer,Normal Metabolizer,Normal Function,1,Low
HG01489,AMR,CLM,Normal Metabolizer,Normal Metabolizer,Intermediate Metabolizer,Normal Metabolizer,Normal Function,2,Low
HG01491,AMR,CLM,Normal Metabolizer,Normal Metabolizer,Normal Metabolizer,Normal Metabolizer,Decreased Function,2,Low
HG01492,AMR,CLM,Normal Metabolizer,Normal Metabolizer,Normal Metabolizer,Normal Metabolizer,Decreased Function,2,Low
HG01494,AMR,CLM,Normal Metabolizer,Normal Metabolizer,Normal Metabolizer,Normal Metabolizer,Decreased Function,2,Low
HG01495,AMR,CLM,Normal Metabolizer,Normal Metabolizer,Intermediate Metabolizer,Normal Metabolizer,Decreased Function,4,Moderate
HG01497,AMR,CLM,Normal Metabolizer,Normal Metabolizer,Intermediate Metabolizer,Normal Metabolizer,Normal Function,2,Low
HG01498,AMR,CLM,Normal Metabolizer,Normal Metabolizer,Intermediate Metabolizer,Normal Metabolizer,Decreased Function,4,Moderate
HG01500,EUR,IBS,Normal Metabolizer,Normal Metabolizer,Normal Metabolizer,Normal Metabolizer,Decreased Function,2,Low
HG01501,EUR,IBS,Normal Metabolizer,Normal Metabolizer,Normal Metabolizer,Intermediate Metabolizer,Normal Function,1,Low
HG01503,EUR,IBS,Normal Metabolizer,Normal Metabolizer,Intermediate Metabolizer,Intermediate Metabolizer,Decreased Function,5,Moderate
HG01504,EUR,IBS,Normal Metabolizer,Normal Metabolizer,Intermediate Metabolizer,Normal Metabolizer,Normal Function,2,Low
HG01506,EUR,IBS,Normal Metabolizer,Intermediate Metabolizer,Normal Metabolizer,Normal Metabolizer,Normal Function,1,Low
HG01507,EUR,IBS,Normal Metabolizer,Normal Metabolizer,Normal Metabolizer,Normal Metabolizer,Decreased Function,2,Low
HG01509,EUR,IBS,Normal Metabolizer,Normal Metabolizer,Normal Metabolizer,Normal Metabolizer,Decreased Function,2,Low
HG01510,EUR,IBS,Normal Metabolizer,Normal Metabolizer,Intermediate Metabolizer,Normal Metabolizer,Normal Function,2,Low
HG01512,EUR,IBS,Normal Metabolizer,Normal Metabolizer,Normal Metabolizer,Normal Metabolizer,Normal Function,0,Low
HG01513,EUR,IBS,Normal Metabolizer,Normal Metabolizer,Intermediate Metabolizer,Normal Metabolizer,Decreased Function,4,Moderate
HG01515,EUR,IBS,Normal Metabolizer,Normal Metabolizer,Intermediate Metabolizer,Normal Metabolizer,Normal Function,2,Low
HG01516,EUR,IBS,Normal Metabolizer,Normal Metabolizer,Normal Metabolizer,Normal Metabolizer,Normal Function,0,Low
HG01518,EUR,IBS,Normal Metabolizer,Normal Metabolizer,Normal Metabolizer,Normal Metabolizer,Normal Function,0,Low
HG01519,EUR,IBS,Normal Metabolizer,Intermediate Metabolizer,Intermediate Metabolizer,Normal Metabolizer,Normal Function,3,Moderate
HG01521,EUR,IBS,Normal Metabolizer,Normal Metabolizer,Normal Metabolizer,Normal Metabolizer,Normal Function,0,Low
HG01522,EUR,IBS,Normal Metabolizer,Intermediate Metabolizer,Normal Metabolizer,Normal Metabolizer,Normal Function,1,Low
HG01524,EUR,IBS,Normal Metabolizer,Normal Metabolizer,Normal Metabolizer,Normal Metabolizer,Decreased Function,2,Low
HG01525,EUR,IBS,Normal Metabolizer,Normal Metabolizer,Intermediate Metabolizer,Normal Metabolizer,Normal Function,2,Low
HG01527,EUR,IBS,Normal Metabolizer,Normal Metabolizer,Normal Metabolizer,Normal Metabolizer,Normal Function,0,Low
HG01528,EUR,IBS,Normal Metabolizer,Normal Metabolizer,Normal Metabolizer,Normal Metabolizer,Normal Function,0,Low
HG01530,EUR,IBS,Normal Metabolizer,Intermediate Metabolizer,Intermediate Metabolizer,Normal Metabolizer,Decreased Function,5,Moderate
HG01531,EUR,IBS,Normal Metabolizer,Normal Metabolizer,Normal Metabolizer,Normal Metabolizer,Normal Function,0,Low
HG01536,EUR,IBS,Normal Metabolizer,Intermediate Metabolizer,Intermediate Metabolizer,Normal Metabolizer,Decreased Function,5,Moderate
HG01537,EUR,IBS,Normal Metabolizer,Normal Metabolizer,Normal Metabolizer,Normal Metabolizer,Normal Function,0,Low
HG01550,AMR,CLM,Normal Metabolizer,Normal Metabolizer,Normal Metabolizer,Intermediate Metabolizer,Decreased Function,3,Moderate
HG01551,AMR,CLM,Normal Metabolizer,Normal Metabolizer,Normal Metabolizer,Normal Metabolizer,Decreased Function,2,Low
HG01556,AMR,CLM,Normal Metabolizer,Normal Metabolizer,Normal Metabolizer,Normal Metabolizer,Decreased Function,2,Low
HG01565,AMR,PEL,Normal Metabolizer,Normal Metabolizer,Normal Metabolizer,Normal Metabolizer,Normal Function,0,Low
HG01566,AMR,PEL,Normal Metabolizer,Normal Metabolizer,Normal Metabolizer,Intermediate Metabolizer,Normal Function,1,Low
HG01571,AMR,PEL,Normal Metabolizer,Normal Metabolizer,Normal Metabolizer,Normal Metabolizer,Normal Function,0,Low
HG01572,AMR,PEL,Normal Metabolizer,Normal Metabolizer,Normal Metabolizer,Normal Metabolizer,Decreased Function,2,Low
HG01577,AMR,PEL,Normal Metabolizer,Normal Metabolizer,Normal Metabolizer,Normal Metabolizer,Poor Function,3,Moderate
HG01578,AMR,PEL,Normal Metabolizer,Normal Metabolizer,Normal Metabolizer,Normal Metabolizer,Normal Function,0,Low
HG01583,SAS,PJL,Normal Metabolizer,Normal Metabolizer,Normal Metabolizer,Normal Metabolizer,Normal Function,0,Low
HG01586,SAS,PJL,Normal Metabolizer,Normal Metabolizer,Normal Metabolizer,Normal Metabolizer,Normal Function,0,Low
HG01589,SAS,PJL,Normal Metabolizer,Normal Metabolizer,Normal Metabolizer,Intermediate Metabolizer,Normal Function,1,Low
HG01593,SAS,PJL,Normal Metabolizer,Normal Metabolizer,Normal Metabolizer,Normal Metabolizer,Normal Function,0,Low
HG01595,EAS,KHV,Normal Metabolizer,Normal Metabolizer,Intermediate Metabolizer,Intermediate Metabolizer,Normal Function,3,Moderate
HG01596,EAS,KHV,Normal Metabolizer,Normal Metabolizer,Intermediate Metabolizer,Intermediate Metabolizer,Decreased Function,5,Moderate
HG01597,EAS,KHV,Normal Metabolizer,Normal Metabolizer,Normal Metabolizer,Intermediate Metabolizer,Normal Function,1,Low
HG01598,EAS,KHV,Normal Metabolizer,Normal Metabolizer,Intermediate Metabolizer,Normal Metabolizer,Normal Function,2,Low
HG01599,EAS,KHV,Normal Metabolizer,Normal Metabolizer,Normal Metabolizer,Normal Metabolizer,Normal Function,0,Low
HG01600,EAS,KHV,Normal Metabolizer,Normal Metabolizer,Intermediate Metabolizer,Intermediate Metabolizer,Normal Function,3,Moderate
HG01602,EUR,IBS,Normal Metabolizer,Normal Metabolizer,Intermediate Metabolizer,Normal Metabolizer,Normal Function,2,Low
HG01603,EUR,IBS,Normal Metabolizer,Normal Metabolizer,Normal Metabolizer,Normal Metabolizer,Normal Function,0,Low
HG01605,EUR,IBS,Normal Metabolizer,Intermediate Metabolizer,Normal Metabolizer,Normal Metabolizer,Normal Function,1,Low
HG01606,EUR,IBS,Normal Metabolizer,Normal Metabolizer,Normal Metabolizer,Normal Metabolizer,Normal Function,0,Low
HG01607,EUR,IBS,Normal Metabolizer,Normal Metabolizer,Normal Metabolizer,Normal Metabolizer,Normal Function,0,Low
HG01608,EUR,IBS,Normal Metabolizer,Normal Metabolizer,Intermediate Metabolizer,Normal Metabolizer,Normal Function,2,Low
HG01610,EUR,IBS,Normal Metabolizer,Normal Metabolizer,Normal Metabolizer,Normal Metabolizer,Normal Function,0,Low
HG01612,EUR,IBS,Normal Metabolizer,Normal Metabolizer,Intermediate Metabolizer,Normal Metabolizer,Decreased Function,4,Moderate
HG01613,EUR,IBS,Normal Metabolizer,Normal Metabolizer,Intermediate Metabolizer,Normal Metabolizer,Normal Function,2,Low
HG01615,EUR,IBS,Normal Metabolizer,Normal Metabolizer,Normal Metabolizer,Normal Metabolizer,Normal Function,0,Low
HG01617,EUR,IBS,Normal Metabolizer,Normal Metabolizer,Intermediate Metabolizer,Normal Metabolizer,Normal Function,2,Low
HG01618,EUR,IBS,Normal Metabolizer,Intermediate Metabolizer,Normal Metabolizer,Normal Metabolizer,Normal Function,1,Low
HG01619,EUR,IBS,Normal Metabolizer,Normal Metabolizer,Normal Metabolizer,Normal Metabolizer,Normal Function,0,Low
HG01620,EUR,IBS,Normal Metabolizer,Normal Metabolizer,Intermediate Metabolizer,Normal Metabolizer,Normal Function,2,Low
HG01623,EUR,IBS,Normal Metabolizer,Intermediate Metabolizer,Normal Metabolizer,Normal Metabolizer,Normal Function,1,Low
HG01624,EUR,IBS,Normal Metabolizer,Normal Metabolizer,Normal Metabolizer,Normal Metabolizer,Normal Function,0,Low
HG01625,EUR,IBS,Normal Metabolizer,Normal Metabolizer,Normal Metabolizer,Normal Metabolizer,Normal Function,0,Low
HG01626,EUR,IBS,Normal Metabolizer,Normal Metabolizer,Normal Metabolizer,Normal Metabolizer,Normal Function,0,Low
HG01628,EUR,IBS,Normal Metabolizer,Normal Metabolizer,Normal Metabolizer,Normal Metabolizer,Normal Function,0,Low
HG01630,EUR,IBS,Normal Metabolizer,Intermediate Metabolizer,Normal Metabolizer,Normal Metabolizer,Normal Function,1,Low
HG01631,EUR,IBS,Normal Metabolizer,Normal Metabolizer,Normal Metabolizer,Intermediate Metabolizer,Normal Function,1,Low
HG01632,EUR,IBS,Normal Metabolizer,Normal Metabolizer,Normal Metabolizer,Normal Metabolizer,Normal Function,0,Low
HG01668,EUR,IBS,Normal Metabolizer,Intermediate Metabolizer,Normal Metabolizer,Normal Metabolizer,Decreased Function,3,Moderate
HG01669,EUR,IBS,Normal Metabolizer,Intermediate Metabolizer,Intermediate Metabolizer,Normal Metabolizer,Normal Function,3,Moderate
HG01670,EUR,IBS,Normal Metabolizer,Normal Metabolizer,Normal Metabolizer,Normal Metabolizer,Normal Function,0,Low
HG01672,EUR,IBS,Normal Metabolizer,Normal Metabolizer,Normal Metabolizer,Normal Metabolizer,Normal Function,0,Low
HG01673,EUR,IBS,Normal Metabolizer,Normal Metabolizer,Normal Metabolizer,Normal Metabolizer,Normal Function,0,Low
HG01675,EUR,IBS,Normal Metabolizer,Normal Metabolizer,Normal Metabolizer,Normal Metabolizer,Decreased Function,2,Low
HG01676,EUR,IBS,Normal Metabolizer,Normal Metabolizer,Normal Metabolizer,Normal Metabolizer,Decreased Function,2,Low
HG01678,EUR,IBS,Normal Metabolizer,Normal Metabolizer,Normal Metabolizer,Normal Metabolizer,Normal Function,0,Low
HG01679,EUR,IBS,Normal Metabolizer,Intermediate Metabolizer,Intermediate Metabolizer,Normal Metabolizer,Normal Function,3,Moderate
HG01680,EUR,IBS,Normal Metabolizer,Intermediate Metabolizer,Intermediate Metabolizer,Normal Metabolizer,Normal Function,3,Moderate
HG01682,EUR,IBS,Normal Metabolizer,Poor Metabolizer,Intermediate Metabolizer,Normal Metabolizer,Normal Function,4,Moderate
HG01684,EUR,IBS,Normal Metabolizer,Normal Metabolizer,Normal Metabolizer,Normal Metabolizer,Normal Function,0,Low
HG01685,EUR,IBS,Normal Metabolizer,Normal Metabolizer,Normal Metabolizer,Normal Metabolizer,Decreased Function,2,Low
HG01686,EUR,IBS,Normal Metabolizer,Normal Metabolizer,Intermediate Metabolizer,Normal Metabolizer,Decreased Function,4,Moderate
HG01694,EUR,IBS,Normal Metabolizer,Intermediate Metabolizer,Normal Metabolizer,Normal Metabolizer,Normal Function,1,Low
HG01695,EUR,IBS,Normal Metabolizer,Intermediate Metabolizer,Intermediate Metabolizer,Normal Metabolizer,Normal Function,3,Moderate
HG01697,EUR,IBS,Normal Metabolizer,Normal Metabolizer,Normal Metabolizer,Normal Metabolizer,Normal Function,0,Low
HG01699,EUR,IBS,Normal Metabolizer,Intermediate Metabolizer,Normal Metabolizer,Normal Metabolizer,Decreased Function,3,Moderate
HG01700,EUR,IBS,Normal Metabolizer,Normal Metabolizer,Normal Metabolizer,Normal Metabolizer,Normal Function,0,Low
HG01702,EUR,IBS,Normal Metabolizer,Intermediate Metabolizer,Normal Metabolizer,Normal Metabolizer,Normal Function,1,Low
HG01704,EUR,IBS,Normal Metabolizer,Normal Metabolizer,Normal Metabolizer,Normal Metabolizer,Normal Function,0,Low
HG01705,EUR,IBS,Normal Metabolizer,Normal Metabolizer,Normal Metabolizer,Normal Metabolizer,Normal Function,0,Low
HG01707,EUR,IBS,Normal Metabolizer,Normal Metabolizer,Normal Metabolizer,Normal Metabolizer,Normal Function,0,Low
HG01708,EUR,IBS,Normal Metabolizer,Normal Metabolizer,Normal Metabolizer,Normal Metabolizer,Normal Function,0,Low
HG01709,EUR,IBS,Normal Metabolizer,Normal Metabolizer,Intermediate Metabolizer,Normal Metabolizer,Normal Function,2,Low
HG01710,EUR,IBS,Normal Metabolizer,Normal Metabolizer,Normal Metabolizer,Normal Metabolizer,Decreased Function,2,Low
HG01746,EUR,IBS,Normal Metabolizer,Normal Metabolizer,Intermediate Metabolizer,Normal Metabolizer,Normal Function,2,Low
HG01747,EUR,IBS,Normal Metabolizer,Normal Metabolizer,Intermediate Metabolizer,Normal Metabolizer,Normal Function,2,Low
HG01756,EUR,IBS,Normal Metabolizer,Poor Metabolizer,Normal Metabolizer,Normal Metabolizer,Normal Function,2,Low
HG01757,EUR,IBS,Normal Metabolizer,Normal Metabolizer,Normal Metabolizer,Normal Metabolizer,Normal Function,0,Low
HG01761,EUR,IBS,Normal Metabolizer,Intermediate Metabolizer,Normal Metabolizer,Normal Metabolizer,Normal Function,1,Low
HG01762,EUR,IBS,Normal Metabolizer,Intermediate Metabolizer,Normal Metabolizer,Normal Metabolizer,Normal Function,1,Low
HG01765,EUR,IBS,Normal Metabolizer,Poor Metabolizer,Intermediate Metabolizer,Normal Metabolizer,Normal Function,4,Moderate
HG01766,EUR,IBS,Normal Metabolizer,Normal Metabolizer,Intermediate Metabolizer,Normal Metabolizer,Decreased Function,4,Moderate
HG01767,EUR,IBS,Normal Metabolizer,Intermediate Metabolizer,Normal Metabolizer,Normal Metabolizer,Normal Function,1,Low
HG01768,EUR,IBS,Normal Metabolizer,Normal Metabolizer,Normal Metabolizer,Normal Metabolizer,Normal Function,0,Low
HG01770,EUR,IBS,Normal Metabolizer,Normal Metabolizer,Normal Metabolizer,Normal Metabolizer,Normal Function,0,Low
HG01771,EUR,IBS,Normal Metabolizer,Intermediate Metabolizer,Intermediate Metabolizer,Normal Metabolizer,Decreased Function,5,Moderate
HG01773,EUR,IBS,Normal Metabolizer,Normal Metabolizer,Normal Metabolizer,Normal Metabolizer,Normal Function,0,Low
HG01775,EUR,IBS,Normal Metabolizer,Normal Metabolizer,Normal Metabolizer,Normal Metabolizer,Normal Function,0,Low
HG01776,EUR,IBS,Normal Metabolizer,Normal Metabolizer,Normal Metabolizer,Normal Metabolizer,Normal Function,0,Low
HG01777,EUR,IBS,Normal Metabolizer,Normal Metabolizer,Intermediate Metabolizer,Intermediate Metabolizer,Normal Function,3,Moderate
HG01779,EUR,IBS,Normal Metabolizer,Intermediate Metabolizer,Intermediate Metabolizer,Normal Metabolizer,Decreased Function,5,Moderate
HG01781,EUR,IBS,Normal Metabolizer,Normal Metabolizer,Normal Metabolizer,Normal Metabolizer,Normal Function,0,Low
HG01783,EUR,IBS,Normal Metabolizer,Normal Metabolizer,Normal Metabolizer,Normal Metabolizer,Normal Function,0,Low
HG01784,EUR,IBS,Normal Metabolizer,Normal Metabolizer,Intermediate Metabolizer,Normal Metabolizer,Normal Function,2,Low
HG01785,EUR,IBS,Normal Metabolizer,Normal Metabolizer,Intermediate Metabolizer,Normal Metabolizer,Normal Function,2,Low
HG01786,EUR,IBS,Normal Metabolizer,Normal Metabolizer,Intermediate Metabolizer,Normal Metabolizer,Normal Function,2,Low
HG01789,EUR,GBR,Normal Metabolizer,Intermediate Metabolizer,Intermediate Metabolizer,Normal Metabolizer,Decreased Function,5,Moderate
HG01790,EUR,GBR,Normal Metabolizer,Normal Metabolizer,Normal Metabolizer,Normal Metabolizer,Normal Function,0,Low
HG01791,EUR,GBR,Normal Metabolizer,Normal Metabolizer,Normal Metabolizer,Normal Metabolizer,Normal Function,0,Low
HG01794,EAS,CDX,Normal Metabolizer,Normal Metabolizer,Intermediate Metabolizer,Intermediate Metabolizer,Normal Function,3,Moderate
HG01795,EAS,CDX,Normal Metabolizer,Normal Metabolizer,Intermediate Metabolizer,Intermediate Metabolizer,Normal Function,3,Moderate
HG01796,EAS,CDX,Normal Metabolizer,Normal Metabolizer,Normal Metabolizer,Intermediate Metabolizer,Normal Function,1,Low
HG01797,EAS,CDX,Normal Metabolizer,Normal Metabolizer,Normal Metabolizer,Normal Metabolizer,Normal Function,0,Low
HG01798,EAS,CDX,Normal Metabolizer,Normal Metabolizer,Normal Metabolizer,Normal Metabolizer,Decreased Function,2,Low
HG01799,EAS,CDX,Normal Metabolizer,Normal Metabolizer,Normal Metabolizer,Intermediate Metabolizer,Normal Function,1,Low
HG01800,EAS,CDX,Normal Metabolizer,Normal Metabolizer,Intermediate Metabolizer,Intermediate Metabolizer,Normal Function,3,Moderate
HG01801,EAS,CDX,Normal Metabolizer,Normal Metabolizer,Normal Metabolizer,Normal Metabolizer,Normal Function,0,Low
HG01802,EAS,CDX,Normal Metabolizer,Normal Metabolizer,Normal Metabolizer,Intermediate Metabolizer,Decreased Function,3,Moderate
HG01804,EAS,CDX,Normal Metabolizer,Normal Metabolizer,Normal Metabolizer,Intermediate Metabolizer,Normal Function,1,Low
HG01805,EAS,CDX,Normal Metabolizer,Normal Metabolizer,Intermediate Metabolizer,Normal Metabolizer,Normal Function,2,Low
HG01806,EAS,CDX,Normal Metabolizer,Normal Metabolizer,Intermediate Metabolizer,Normal Metabolizer,Normal Function,2,Low
HG01807,EAS,CDX,Normal Metabolizer,Normal Metabolizer,Normal Metabolizer,Normal Metabolizer,Normal Function,0,Low
HG01808,EAS,CDX,Normal Metabolizer,Normal Metabolizer,Normal Metabolizer,Intermediate Metabolizer,Decreased Function,3,Moderate
HG01809,EAS,CDX,Normal Metabolizer,Normal Metabolizer,Normal Metabolizer,Normal Metabolizer,Normal Function,0,Low
HG01810,EAS,CDX,Normal Metabolizer,Normal Metabolizer,Intermediate Metabolizer,Normal Metabolizer,Decreased Function,4,Moderate
HG01811,EAS,CDX,Normal Metabolizer,Normal Metabolizer,Normal Metabolizer,Intermediate Metabolizer,Normal Function,1,Low
HG01812,EAS,CDX,Normal Metabolizer,Normal Metabolizer,Intermediate Metabolizer,Intermediate Metabolizer,Decreased Function,5,Moderate
HG01813,EAS,CDX,Normal Metabolizer,Normal Metabolizer,Normal Metabolizer,Normal Metabolizer,Normal Function,0,Low
HG01815,EAS,CDX,Normal Metabolizer,Normal Metabolizer,Normal Metabolizer,Intermediate Metabolizer,Decreased Function,3,Moderate
HG01816,EAS,CDX,Normal Metabolizer,Normal Metabolizer,Normal Metabolizer,Intermediate Metabolizer,Normal Function,1,Low
HG01817,EAS,CDX,Normal Metabolizer,Normal Metabolizer,Normal Metabolizer,Normal Metabolizer,Normal Function,0,Low
HG01840,EAS,KHV,Normal Metabolizer,Normal Metabolizer,Normal Metabolizer,Intermediate Metabolizer,Normal Function,1,Low
HG01841,EAS,KHV,Normal Metabolizer,Normal Metabolizer,Normal Metabolizer,Intermediate Metabolizer,Normal Function,1,Low
HG01842,EAS,KHV,Normal Metabolizer,Normal Metabolizer,Intermediate Metabolizer,Normal Metabolizer,Normal Function,2,Low
HG01843,EAS,KHV,Normal Metabolizer,Normal Metabolizer,Intermediate Metabolizer,Normal Metabolizer,Normal Function,2,Low
HG01844,EAS,KHV,Normal Metabolizer,Normal Metabolizer,Intermediate Metabolizer,Normal Metabolizer,Normal Function,2,Low
HG01845,EAS,KHV,Normal Metabolizer,Normal Metabolizer,Normal Metabolizer,Normal Metabolizer,Normal Function,0,Low
HG01846,EAS,KHV,Normal Metabolizer,Normal Metabolizer,Normal Metabolizer,Normal Metabolizer,Normal Function,0,Low
HG01847,EAS,KHV,Normal Metabolizer,Normal Metabolizer,Normal Metabolizer,Normal Metabolizer,Normal Function,0,Low
HG01848,EAS,KHV,Normal Metabolizer,Normal Metabolizer,Normal Metabolizer,Intermediate Metabolizer,Normal Function,1,Low
HG01849,EAS,KHV,Normal Metabolizer,Normal Metabolizer,Normal Metabolizer,Normal Metabolizer,Normal Function,0,Low
HG01850,EAS,KHV,Normal Metabolizer,Normal Metabolizer,Normal Metabolizer,Intermediate Metabolizer,Normal Function,1,Low
HG01851,EAS,KHV,Normal Metabolizer,Normal Metabolizer,Normal Metabolizer,Intermediate Metabolizer,Normal Function,1,Low
HG01852,EAS,KHV,Normal Metabolizer,Normal Metabolizer,Intermediate Metabolizer,Normal Metabolizer,Normal Function,2,Low
HG01853,EAS,KHV,Normal Metabolizer,Normal Metabolizer,Normal Metabolizer,Intermediate Metabolizer,Decreased Function,3,Moderate
HG01855,EAS,KHV,Normal Metabolizer,Normal Metabolizer,Normal Metabolizer,Intermediate Metabolizer,Decreased Function,3,Moderate
HG01857,EAS,KHV,Normal Metabolizer,Normal Metabolizer,Normal Metabolizer,Intermediate Metabolizer,Decreased Function,3,Moderate
HG01858,EAS,KHV,Normal Metabolizer,Normal Metabolizer,Normal Metabolizer,Intermediate Metabolizer,Normal Function,1,Low
HG01859,EAS,KHV,Normal Metabolizer,Normal Metabolizer,Intermediate Metabolizer,Intermediate Metabolizer,Normal Function,3,Moderate
HG01860,EAS,KHV,Normal Metabolizer,Normal Metabolizer,Normal Metabolizer,Normal Metabolizer,Normal Function,0,Low
HG01861,EAS,KHV,Normal Metabolizer,Normal Metabolizer,Normal Metabolizer,Normal Metabolizer,Normal Function,0,Low
HG01862,EAS,KHV,Normal Metabolizer,Normal Metabolizer,Normal Metabolizer,Normal Metabolizer,Normal Function,0,Low
HG01863,EAS,KHV,Normal Metabolizer,Normal Metabolizer,Normal Metabolizer,Intermediate Metabolizer,Normal Function,1,Low
HG01864,EAS,KHV,Normal Metabolizer,Normal Metabolizer,Normal Metabolizer,Intermediate Metabolizer,Normal Function,1,Low
HG01865,EAS,KHV,Normal Metabolizer,Normal Metabolizer,Normal Metabolizer,Normal Metabolizer,Normal Function,0,Low
HG01866,EAS,KHV,Normal Metabolizer,Normal Metabolizer,Normal Metabolizer,Intermediate Metabolizer,Normal Function,1,Low
HG01867,EAS,KHV,Normal Metabolizer,Normal Metabolizer,Normal Metabolizer,Normal Metabolizer,Normal Function,0,Low
HG01868,EAS,KHV,Normal Metabolizer,Normal Metabolizer,Intermediate Metabolizer,Intermediate Metabolizer,Normal Function,3,Moderate
HG01869,EAS,KHV,Normal Metabolizer,Normal Metabolizer,Normal Metabolizer,Normal Metabolizer,Normal Function,0,Low
HG01870,EAS,KHV,Normal Metabolizer,Normal Metabolizer,Normal Metabolizer,Normal Metabolizer,Decreased Function,2,Low
HG01871,EAS,KHV,Normal Metabolizer,Normal Metabolizer,Normal Metabolizer,Normal Metabolizer,Decreased Function,2,Low
HG01872,EAS,KHV,Normal Metabolizer,Normal Metabolizer,Normal Metabolizer,Normal Metabolizer,Normal Function,0,Low
HG01873,EAS,KHV,Normal Metabolizer,Normal Metabolizer,Normal Metabolizer,Normal Metabolizer,Decreased Function,2,Low
HG01874,EAS,KHV,Normal Metabolizer,Normal Metabolizer,Normal Metabolizer,Intermediate Metabolizer,Normal Function,1,Low
HG01878,EAS,KHV,Normal Metabolizer,Normal Metabolizer,Normal Metabolizer,Normal Metabolizer,Normal Function,0,Low
HG01879,AFR,ACB,Normal Metabolizer,Normal Metabolizer,Normal Metabolizer,Normal Metabolizer,Normal Function,0,Low
HG01880,AFR,ACB,Normal Metabolizer,Normal Metabolizer,Normal Metabolizer,Normal Metabolizer,Normal Function,0,Low
HG01882,AFR,ACB,Normal Metabolizer,Normal Metabolizer,Normal Metabolizer,Normal Metabolizer,Normal Function,0,Low
HG01883,AFR,ACB,Normal Metabolizer,Normal Metabolizer,Normal Metabolizer,Normal Metabolizer,Normal Function,0,Low
HG01885,AFR,ACB,Normal Metabolizer,Normal Metabolizer,Normal Metabolizer,Normal Metabolizer,Normal Function,0,Low
HG01886,AFR,ACB,Normal Metabolizer,Intermediate Metabolizer,Normal Metabolizer,Normal Metabolizer,Normal Function,1,Low
HG01889,AFR,ACB,Normal Metabolizer,Normal Metabolizer,Intermediate Metabolizer,Normal Metabolizer,Normal Function,2,Low
HG01890,AFR,ACB,Normal Metabolizer,Normal Metabolizer,Normal Metabolizer,Normal Metabolizer,Normal Function,0,Low
HG01892,AMR,PEL,Normal Metabolizer,Normal Metabolizer,Normal Metabolizer,Normal Metabolizer,Decreased Function,2,Low
HG01893,AMR,PEL,Normal Metabolizer,Normal Metabolizer,Normal Metabolizer,Normal Metabolizer,Normal Function,0,Low
HG01894,AFR,ACB,Normal Metabolizer,Normal Metabolizer,Normal Metabolizer,Normal Metabolizer,Normal Function,0,Low
HG01896,AFR,ACB,Intermediate Metabolizer,Normal Metabolizer,Normal Metabolizer,Normal Metabolizer,Normal Function,1,Low
HG01912,AFR,ACB,Normal Metabolizer,Normal Metabolizer,Normal Metabolizer,Normal Metabolizer,Normal Function,0,Low
HG01914,AFR,ACB,Normal Metabolizer,Normal Metabolizer,Intermediate Metabolizer,Normal Metabolizer,Decreased Function,4,Moderate
HG01915,AFR,ACB,Normal Metabolizer,Normal Metabolizer,Intermediate Metabolizer,Normal Metabolizer,Decreased Function,4,Moderate
HG01917,AMR,PEL,Normal Metabolizer,Normal Metabolizer,Intermediate Metabolizer,Normal Metabolizer,Decreased Function,4,Moderate
HG01918,AMR,PEL,Normal Metabolizer,Normal Metabolizer,Normal Metabolizer,Normal Metabolizer,Decreased Function,2,Low
HG01920,AMR,PEL,Normal Metabolizer,Normal Metabolizer,Normal Metabolizer,Normal Metabolizer,Decreased Function,2,Low
HG01921,AMR,PEL,Normal Metabolizer,Normal Metabolizer,Normal Metabolizer,Normal Metabolizer,Normal Function,0,Low
HG01923,AMR,PEL,Normal Metabolizer,Normal Metabolizer,Normal Metabolizer,Normal Metabolizer,Normal Function,0,Low
HG01924,AMR,PEL,Normal Metabolizer,Normal Metabolizer,Normal Metabolizer,Normal Metabolizer,Normal Function,0,Low
HG01926,AMR,PEL,Normal Metabolizer,Normal Metabolizer,Normal Metabolizer,Normal Metabolizer,Normal Function,0,Low
HG01927,AMR,PEL,Normal Metabolizer,Normal Metabolizer,Normal Metabolizer,Normal Metabolizer,Poor Function,3,Moderate
HG01932,AMR,PEL,Normal Metabolizer,Normal Metabolizer,Intermediate Metabolizer,Normal Metabolizer,Normal Function,2,Low
HG01933,AMR,PEL,Normal Metabolizer,Normal Metabolizer,Normal Metabolizer,Normal Metabolizer,Normal Function,0,Low
HG01935,AMR,PEL,Normal Metabolizer,Normal Metabolizer,Normal Metabolizer,Normal Metabolizer,Normal Function,0,Low
HG01936,AMR,PEL,Normal Metabolizer,Normal Metabolizer,Intermediate Metabolizer,Normal Metabolizer,Decreased Function,4,Moderate
HG01938,AMR,PEL,Normal Metabolizer,Normal Metabolizer,Normal Metabolizer,Normal Metabolizer,Decreased Function,2,Low
HG01939,AMR,PEL,Normal Metabolizer,Normal Metabolizer,Normal Metabolizer,Normal Metabolizer,Normal Function,0,Low
HG01941,AMR,PEL,Normal Metabolizer,Normal Metabolizer,Normal Metabolizer,Normal Metabolizer,Decreased Function,2,Low
HG01942,AMR,PEL,Normal Metabolizer,Normal Metabolizer,Normal Metabolizer,Normal Metabolizer,Normal Function,0,Low
HG01944,AMR,PEL,Normal Metabolizer,Normal Metabolizer,Intermediate Metabolizer,Normal Metabolizer,Normal Function,2,Low
HG01945,AMR,PEL,Normal Metabolizer,Normal Metabolizer,Normal Metabolizer,Normal Metabolizer,Normal Function,0,Low
HG01947,AMR,PEL,Normal Metabolizer,Intermediate Metabolizer,Normal Metabolizer,Normal Metabolizer,Normal Function,1,Low
HG01948,AMR,PEL,Normal Metabolizer,Normal Metabolizer,Normal Metabolizer,Normal Metabolizer,Normal Function,0,Low
HG01950,AMR,PEL,Normal Metabolizer,Normal Metabolizer,Normal Metabolizer,Normal Metabolizer,Normal Function,0,Low
HG01951,AMR,PEL,Normal Metabolizer,Normal Metabolizer,Intermediate Metabolizer,Normal Metabolizer,Decreased Function,4,Moderate
HG01953,AMR,PEL,Normal Metabolizer,Normal Metabolizer,Intermediate Metabolizer,Normal Metabolizer,Decreased Function,4,Moderate
HG01954,AMR,PEL,Normal Metabolizer,Normal Metabolizer,Normal Metabolizer,Normal Metabolizer,Normal Function,0,Low
HG01956,AFR,ACB,Normal Metabolizer,Normal Metabolizer,Normal Metabolizer,Normal Metabolizer,Normal Function,0,Low
HG01958,AFR,ACB,Normal Metabolizer,Normal Metabolizer,Intermediate Metabolizer,Normal Metabolizer,Normal Function,2,Low
HG01961,AMR,PEL,Normal Metabolizer,Normal Metabolizer,Normal Metabolizer,Normal Metabolizer,Decreased Function,2,Low
HG01965,AMR,PEL,Normal Metabolizer,Normal Metabolizer,Intermediate Metabolizer,Normal Metabolizer,Normal Function,2,Low
HG01967,AMR,PEL,Normal Metabolizer,Normal Metabolizer,Normal Metabolizer,Normal Metabolizer,Normal Function,0,Low
HG01968,AMR,PEL,Normal Metabolizer,Normal Metabolizer,Intermediate Metabolizer,Normal Metabolizer,Normal Function,2,Low
HG01970,AMR,PEL,Normal Metabolizer,Normal Metabolizer,Normal Metabolizer,Normal Metabolizer,Normal Function,0,Low
HG01971,AMR,PEL,Normal Metabolizer,Normal Metabolizer,Normal Metabolizer,Normal Metabolizer,Normal Function,0,Low
HG01973,AMR,PEL,Normal Metabolizer,Normal Metabolizer,Normal Metabolizer,Normal Metabolizer,Normal Function,0,Low
HG01974,AMR,PEL,Normal Metabolizer,Normal Metabolizer,Normal Metabolizer,Normal Metabolizer,Normal Function,0,Low
HG01976,AMR,PEL,Normal Metabolizer,Normal Metabolizer,Normal Metabolizer,Normal Metabolizer,Normal Function,0,Low
HG01977,AMR,PEL,Normal Metabolizer,Normal Metabolizer,Intermediate Metabolizer,Normal Metabolizer,Normal Function,2,Low
HG01979,AMR,PEL,Normal Metabolizer,Normal Metabolizer,Intermediate Metabolizer,Normal Metabolizer,Normal Function,2,Low
HG01980,AMR,PEL,Normal Metabolizer,Normal Metabolizer,Intermediate Metabolizer,Normal Metabolizer,Normal Function,2,Low
HG01982,AMR,PEL,Normal Metabolizer,Normal Metabolizer,Normal Metabolizer,Normal Metabolizer,Decreased Function,2,Low
HG01985,AFR,ACB,Normal Metabolizer,Normal Metabolizer,Normal Metabolizer,Normal Metabolizer,Decreased Function,2,Low
HG01986,AFR,ACB,Intermediate Metabolizer,Normal Metabolizer,Normal Metabolizer,Normal Metabolizer,Normal Function,1,Low
HG01988,AFR,ACB,Normal Metabolizer,Normal Metabolizer,Intermediate Metabolizer,Normal Metabolizer,Normal Function,2,Low
HG01989,AFR,ACB,Normal Metabolizer,Intermediate Metabolizer,Normal Metabolizer,Normal Metabolizer,Normal Function,1,Low
HG01990,AFR,ACB,Normal Metabolizer,Normal Metabolizer,Normal Metabolizer,Normal Metabolizer,Normal Function,0,Low
HG01991,AMR,PEL,Normal Metabolizer,Normal Metabolizer,Normal Metabolizer,Normal Metabolizer,Normal Function,0,Low
HG01992,AMR,PEL,Normal Metabolizer,Normal Metabolizer,Intermediate Metabolizer,Normal Metabolizer,Normal Function,2,Low
HG01997,AMR,PEL,Normal Metabolizer,Intermediate Metabolizer,Normal Metabolizer,Normal Metabolizer,Normal Function,1,Low
HG02002,AMR,PEL,Normal Metabolizer,Normal Metabolizer,Poor Metabolizer,Normal Metabolizer,Normal Function,3,Moderate
HG02003,AMR,PEL,Normal Metabolizer,Normal Metabolizer,Normal Metabolizer,Normal Metabolizer,Decreased Function,2,Low
HG02006,AMR,PEL,Normal Metabolizer,Normal Metabolizer,Normal Metabolizer,Normal Metabolizer,Decreased Function,2,Low
HG02008,AMR,PEL,Normal Metabolizer,Normal Metabolizer,Normal Metabolizer,Normal Metabolizer,Normal Function,0,Low
HG02009,AFR,ACB,Intermediate Metabolizer,Normal Metabolizer,Normal Metabolizer,Normal Metabolizer,Normal Function,1,Low
HG02010,AFR,ACB,Normal Metabolizer,Normal Metabolizer,Intermediate Metabolizer,Normal Metabolizer,Normal Function,2,Low
HG02012,AFR,ACB,Normal Metabolizer,Normal Metabolizer,Intermediate Metabolizer,Normal Metabolizer,Normal Function,2,Low
HG02013,AFR,ACB,Normal Metabolizer,Normal Metabolizer,Intermediate Metabolizer,Normal Metabolizer,Normal Function,2,Low
HG02014,AFR,ACB,Normal Metabolizer,Normal Metabolizer,Normal Metabolizer,Normal Metabolizer,Normal Function,0,Low
HG02016,EAS,KHV,Normal Metabolizer,Normal Metabolizer,Normal Metabolizer,Intermediate Metabolizer,Decreased Function,3,Moderate
HG02017,EAS,KHV,Normal Metabolizer,Normal Metabolizer,Intermediate Metabolizer,Normal Metabolizer,Normal Function,2,Low
HG02019,EAS,KHV,Normal Metabolizer,Normal Metabolizer,Intermediate Metabolizer,Intermediate Metabolizer,Normal Function,3,Moderate
HG02020,EAS,KHV,Normal Metabolizer,Normal Metabolizer,Normal Metabolizer,Normal Metabolizer,Normal Function,0,Low
HG02023,EAS,KHV,Normal Metabolizer,Normal Metabolizer,Normal Metabolizer,Normal Metabolizer,Normal Function,0,Low
HG02025,EAS,KHV,Normal Metabolizer,Normal Metabolizer,Normal Metabolizer,Intermediate Metabolizer,Normal Function,1,Low
HG02026,EAS,KHV,Normal Metabolizer,Normal Metabolizer,Intermediate Metabolizer,Intermediate Metabolizer,Decreased Function,5,Moderate
HG02028,EAS,KHV,Normal Metabolizer,Normal Metabolizer,Normal Metabolizer,Normal Metabolizer,Normal Function,0,Low
HG02029,EAS,KHV,Normal Metabolizer,Normal Metabolizer,Normal Metabolizer,Normal Metabolizer,Normal Function,0,Low
HG02031,EAS,KHV,Normal Metabolizer,Normal Metabolizer,Normal Metabolizer,Intermediate Metabolizer,Normal Function,1,Low
HG02032,EAS,KHV,Normal Metabolizer,Normal Metabolizer,Normal Metabolizer,Intermediate Metabolizer,Normal Function,1,Low
HG02035,EAS,KHV,Normal Metabolizer,Normal Metabolizer,Normal Metabolizer,Normal Metabolizer,Normal Function,0,Low
HG02040,EAS,KHV,Normal Metabolizer,Normal Metabolizer,Normal Metabolizer,Intermediate Metabolizer,Normal Function,1,Low
HG02047,EAS,KHV,Normal Metabolizer,Normal Metabolizer,Normal Metabolizer,Normal Metabolizer,Normal Function,0,Low
HG02048,EAS,KHV,Normal Metabolizer,Normal Metabolizer,Normal Metabolizer,Intermediate Metabolizer,Decreased Function,3,Moderate
HG02049,EAS,KHV,Normal Metabolizer,Normal Metabolizer,Intermediate Metabolizer,Intermediate Metabolizer,Normal Function,3,Moderate
HG02050,EAS,KHV,Normal Metabolizer,Normal Metabolizer,Normal Metabolizer,Normal Metabolizer,Normal Function,0,Low
HG02051,AFR,ACB,Intermediate Metabolizer,Normal Metabolizer,Intermediate Metabolizer,Normal Metabolizer,Normal Function,3,Moderate
HG02052,AFR,ACB,Normal Metabolizer,Normal Metabolizer,Normal Metabolizer,Normal Metabolizer,Normal Function,0,Low
HG02053,AFR,ACB,Normal Metabolizer,Normal Metabolizer,Normal Metabolizer,Normal Metabolizer,Normal Function,0,Low
HG02054,AFR,ACB,Normal Metabolizer,Intermediate Metabolizer,Intermediate Metabolizer,Normal Metabolizer,Normal Function,3,Moderate
HG02057,EAS,KHV,Normal Metabolizer,Normal Metabolizer,Normal Metabolizer,Normal Metabolizer,Normal Function,0,Low
HG02058,EAS,KHV,Normal Metabolizer,Normal Metabolizer,Normal Metabolizer,Intermediate Metabolizer,Normal Function,1,Low
HG02060,EAS,KHV,Normal Metabolizer,Normal Metabolizer,Normal Metabolizer,Normal Metabolizer,Normal Function,0,Low
HG02061,EAS,KHV,Normal Metabolizer,Normal Metabolizer,Normal Metabolizer,Normal Metabolizer,Normal Function,0,Low
HG02064,EAS,KHV,Normal Metabolizer,Normal Metabolizer,Normal Metabolizer,Normal Metabolizer,Normal Function,0,Low
HG02067,EAS,KHV,Normal Metabolizer,Normal Metabolizer,Normal Metabolizer,Normal Metabolizer,Normal Function,0,Low
HG02069,EAS,KHV,Normal Metabolizer,Normal Metabolizer,Normal Metabolizer,Normal Metabolizer,Normal Function,0,Low
HG02070,EAS,KHV,Normal Metabolizer,Normal Metabolizer,Intermediate Metabolizer,Intermediate Metabolizer,Normal Function,3,Moderate
HG02072,EAS,KHV,Normal Metabolizer,Normal Metabolizer,Normal Metabolizer,Intermediate Metabolizer,Normal Function,1,Low
HG02073,EAS,KHV,Normal Metabolizer,Normal Metabolizer,Intermediate Metabolizer,Normal Metabolizer,Decreased Function,4,Moderate
HG02075,EAS,KHV,Normal Metabolizer,Normal Metabolizer,Normal Metabolizer,Normal Metabolizer,Normal Function,0,Low
HG02076,EAS,KHV,Normal Metabolizer,Normal Metabolizer,Normal Metabolizer,Normal Metabolizer,Decreased Function,2,Low
HG02078,EAS,KHV,Normal Metabolizer,Normal Metabolizer,Normal Metabolizer,Normal Metabolizer,Normal Function,0,Low
HG02079,EAS,KHV,Normal Metabolizer,Normal Metabolizer,Normal Metabolizer,Normal Metabolizer,Poor Function,3,Moderate
HG02081,EAS,KHV,Normal Metabolizer,Normal Metabolizer,Normal Metabolizer,Intermediate Metabolizer,Normal Function,1,Low
HG02082,EAS,KHV,Normal Metabolizer,Normal Metabolizer,Normal Metabolizer,Normal Metabolizer,Normal Function,0,Low
HG02084,EAS,KHV,Normal Metabolizer,Normal Metabolizer,Normal Metabolizer,Normal Metabolizer,Normal Function,0,Low
HG02085,EAS,KHV,Normal Metabolizer,Normal Metabolizer,Normal Metabolizer,Normal Metabolizer,Normal Function,0,Low
HG02086,EAS,KHV,Normal Metabolizer,Normal Metabolizer,Normal Metabolizer,Intermediate Metabolizer,Decreased Function,3,Moderate
HG02087,EAS,KHV,Normal Metabolizer,Normal Metabolizer,Normal Metabolizer,Intermediate Metabolizer,Normal Function,1,Low
HG02088,EAS,KHV,Normal Metabolizer,Normal Metabolizer,Normal Metabolizer,Normal Metabolizer,Normal Function,0,Low
HG02089,AMR,PEL,Normal Metabolizer,Normal Metabolizer,Normal Metabolizer,Normal Metabolizer,Normal Function,0,Low
HG02090,AMR,PEL,Normal Metabolizer,Normal Metabolizer,Intermediate Metabolizer,Normal Metabolizer,Normal Function,2,Low
HG02095,AFR,ACB,Normal Metabolizer,Normal Metabolizer,Intermediate Metabolizer,Normal Metabolizer,Normal Function,2,Low
HG02102,AMR,PEL,Normal Metabolizer,Normal Metabolizer,Intermediate Metabolizer,Normal Metabolizer,Decreased Function,4,Moderate
HG02104,AMR,PEL,Normal Metabolizer,Normal Metabolizer,Intermediate Metabolizer,Normal Metabolizer,Normal Function,2,Low
HG02105,AMR,PEL,Normal Metabolizer,Normal Metabolizer,Normal Metabolizer,Normal Metabolizer,Normal Function,0,Low
HG02107,AFR,ACB,Normal Metabolizer,Normal Metabolizer,Intermediate Metabolizer,Normal Metabolizer,Normal Function,2,Low
HG02108,AFR,ACB,Normal Metabolizer,Normal Metabolizer,Intermediate Metabolizer,Normal Metabolizer,Normal Function,2,Low
HG02111,AFR,ACB,Normal Metabolizer,Normal Metabolizer,Normal Metabolizer,Normal Metabolizer,Normal Function,0,Low
HG02113,EAS,KHV,Normal Metabolizer,Normal Metabolizer,Normal Metabolizer,Intermediate Metabolizer,Normal Function,1,Low
HG02116,EAS,KHV,Normal Metabolizer,Normal Metabolizer,Normal Metabolizer,Normal Metabolizer,Normal Function,0,Low
HG02121,EAS,KHV,Normal Metabolizer,Normal Metabolizer,Normal Metabolizer,Intermediate Metabolizer,Normal Function,1,Low
HG02122,EAS,KHV,Normal Metabolizer,Normal Metabolizer,Normal Metabolizer,Intermediate Metabolizer,Decreased Function,3,Moderate
HG02127,EAS,KHV,Normal Metabolizer,Normal Metabolizer,Normal Metabolizer,Intermediate Metabolizer,Normal Function,1,Low
HG02128,EAS,KHV,Normal Metabolizer,Normal Metabolizer,Normal Metabolizer,Normal Metabolizer,Decreased Function,2,Low
HG02130,EAS,KHV,Normal Metabolizer,Normal Metabolizer,Normal Metabolizer,Normal Metabolizer,Normal Function,0,Low
HG02131,EAS,KHV,Normal Metabolizer,Normal Metabolizer,Intermediate Metabolizer,Normal Metabolizer,Normal Function,2,Low
HG02133,EAS,KHV,Normal Metabolizer,Normal Metabolizer,Intermediate Metabolizer,Normal Metabolizer,Normal Function,2,Low
HG02134,EAS,KHV,Normal Metabolizer,Normal Metabolizer,Intermediate Metabolizer,Normal Metabolizer,Normal Function,2,Low
HG02136,EAS,KHV,Normal Metabolizer,Normal Metabolizer,Normal Metabolizer,Normal Metabolizer,Decreased Function,2,Low
HG02137,EAS,KHV,Normal Metabolizer,Normal Metabolizer,Normal Metabolizer,Intermediate Metabolizer,Decreased Function,3,Moderate
HG02138,EAS,KHV,Normal Metabolizer,Normal Metabolizer,Normal Metabolizer,Normal Metabolizer,Normal Function,0,Low
HG02139,EAS,KHV,Normal Metabolizer,Normal Metabolizer,Normal Metabolizer,Intermediate Metabolizer,Normal Function,1,Low
HG02140,EAS,KHV,Normal Metabolizer,Normal Metabolizer,Normal Metabolizer,Normal Metabolizer,Normal Function,0,Low
HG02141,EAS,KHV,Normal Metabolizer,Normal Metabolizer,Normal Metabolizer,Normal Metabolizer,Normal Function,0,Low
HG02142,EAS,KHV,Normal Metabolizer,Normal Metabolizer,Normal Metabolizer,Intermediate Metabolizer,Normal Function,1,Low
HG02143,AFR,ACB,Normal Metabolizer,Normal Metabolizer,Normal Metabolizer,Normal Metabolizer,Normal Function,0,Low
HG02144,AFR,ACB,Intermediate Metabolizer,Normal Metabolizer,Intermediate Metabolizer,Normal Metabolizer,Normal Function,3,Moderate
HG02146,AMR,PEL,Normal Metabolizer,Normal Metabolizer,Normal Metabolizer,Normal Metabolizer,Decreased Function,2,Low
HG02147,AMR,PEL,Normal Metabolizer,Normal Metabolizer,Normal Metabolizer,Normal Metabolizer,Normal Function,0,Low
HG02150,AMR,PEL,Normal Metabolizer,Normal Metabolizer,Normal Metabolizer,Normal Metabolizer,Normal Function,0,Low
HG02151,EAS,CDX,Normal Metabolizer,Normal Metabolizer,Normal Metabolizer,Intermediate Metabolizer,Normal Function,1,Low
HG02152,EAS,CDX,Normal Metabolizer,Normal Metabolizer,Intermediate Metabolizer,Normal Metabolizer,Normal Function,2,Low
HG02153,EAS,CDX,Normal Metabolizer,Normal Metabolizer,Normal Metabolizer,Intermediate Metabolizer,Normal Function,1,Low
HG02154,EAS,CDX,Normal Metabolizer,Normal Metabolizer,Normal Metabolizer,Normal Metabolizer,Decreased Function,2,Low
HG02155,EAS,CDX,Normal Metabolizer,Normal Metabolizer,Intermediate Metabolizer,Intermediate Metabolizer,Decreased Function,5,Moderate
HG02156,EAS,CDX,Normal Metabolizer,Normal Metabolizer,Normal Metabolizer,Normal Metabolizer,Normal Function,0,Low
HG02164,EAS,CDX,Normal Metabolizer,Normal Metabolizer,Normal Metabolizer,Normal Metabolizer,Normal Function,0,Low
HG02165,EAS,CDX,Normal Metabolizer,Normal Metabolizer,Intermediate Metabolizer,Normal Metabolizer,Normal Function,2,Low
HG02166,EAS,CDX,Normal Metabolizer,Normal Metabolizer,Normal Metabolizer,Normal Metabolizer,Poor Function,3,Moderate
HG02178,EAS,CDX,Normal Metabolizer,Normal Metabolizer,Normal Metabolizer,Normal Metabolizer,Decreased Function,2,Low
HG02179,EAS,CDX,Normal Metabolizer,Normal Metabolizer,Intermediate Metabolizer,Normal Metabolizer,Decreased Function,4,Moderate
HG02180,EAS,CDX,Normal Metabolizer,Normal Metabolizer,Normal Metabolizer,Normal Metabolizer,Normal Function,0,Low
HG02181,EAS,CDX,Normal Metabolizer,Normal Metabolizer,Normal Metabolizer,Normal Metabolizer,Decreased Function,2,Low
HG02182,EAS,CDX,Normal Metabolizer,Normal Metabolizer,Normal Metabolizer,Normal Metabolizer,Normal Function,0,Low
HG02184,EAS,CDX,Normal Metabolizer,Normal Metabolizer,Intermediate Metabolizer,Intermediate Metabolizer,Normal Function,3,Moderate
HG02185,EAS,CDX,Normal Metabolizer,Normal Metabolizer,Intermediate Metabolizer,Normal Metabolizer,Normal Function,2,Low
HG02186,EAS,CDX,Normal Metabolizer,Normal Metabolizer,Normal Metabolizer,Intermediate Metabolizer,Decreased Function,3,Moderate
HG02187,EAS,CDX,Normal Metabolizer,Normal Metabolizer,Intermediate Metabolizer,Normal Metabolizer,Normal Function,2,Low
HG02188,EAS,CDX,Normal Metabolizer,Normal Metabolizer,Normal Metabolizer,Intermediate Metabolizer,Decreased Function,3,Moderate
HG02190,EAS,CDX,Normal Metabolizer,Normal Metabolizer,Normal Metabolizer,Intermediate Metabolizer,Normal Function,1,Low
HG02215,EUR,GBR,Normal Metabolizer,Intermediate Metabolizer,Intermediate Metabolizer,Intermediate Metabolizer,Normal Function,4,Moderate
HG02219,EUR,IBS,Normal Metabolizer,Normal Metabolizer,Normal Metabolizer,Normal Metabolizer,Poor Function,3,Moderate
HG02220,EUR,IBS,Normal Metabolizer,Normal Metabolizer,Intermediate Metabolizer,Normal Metabolizer,Normal Function,2,Low
HG02221,EUR,IBS,Normal Metabolizer,Normal Metabolizer,Intermediate Metabolizer,Normal Metabolizer,Decreased Function,4,Moderate
HG02223,EUR,IBS,Normal Metabolizer,Normal Metabolizer,Normal Metabolizer,Normal Metabolizer,Normal Function,0,Low
HG02224,EUR,IBS,Normal Metabolizer,Normal Metabolizer,Intermediate Metabolizer,Normal Metabolizer,Decreased Function,4,Moderate
HG02230,EUR,IBS,Normal Metabolizer,Normal Metabolizer,Normal Metabolizer,Normal Metabolizer,Normal Function,0,Low
HG02231,EUR,IBS,Normal Metabolizer,Normal Metabolizer,Normal Metabolizer,Normal Metabolizer,Normal Function,0,Low
HG02232,EUR,IBS,Normal Metabolizer,Normal Metabolizer,Intermediate Metabolizer,Normal Metabolizer,Normal Function,2,Low
HG02233,EUR,IBS,Normal Metabolizer,Normal Metabolizer,Intermediate Metabolizer,Normal Metabolizer,Normal Function,2,Low
HG02235,EUR,IBS,Normal Metabolizer,Normal Metabolizer,Normal Metabolizer,Normal Metabolizer,Normal Function,0,Low
HG02236,EUR,IBS,Normal Metabolizer,Normal Metabolizer,Intermediate Metabolizer,Normal Metabolizer,Decreased Function,4,Moderate
HG02238,EUR,IBS,Normal Metabolizer,Intermediate Metabolizer,Normal Metabolizer,Normal Metabolizer,Normal Function,1,Low
HG02239,EUR,IBS,Normal Metabolizer,Intermediate Metabolizer,Normal Metabolizer,Normal Metabolizer,Decreased Function,3,Moderate
HG02250,EAS,CDX,Normal Metabolizer,Normal Metabolizer,Intermediate Metabolizer,Normal Metabolizer,Decreased Function,4,Moderate
HG02252,AMR,PEL,Normal Metabolizer,Normal Metabolizer,Intermediate Metabolizer,Normal Metabolizer,Normal Function,2,Low
HG02253,AMR,PEL,Normal Metabolizer,Normal Metabolizer,Intermediate Metabolizer,Normal Metabolizer,Normal Function,2,Low
HG02255,AFR,ACB,Normal Metabolizer,Normal Metabolizer,Normal Metabolizer,Normal Metabolizer,Normal Function,0,Low
HG02256,AFR,ACB,Normal Metabolizer,Normal Metabolizer,Intermediate Metabolizer,Normal Metabolizer,Normal Function,2,Low
HG02259,AMR,PEL,Normal Metabolizer,Normal Metabolizer,Normal Metabolizer,Normal Metabolizer,Decreased Function,2,Low
HG02260,AMR,PEL,Normal Metabolizer,Normal Metabolizer,Normal Metabolizer,Normal Metabolizer,Normal Function,0,Low
HG02262,AMR,PEL,Normal Metabolizer,Normal Metabolizer,Normal Metabolizer,Normal Metabolizer,Normal Function,0,Low
HG02265,AMR,PEL,Normal Metabolizer,Normal Metabolizer,Normal Metabolizer,Normal Metabolizer,Decreased Function,2,Low
HG02266,AMR,PEL,Normal Metabolizer,Normal Metabolizer,Normal Metabolizer,Normal Metabolizer,Normal Function,0,Low
HG02271,AMR,PEL,Normal Metabolizer,Normal Metabolizer,Normal Metabolizer,Normal Metabolizer,Normal Function,0,Low
HG02272,AMR,PEL,Normal Metabolizer,Normal Metabolizer,Normal Metabolizer,Normal Metabolizer,Normal Function,0,Low
HG02274,AMR,PEL,Normal Metabolizer,Normal Metabolizer,Normal Metabolizer,Normal Metabolizer,Normal Function,0,Low
HG02275,AMR,PEL,Normal Metabolizer,Normal Metabolizer,Normal Metabolizer,Normal Metabolizer,Normal Function,0,Low
HG02277,AMR,PEL,Normal Metabolizer,Normal Metabolizer,Normal Metabolizer,Normal Metabolizer,Normal Function,0,Low
HG02278,AMR,PEL,Normal Metabolizer,Normal Metabolizer,Normal Metabolizer,Normal Metabolizer,Normal Function,0,Low
HG02281,AFR,ACB,Normal Metabolizer,Normal Metabolizer,Intermediate Metabolizer,Normal Metabolizer,Normal Function,2,Low
HG02282,AFR,ACB,Normal Metabolizer,Normal Metabolizer,Normal Metabolizer,Normal Metabolizer,Normal Function,0,Low
HG02283,AFR,ACB,Normal Metabolizer,Normal Metabolizer,Normal Metabolizer,Normal Metabolizer,Normal Function,0,Low
HG02284,AFR,ACB,Normal Metabolizer,Normal Metabolizer,Normal Metabolizer,Normal Metabolizer,Normal Function,0,Low
HG02285,AMR,PEL,Normal Metabolizer,Normal Metabolizer,Normal Metabolizer,Normal Metabolizer,Normal Function,0,Low
HG02286,AMR,PEL,Normal Metabolizer,Normal Metabolizer,Normal Metabolizer,Normal Metabolizer,Decreased Function,2,Low
HG02291,AMR,PEL,Normal Metabolizer,Normal Metabolizer,Normal Metabolizer,Normal Metabolizer,Normal Function,0,Low
HG02292,AMR,PEL,Normal Metabolizer,Normal Metabolizer,Normal Metabolizer,Normal Metabolizer,Normal Function,0,Low
HG02298,AMR,PEL,Normal Metabolizer,Normal Metabolizer,Normal Metabolizer,Normal Metabolizer,Normal Function,0,Low
HG02299,AMR,PEL,Normal Metabolizer,Normal Metabolizer,Normal Metabolizer,Normal Metabolizer,Normal Function,0,Low
HG02301,AMR,PEL,Normal Metabolizer,Normal Metabolizer,Intermediate Metabolizer,Normal Metabolizer,Normal Function,2,Low
HG02304,AMR,PEL,Normal Metabolizer,Normal Metabolizer,Intermediate Metabolizer,Normal Metabolizer,Normal Function,2,Low
HG02307,AFR,ACB,Normal Metabolizer,Normal Metabolizer,Intermediate Metabolizer,Normal Metabolizer,Normal Function,2,Low
HG02308,AFR,ACB,Normal Metabolizer,Normal Metabolizer,Intermediate Metabolizer,Normal Metabolizer,Normal Function,2,Low
HG02309,AFR,ACB,Normal Metabolizer,Normal Metabolizer,Normal Metabolizer,Normal Metabolizer,Normal Function,0,Low
HG02312,AMR,PEL,Normal Metabolizer,Intermediate Metabolizer,Normal Metabolizer,Normal Metabolizer,Normal Function,1,Low
HG02314,AFR,ACB,Normal Metabolizer,Normal Metabolizer,Normal Metabolizer,Normal Metabolizer,Normal Function,0,Low
HG02315,AFR,ACB,Normal Metabolizer,Normal Metabolizer,Intermediate Metabolizer,Normal Metabolizer,Normal Function,2,Low
HG02317,AFR,ACB,Normal Metabolizer,Normal Metabolizer,Intermediate Metabolizer,Normal Metabolizer,Normal Function,2,Low
HG02318,AFR,ACB,Normal Metabolizer,Normal Metabolizer,Normal Metabolizer,Normal Metabolizer,Normal Function,0,Low
HG02322,AFR,ACB,Normal Metabolizer,Normal Metabolizer,Intermediate Metabolizer,Normal Metabolizer,Normal Function,2,Low
HG02323,AFR,ACB,Intermediate Metabolizer,Normal Metabolizer,Normal Metabolizer,Normal Metabolizer,Normal Function,1,Low
HG02325,AFR,ACB,Normal Metabolizer,Normal Metabolizer,Normal Metabolizer,Normal Metabolizer,Normal Function,0,Low
HG02330,AFR,ACB,Normal Metabolizer,Normal Metabolizer,Normal Metabolizer,Normal Metabolizer,Normal Function,0,Low
HG02332,AFR,ACB,Normal Metabolizer,Normal Metabolizer,Intermediate Metabolizer,Normal Metabolizer,Normal Function,2,Low
HG02334,AFR,ACB,Normal Metabolizer,Normal Metabolizer,Intermediate Metabolizer,Normal Metabolizer,Normal Function,2,Low
HG02337,AFR,ACB,Normal Metabolizer,Normal Metabolizer,Intermediate Metabolizer,Normal Metabolizer,Normal Function,2,Low
HG02339,AFR,ACB,Normal Metabolizer,Normal Metabolizer,Intermediate Metabolizer,Normal Metabolizer,Normal Function,2,Low
HG02343,AFR,ACB,Normal Metabolizer,Normal Metabolizer,Normal Metabolizer,Normal Metabolizer,Normal Function,0,Low
HG02345,AMR,PEL,Normal Metabolizer,Normal Metabolizer,Intermediate Metabolizer,Normal Metabolizer,Decreased Function,4,Moderate
HG02348,AMR,PEL,Normal Metabolizer,Intermediate Metabolizer,Normal Metabolizer,Normal Metabolizer,Normal Function,1,Low
HG02351,EAS,CDX,Normal Metabolizer,Normal Metabolizer,Normal Metabolizer,Normal Metabolizer,Normal Function,0,Low
HG02353,EAS,CDX,Normal Metabolizer,Normal Metabolizer,Normal Metabolizer,Intermediate Metabolizer,Normal Function,1,Low
HG02355,EAS,CDX,Normal Metabolizer,Normal Metabolizer,Normal Metabolizer,Normal Metabolizer,Normal Function,0,Low
HG02356,EAS,CDX,Normal Metabolizer,Normal Metabolizer,Intermediate Metabolizer,Intermediate Metabolizer,Decreased Function,5,Moderate
HG02360,EAS,CDX,Normal Metabolizer,Normal Metabolizer,Normal Metabolizer,Intermediate Metabolizer,Normal Function,1,Low
HG02364,EAS,CDX,Normal Metabolizer,Normal Metabolizer,Normal Metabolizer,Normal Metabolizer,Normal Function,0,Low
HG02367,EAS,CDX,Normal Metabolizer,Normal Metabolizer,Normal Metabolizer,Normal Metabolizer,Normal Function,0,Low
HG02371,EAS,CDX,Normal Metabolizer,Normal Metabolizer,Normal Metabolizer,Intermediate Metabolizer,Normal Function,1,Low
HG02373,EAS,CDX,Normal Metabolizer,Normal Metabolizer,Normal Metabolizer,Normal Metabolizer,Normal Function,0,Low
HG02374,EAS,CDX,Normal Metabolizer,Normal Metabolizer,Intermediate Metabolizer,Intermediate Metabolizer,Normal Function,3,Moderate
HG02375,EAS,CDX,Normal Metabolizer,Normal Metabolizer,Normal Metabolizer,Normal Metabolizer,Normal Function,0,Low
HG02379,EAS,CDX,Normal Metabolizer,Normal Metabolizer,Normal Metabolizer,Normal Metabolizer,Decreased Function,2,Low
HG02380,EAS,CDX,Normal Metabolizer,Normal Metabolizer,Normal Metabolizer,Normal Metabolizer,Normal Function,0,Low
HG02382,EAS,CDX,Normal Metabolizer,Normal Metabolizer,Normal Metabolizer,Intermediate Metabolizer,Normal Function,1,Low
HG02383,EAS,CDX,Normal Metabolizer,Normal Metabolizer,Normal Metabolizer,Intermediate Metabolizer,Normal Function,1,Low
HG02384,EAS,CDX,Normal Metabolizer,Normal Metabolizer,Normal Metabolizer,Normal Metabolizer,Normal Function,0,Low
HG02385,EAS,CDX,Normal Metabolizer,Normal Metabolizer,Normal Metabolizer,Intermediate Metabolizer,Normal Function,1,Low
HG02386,EAS,CDX,Normal Metabolizer,Normal Metabolizer,Normal Metabolizer,Normal Metabolizer,Decreased Function,2,Low
HG02389,EAS,CDX,Normal Metabolizer,Normal Metabolizer,Normal Metabolizer,Normal Metabolizer,Normal Function,0,Low
HG02390,EAS,CDX,Normal Metabolizer,Normal Metabolizer,Normal Metabolizer,Intermediate Metabolizer,Normal Function,1,Low
HG02391,EAS,CDX,Normal Metabolizer,Normal Metabolizer,Normal Metabolizer,Intermediate Metabolizer,Decreased Function,3,Moderate
HG02392,EAS,CDX,Normal Metabolizer,Normal Metabolizer,Normal Metabolizer,Normal Metabolizer,Decreased Function,2,Low
HG02394,EAS,CDX,Normal Metabolizer,Normal Metabolizer,Normal Metabolizer,Normal Metabolizer,Normal Function,0,Low
HG02395,EAS,CDX,Normal Metabolizer,Normal Metabolizer,Normal Metabolizer,Intermediate Metabolizer,Normal Function,1,Low
HG02396,EAS,CDX,Normal Metabolizer,Normal Metabolizer,Normal Metabolizer,Intermediate Metabolizer,Normal Function,1,Low
HG02397,EAS,CDX,Normal Metabolizer,Normal Metabolizer,Normal Metabolizer,Normal Metabolizer,Decreased Function,2,Low
HG02398,EAS,CDX,Normal Metabolizer,Normal Metabolizer,Normal Metabolizer,Intermediate Metabolizer,Normal Function,1,Low
HG02399,EAS,CDX,Normal Metabolizer,Normal Metabolizer,Normal Metabolizer,Normal Metabolizer,Decreased Function,2,Low
HG02401,EAS,CDX,Normal Metabolizer,Normal Metabolizer,Normal Metabolizer,Intermediate Metabolizer,Normal Function,1,Low
HG02402,EAS,CDX,Normal Metabolizer,Normal Metabolizer,Normal Metabolizer,Intermediate Metabolizer,Normal Function,1,Low
HG02406,EAS,CDX,Normal Metabolizer,Normal Metabolizer,Normal Metabolizer,Normal Metabolizer,Decreased Function,2,Low
HG02407,EAS,CDX,Normal Metabolizer,Normal Metabolizer,Normal Metabolizer,Normal Metabolizer,Normal Function,0,Low
HG02408,EAS,CDX,Normal Metabolizer,Normal Metabolizer,Normal Metabolizer,Normal Metabolizer,Normal Function,0,Low
HG02409,EAS,CDX,Normal Metabolizer,Normal Metabolizer,Normal Metabolizer,Normal Metabolizer,Normal Function,0,Low
HG02410,EAS,CDX,Normal Metabolizer,Normal Metabolizer,Normal Metabolizer,Intermediate Metabolizer,Normal Function,1,Low
HG02419,AFR,ACB,Normal Metabolizer,Normal Metabolizer,Normal Metabolizer,Normal Metabolizer,Normal Function,0,Low
HG02420,AFR,ACB,Normal Metabolizer,Normal Metabolizer,Intermediate Metabolizer,Normal Metabolizer,Normal Function,2,Low
HG02425,AMR,PEL,Normal Metabolizer,Normal Metabolizer,Intermediate Metabolizer,Normal Metabolizer,Normal Function,2,Low
HG02427,AFR,ACB,Normal Metabolizer,Normal Metabolizer,Normal Metabolizer,Normal Metabolizer,Normal Function,0,Low
HG02429,AFR,ACB,Intermediate Metabolizer,Normal Metabolizer,Normal Metabolizer,Normal Metabolizer,Normal Function,1,Low
HG02433,AFR,ACB,Normal Metabolizer,Normal Metabolizer,Intermediate Metabolizer,Normal Metabolizer,Normal Function,2,Low
HG02439,AFR,ACB,Normal Metabolizer,Normal Metabolizer,Normal Metabolizer,Normal Metabolizer,Normal Function,0,Low
HG02442,AFR,ACB,Normal Metabolizer,Normal Metabolizer,Normal Metabolizer,Normal Metabolizer,Normal Function,0,Low
HG02445,AFR,ACB,Intermediate Metabolizer,Normal Metabolizer,Normal Metabolizer,Normal Metabolizer,Normal Function,1,Low
HG02449,AFR,ACB,Intermediate Metabolizer,Normal Metabolizer,Normal Metabolizer,Normal Metabolizer,Normal Function,1,Low
HG02450,AFR,ACB,Normal Metabolizer,Normal Metabolizer,Intermediate Metabolizer,Normal Metabolizer,Normal Function,2,Low
HG02455,AFR,ACB,Normal Metabolizer,Normal Metabolizer,Normal Metabolizer,Intermediate Metabolizer,Normal Function,1,Low
HG02461,AFR,GWD,Normal Metabolizer,Normal Metabolizer,Normal Metabolizer,Normal Metabolizer,Normal Function,0,Low
HG02462,AFR,GWD,Normal Metabolizer,Normal Metabolizer,Intermediate Metabolizer,Normal Metabolizer,Normal Function,2,Low
HG02464,AFR,GWD,Normal Metabolizer,Normal Metabolizer,Intermediate Metabolizer,Normal Metabolizer,Normal Function,2,Low
HG02465,AFR,GWD,Normal Metabolizer,Normal Metabolizer,Normal Metabolizer,Normal Metabolizer,Normal Function,0,Low
HG02470,AFR,ACB,Normal Metabolizer,Normal Metabolizer,Intermediate Metabolizer,Normal Metabolizer,Decreased Function,4,Moderate
HG02471,AFR,ACB,Normal Metabolizer,Normal Metabolizer,Intermediate Metabolizer,Normal Metabolizer,Normal Function,2,Low
HG02476,AFR,ACB,Normal Metabolizer,Normal Metabolizer,Intermediate Metabolizer,Normal Metabolizer,Normal Function,2,Low
HG02477,AFR,ACB,Normal Metabolizer,Normal Metabolizer,Normal Metabolizer,Normal Metabolizer,Normal Function,0,Low
HG02479,AFR,ACB,Normal Metabolizer,Normal Metabolizer,Normal Metabolizer,Normal Metabolizer,Normal Function,0,Low
HG02481,AFR,ACB,Normal Metabolizer,Normal Metabolizer,Normal Metabolizer,Normal Metabolizer,Normal Function,0,Low
HG02484,AFR,ACB,Intermediate Metabolizer,Normal Metabolizer,Intermediate Metabolizer,Normal Metabolizer,Normal Function,3,Moderate
HG02485,AFR,ACB,Normal Metabolizer,Normal Metabolizer,Intermediate Metabolizer,Normal Metabolizer,Normal Function,2,Low
HG02489,AFR,ACB,Normal Metabolizer,Normal Metabolizer,Normal Metabolizer,Normal Metabolizer,Normal Function,0,Low
HG02490,SAS,PJL,Normal Metabolizer,Intermediate Metabolizer,Normal Metabolizer,Normal Metabolizer,Normal Function,1,Low
HG02491,SAS,PJL,Normal Metabolizer,Normal Metabolizer,Normal Metabolizer,Normal Metabolizer,Decreased Function,2,Low
HG02493,SAS,PJL,Normal Metabolizer,Normal Metabolizer,Intermediate Metabolizer,Normal Metabolizer,Decreased Function,4,Moderate
HG02494,SAS,PJL,Normal Metabolizer,Intermediate Metabolizer,Intermediate Metabolizer,Normal Metabolizer,Normal Function,3,Moderate
HG02496,AFR,ACB,Normal Metabolizer,Normal Metabolizer,Intermediate Metabolizer,Normal Metabolizer,Normal Function,2,Low
HG02497,AFR,ACB,Normal Metabolizer,Normal Metabolizer,Intermediate Metabolizer,Normal Metabolizer,Normal Function,2,Low
HG02501,AFR,ACB,Normal Metabolizer,Intermediate Metabolizer,Normal Metabolizer,Normal Metabolizer,Normal Function,1,Low
HG02502,AFR,ACB,Normal Metabolizer,Intermediate Metabolizer,Intermediate Metabolizer,Normal Metabolizer,Normal Function,3,Moderate
HG02505,AFR,ACB,Normal Metabolizer,Normal Metabolizer,Normal Metabolizer,Normal Metabolizer,Normal Function,0,Low
HG02508,AFR,ACB,Normal Metabolizer,Normal Metabolizer,Normal Metabolizer,Intermediate Metabolizer,Normal Function,1,Low
HG02511,AFR,ACB,Normal Metabolizer,Normal Metabolizer,Normal Metabolizer,Normal Metabolizer,Normal Function,0,Low
HG02512,EAS,KHV,Normal Metabolizer,Normal Metabolizer,Normal Metabolizer,Normal Metabolizer,Normal Function,0,Low
HG02513,EAS,KHV,Normal Metabolizer,Normal Metabolizer,Normal Metabolizer,Intermediate Metabolizer,Decreased Function,3,Moderate
HG02521,EAS,KHV,Normal Metabolizer,Normal Metabolizer,Normal Metabolizer,Normal Metabolizer,Normal Function,0,Low
HG02522,EAS,KHV,Normal Metabolizer,Normal Metabolizer,Normal Metabolizer,Normal Metabolizer,Normal Function,0,Low
HG02536,AFR,ACB,Normal Metabolizer,Normal Metabolizer,Intermediate Metabolizer,Normal Metabolizer,Normal Function,2,Low
HG02537,AFR,ACB,Normal Metabolizer,Normal Metabolizer,Normal Metabolizer,Normal Metabolizer,Normal Function,0,Low
HG02541,AFR,ACB,Normal Metabolizer,Normal Metabolizer,Intermediate Metabolizer,Normal Metabolizer,Normal Function,2,Low
HG02545,AFR,ACB,Normal Metabolizer,Normal Metabolizer,Intermediate Metabolizer,Normal Metabolizer,Normal Function,2,Low
HG02546,AFR,ACB,Normal Metabolizer,Normal Metabolizer,Intermediate Metabolizer,Normal Metabolizer,Normal Function,2,Low
HG02549,AFR,ACB,Intermediate Metabolizer,Normal Metabolizer,Normal Metabolizer,Normal Metabolizer,Normal Function,1,Low
HG02554,AFR,ACB,Normal Metabolizer,Normal Metabolizer,Normal Metabolizer,Intermediate Metabolizer,Normal Function,1,Low
HG02555,AFR,ACB,Normal Metabolizer,Normal Metabolizer,Normal Metabolizer,Normal Metabolizer,Normal Function,0,Low
HG02557,AFR,ACB,Normal Metabolizer,Normal Metabolizer,Intermediate Metabolizer,Normal Metabolizer,Normal Function,2,Low
HG02558,AFR,ACB,Normal Metabolizer,Normal Metabolizer,Normal Metabolizer,Normal Metabolizer,Normal Function,0,Low
HG02561,AFR,GWD,Normal Metabolizer,Normal Metabolizer,Normal Metabolizer,Normal Metabolizer,Normal Function,0,Low
HG02562,AFR,GWD,Normal Metabolizer,Normal Metabolizer,Intermediate Metabolizer,Normal Metabolizer,Normal Function,2,Low
HG02568,AFR,GWD,Normal Metabolizer,Normal Metabolizer,Intermediate Metabolizer,Normal Metabolizer,Normal Function,2,Low
HG02570,AFR,GWD,Normal Metabolizer,Normal Metabolizer,Normal Metabolizer,Normal Metabolizer,Normal Function,0,Low
HG02571,AFR,GWD,Normal Metabolizer,Normal Metabolizer,Intermediate Metabolizer,Normal Metabolizer,Normal Function,2,Low
HG02573,AFR,GWD,Normal Metabolizer,Normal Metabolizer,Intermediate Metabolizer,Normal Metabolizer,Normal Function,2,Low
HG02574,AFR,GWD,Normal Metabolizer,Normal Metabolizer,Normal Metabolizer,Normal Metabolizer,Normal Function,0,Low
HG02577,AFR,ACB,Normal Metabolizer,Normal Metabolizer,Normal Metabolizer,Normal Metabolizer,Normal Function,0,Low
HG02580,AFR,ACB,Normal Metabolizer,Normal Metabolizer,Normal Metabolizer,Normal Metabolizer,Normal Function,0,Low
HG02582,AFR,GWD,Normal Metabolizer,Normal Metabolizer,Intermediate Metabolizer,Normal Metabolizer,Normal Function,2,Low
HG02583,AFR,GWD,Normal Metabolizer,Normal Metabolizer,Normal Metabolizer,Normal Metabolizer,Normal Function,0,Low
HG02585,AFR,GWD,Normal Metabolizer,Normal Metabolizer,Intermediate Metabolizer,Normal Metabolizer,Normal Function,2,Low
HG02586,AFR,GWD,Normal Metabolizer,Normal Metabolizer,Normal Metabolizer,Normal Metabolizer,Normal Function,0,Low
HG02588,AFR,GWD,Normal Metabolizer,Normal Metabolizer,Intermediate Metabolizer,Normal Metabolizer,Normal Function,2,Low
HG02589,AFR,GWD,Normal Metabolizer,Normal Metabolizer,Normal Metabolizer,Normal Metabolizer,Normal Function,0,Low
HG02594,AFR,GWD,Normal Metabolizer,Normal Metabolizer,Intermediate Metabolizer,Intermediate Metabolizer,Normal Function,3,Moderate
HG02595,AFR,GWD,Intermediate Metabolizer,Normal Metabolizer,Normal Metabolizer,Normal Metabolizer,Normal Function,1,Low
HG02597,SAS,PJL,Normal Metabolizer,Normal Metabolizer,Normal Metabolizer,Normal Metabolizer,Normal Function,0,Low
HG02600,SAS,PJL,Normal Metabolizer,Normal Metabolizer,Normal Metabolizer,Normal Metabolizer,Normal Function,0,Low
HG02601,SAS,PJL,Normal Metabolizer,Normal Metabolizer,Normal Metabolizer,Normal Metabolizer,Normal Function,0,Low
HG02603,SAS,PJL,Normal Metabolizer,Normal Metabolizer,Intermediate Metabolizer,Normal Metabolizer,Normal Function,2,Low
HG02604,SAS,PJL,Normal Metabolizer,Normal Metabolizer,Intermediate Metabolizer,Normal Metabolizer,Normal Function,2,Low
HG02610,AFR,GWD,Normal Metabolizer,Normal Metabolizer,Intermediate Metabolizer,Normal Metabolizer,Normal Function,2,Low
HG02611,AFR,GWD,Normal Metabolizer,Normal Metabolizer,Normal Metabolizer,Normal Metabolizer,Normal Function,0,Low
HG02613,AFR,GWD,Normal Metabolizer,Normal Metabolizer,Intermediate Metabolizer,Normal Metabolizer,Normal Function,2,Low
HG02614,AFR,GWD,Normal Metabolizer,Normal Metabolizer,Normal Metabolizer,Normal Metabolizer,Normal Function,0,Low
HG02620,AFR,GWD,Normal Metabolizer,Normal Metabolizer,Normal Metabolizer,Normal Metabolizer,Normal Function,0,Low
HG02621,AFR,GWD,Normal Metabolizer,Normal Metabolizer,Intermediate Metabolizer,Normal Metabolizer,Normal Function,2,Low
HG02623,AFR,GWD,Normal Metabolizer,Normal Metabolizer,Intermediate Metabolizer,Normal Metabolizer,Normal Function,2,Low
HG02624,AFR,GWD,Normal Metabolizer,Normal Metabolizer,Intermediate Metabolizer,Normal Metabolizer,Normal Function,2,Low
HG02628,AFR,GWD,Normal Metabolizer,Normal Metabolizer,Normal Metabolizer,Normal Metabolizer,Normal Function,0,Low
HG02629,AFR,GWD,Intermediate Metabolizer,Normal Metabolizer,Intermediate Metabolizer,Normal Metabolizer,Normal Function,3,Moderate
HG02634,AFR,GWD,Normal Metabolizer,Normal Metabolizer,Normal Metabolizer,Normal Metabolizer,Normal Function,0,Low
HG02635,AFR,GWD,Normal Metabolizer,Normal Metabolizer,Intermediate Metabolizer,Normal Metabolizer,Normal Function,2,Low
HG02642,AFR,GWD,Normal Metabolizer,Normal Metabolizer,Intermediate Metabolizer,Normal Metabolizer,Normal Function,2,Low
HG02643,AFR,GWD,Normal Metabolizer,Normal Metabolizer,Normal Metabolizer,Normal Metabolizer,Normal Function,0,Low
HG02645,AFR,GWD,Normal Metabolizer,Normal Metabolizer,Normal Metabolizer,Normal Metabolizer,Normal Function,0,Low
HG02646,AFR,GWD,Normal Metabolizer,Normal Metabolizer,Intermediate Metabolizer,Normal Metabolizer,Normal Function,2,Low
HG02648,SAS,PJL,Normal Metabolizer,Intermediate Metabolizer,Intermediate Metabolizer,Normal Metabolizer,Normal Function,3,Moderate
HG02649,SAS,PJL,Normal Metabolizer,Normal Metabolizer,Normal Metabolizer,Normal Metabolizer,Decreased Function,2,Low
HG02651,SAS,PJL,Normal Metabolizer,Normal Metabolizer,Normal Metabolizer,Normal Metabolizer,Normal Function,0,Low
HG02652,SAS,PJL,Normal Metabolizer,Normal Metabolizer,Intermediate Metabolizer,Normal Metabolizer,Normal Function,2,Low
HG02654,SAS,PJL,Normal Metabolizer,Normal Metabolizer,Normal Metabolizer,Normal Metabolizer,Normal Function,0,Low
HG02655,SAS,PJL,Normal Metabolizer,Normal Metabolizer,Normal Metabolizer,Normal Metabolizer,Normal Function,0,Low
HG02657,SAS,PJL,Normal Metabolizer,Normal Metabolizer,Normal Metabolizer,Normal Metabolizer,Normal Function,0,Low
HG02658,SAS,PJL,Normal Metabolizer,Normal Metabolizer,Normal Metabolizer,Normal Metabolizer,Poor Function,3,Moderate
HG02660,SAS,PJL,Normal Metabolizer,Normal Metabolizer,Normal Metabolizer,Normal Metabolizer,Normal Function,0,Low
HG02661,SAS,PJL,Normal Metabolizer,Normal Metabolizer,Normal Metabolizer,Normal Metabolizer,Normal Function,0,Low
HG02666,AFR,GWD,Normal Metabolizer,Normal Metabolizer,Normal Metabolizer,Normal Metabolizer,Normal Function,0,Low
HG02667,AFR,GWD,Normal Metabolizer,Normal Metabolizer,Normal Metabolizer,Normal Metabolizer,Normal Function,0,Low
HG02675,AFR,GWD,Normal Metabolizer,Normal Metabolizer,Intermediate Metabolizer,Normal Metabolizer,Normal Function,2,Low
HG02676,AFR,GWD,Normal Metabolizer,Normal Metabolizer,Intermediate Metabolizer,Normal Metabolizer,Normal Function,2,Low
HG02678,AFR,GWD,Normal Metabolizer,Normal Metabolizer,Normal Metabolizer,Normal Metabolizer,Normal Function,0,Low
HG02679,AFR,GWD,Normal Metabolizer,Normal Metabolizer,Intermediate Metabolizer,Normal Metabolizer,Normal Function,2,Low
HG02681,SAS,PJL,Normal Metabolizer,Normal Metabolizer,Normal Metabolizer,Normal Metabolizer,Normal Function,0,Low
HG02682,SAS,PJL,Normal Metabolizer,Normal Metabolizer,Normal Metabolizer,Normal Metabolizer,Normal Function,0,Low
HG02684,SAS,PJL,Normal Metabolizer,Normal Metabolizer,Poor Metabolizer,Normal Metabolizer,Normal Function,3,Moderate
HG02685,SAS,PJL,Normal Metabolizer,Normal Metabolizer,Normal Metabolizer,Normal Metabolizer,Normal Function,0,Low
HG02687,SAS,PJL,Normal Metabolizer,Normal Metabolizer,Normal Metabolizer,Normal Metabolizer,Normal Function,0,Low
HG02688,SAS,PJL,Normal Metabolizer,Normal Metabolizer,Intermediate Metabolizer,Normal Metabolizer,Normal Function,2,Low
HG02690,SAS,PJL,Normal Metabolizer,Normal Metabolizer,Normal Metabolizer,Normal Metabolizer,Normal Function,0,Low
HG02691,SAS,PJL,Normal Metabolizer,Normal Metabolizer,Intermediate Metabolizer,Normal Metabolizer,Normal Function,2,Low
HG02694,SAS,PJL,Normal Metabolizer,Intermediate Metabolizer,Intermediate Metabolizer,Normal Metabolizer,Normal Function,3,Moderate
HG02696,SAS,PJL,Normal Metabolizer,Normal Metabolizer,Normal Metabolizer,Normal Metabolizer,Normal Function,0,Low
HG02697,SAS,PJL,Normal Metabolizer,Normal Metabolizer,Intermediate Metabolizer,Normal Metabolizer,Normal Function,2,Low
HG02699,SAS,PJL,Normal Metabolizer,Normal Metabolizer,Normal Metabolizer,Normal Metabolizer,Normal Function,0,Low
HG02700,SAS,PJL,Normal Metabolizer,Normal Metabolizer,Normal Metabolizer,Normal Metabolizer,Normal Function,0,Low
HG02702,AFR,GWD,Normal Metabolizer,Normal Metabolizer,Intermediate Metabolizer,Normal Metabolizer,Normal Function,2,Low
HG02703,AFR,GWD,Normal Metabolizer,Normal Metabolizer,Normal Metabolizer,Normal Metabolizer,Normal Function,0,Low
HG02715,AFR,GWD,Normal Metabolizer,Normal Metabolizer,Intermediate Metabolizer,Normal Metabolizer,Normal Function,2,Low
HG02716,AFR,GWD,Normal Metabolizer,Normal Metabolizer,Normal Metabolizer,Normal Metabolizer,Normal Function,0,Low
HG02721,AFR,GWD,Normal Metabolizer,Normal Metabolizer,Normal Metabolizer,Normal Metabolizer,Normal Function,0,Low
HG02722,AFR,GWD,Normal Metabolizer,Normal Metabolizer,Intermediate Metabolizer,Normal Metabolizer,Normal Function,2,Low
HG02724,SAS,PJL,Normal Metabolizer,Normal Metabolizer,Intermediate Metabolizer,Normal Metabolizer,Normal Function,2,Low
HG02725,SAS,PJL,Normal Metabolizer,Normal Metabolizer,Intermediate Metabolizer,Normal Metabolizer,Normal Function,2,Low
HG02727,SAS,PJL,Normal Metabolizer,Normal Metabolizer,Intermediate Metabolizer,Normal Metabolizer,Normal Function,2,Low
HG02728,SAS,PJL,Normal Metabolizer,Intermediate Metabolizer,Normal Metabolizer,Normal Metabolizer,Normal Function,1,Low
HG02731,SAS,PJL,Normal Metabolizer,Normal Metabolizer,Intermediate Metabolizer,Normal Metabolizer,Normal Function,2,Low
HG02733,SAS,PJL,Normal Metabolizer,Normal Metabolizer,Normal Metabolizer,Normal Metabolizer,Normal Function,0,Low
HG02734,SAS,PJL,Normal Metabolizer,Normal Metabolizer,Intermediate Metabolizer,Normal Metabolizer,Normal Function,2,Low
HG02736,SAS,PJL,Normal Metabolizer,Normal Metabolizer,Normal Metabolizer,Normal Metabolizer,Normal Function,0,Low
HG02737,SAS,PJL,Normal Metabolizer,Normal Metabolizer,Normal Metabolizer,Normal Metabolizer,Normal Function,0,Low
HG02756,AFR,GWD,Normal Metabolizer,Normal Metabolizer,Intermediate Metabolizer,Normal Metabolizer,Normal Function,2,Low
HG02757,AFR,GWD,Normal Metabolizer,Normal Metabolizer,Normal Metabolizer,Normal Metabolizer,Normal Function,0,Low
HG02759,AFR,GWD,Normal Metabolizer,Normal Metabolizer,Normal Metabolizer,Normal Metabolizer,Normal Function,0,Low
HG02760,AFR,GWD,Intermediate Metabolizer,Normal Metabolizer,Intermediate Metabolizer,Normal Metabolizer,Normal Function,3,Moderate
HG02763,AFR,GWD,Normal Metabolizer,Normal Metabolizer,Intermediate Metabolizer,Normal Metabolizer,Normal Function,2,Low
HG02768,AFR,GWD,Normal Metabolizer,Normal Metabolizer,Normal Metabolizer,Normal Metabolizer,Normal Function,0,Low
HG02769,AFR,GWD,Normal Metabolizer,Intermediate Metabolizer,Normal Metabolizer,Normal Metabolizer,Normal Function,1,Low
HG02771,AFR,GWD,Intermediate Metabolizer,Normal Metabolizer,Normal Metabolizer,Normal Metabolizer,Normal Function,1,Low
HG02772,AFR,GWD,Normal Metabolizer,Normal Metabolizer,Intermediate Metabolizer,Normal Metabolizer,Normal Function,2,Low
HG02774,SAS,PJL,Normal Metabolizer,Normal Metabolizer,Intermediate Metabolizer,Normal Metabolizer,Normal Function,2,Low
HG02775,SAS,PJL,Normal Metabolizer,Intermediate Metabolizer,Intermediate Metabolizer,Normal Metabolizer,Normal Function,3,Moderate
HG02778,SAS,PJL,Normal Metabolizer,Normal Metabolizer,Normal Metabolizer,Normal Metabolizer,Normal Function,0,Low
HG02780,SAS,PJL,Normal Metabolizer,Normal Metabolizer,Normal Metabolizer,Normal Metabolizer,Normal Function,0,Low
HG02783,SAS,PJL,Normal Metabolizer,Normal Metabolizer,Intermediate Metabolizer,Normal Metabolizer,Normal Function,2,Low
HG02784,SAS,PJL,Normal Metabolizer,Normal Metabolizer,Intermediate Metabolizer,Normal Metabolizer,Normal Function,2,Low
HG02786,SAS,PJL,Normal Metabolizer,Normal Metabolizer,Normal Metabolizer,Normal Metabolizer,Normal Function,0,Low
HG02787,SAS,PJL,Normal Metabolizer,Normal Metabolizer,Normal Metabolizer,Normal Metabolizer,Normal Function,0,Low
HG02789,SAS,PJL,Normal Metabolizer,Normal Metabolizer,Normal Metabolizer,Normal Metabolizer,Normal Function,0,Low
HG02790,SAS,PJL,Normal Metabolizer,Normal Metabolizer,Intermediate Metabolizer,Normal Metabolizer,Normal Function,2,Low
HG02792,SAS,PJL,Normal Metabolizer,Normal Metabolizer,Normal Metabolizer,Normal Metabolizer,Normal Function,0,Low
HG02793,SAS,PJL,Normal Metabolizer,Normal Metabolizer,Intermediate Metabolizer,Normal Metabolizer,Normal Function,2,Low
HG02798,AFR,GWD,Normal Metabolizer,Normal Metabolizer,Intermediate Metabolizer,Normal Metabolizer,Normal Function,2,Low
HG02799,AFR,GWD,Normal Metabolizer,Normal Metabolizer,Intermediate Metabolizer,Normal Metabolizer,Normal Function,2,Low
HG02804,AFR,GWD,Normal Metabolizer,Normal Metabolizer,Normal Metabolizer,Normal Metabolizer,Normal Function,0,Low
HG02805,AFR,GWD,Normal Metabolizer,Normal Metabolizer,Normal Metabolizer,Normal Metabolizer,Normal Function,0,Low
HG02807,AFR,GWD,Normal Metabolizer,Normal Metabolizer,Intermediate Metabolizer,Normal Metabolizer,Normal Function,2,Low
HG02808,AFR,GWD,Normal Metabolizer,Normal Metabolizer,Normal Metabolizer,Normal Metabolizer,Normal Function,0,Low
HG02810,AFR,GWD,Normal Metabolizer,Normal Metabolizer,Intermediate Metabolizer,Normal Metabolizer,Normal Function,2,Low
HG02811,AFR,GWD,Normal Metabolizer,Normal Metabolizer,Intermediate Metabolizer,Normal Metabolizer,Normal Function,2,Low
HG02813,AFR,GWD,Normal Metabolizer,Normal Metabolizer,Intermediate Metabolizer,Normal Metabolizer,Normal Function,2,Low
HG02814,AFR,GWD,Normal Metabolizer,Normal Metabolizer,Normal Metabolizer,Normal Metabolizer,Normal Function,0,Low
HG02816,AFR,GWD,Normal Metabolizer,Normal Metabolizer,Intermediate Metabolizer,Normal Metabolizer,Normal Function,2,Low
HG02817,AFR,GWD,Normal Metabolizer,Normal Metabolizer,Intermediate Metabolizer,Normal Metabolizer,Normal Function,2,Low
HG02819,AFR,GWD,Normal Metabolizer,Normal Metabolizer,Normal Metabolizer,Normal Metabolizer,Normal Function,0,Low
HG02820,AFR,GWD,Normal Metabolizer,Normal Metabolizer,Normal Metabolizer,Normal Metabolizer,Normal Function,0,Low
HG02836,AFR,GWD,Normal Metabolizer,Normal Metabolizer,Normal Metabolizer,Normal Metabolizer,Normal Function,0,Low
HG02837,AFR,GWD,Normal Metabolizer,Normal Metabolizer,Normal Metabolizer,Normal Metabolizer,Normal Function,0,Low
HG02839,AFR,GWD,Normal Metabolizer,Normal Metabolizer,Intermediate Metabolizer,Normal Metabolizer,Normal Function,2,Low
HG02840,AFR,GWD,Intermediate Metabolizer,Normal Metabolizer,Intermediate Metabolizer,Normal Metabolizer,Normal Function,3,Moderate
HG02851,AFR,GWD,Normal Metabolizer,Normal Metabolizer,Intermediate Metabolizer,Normal Metabolizer,Normal Function,2,Low
HG02852,AFR,GWD,Normal Metabolizer,Normal Metabolizer,Intermediate Metabolizer,Normal Metabolizer,Normal Function,2,Low
HG02854,AFR,GWD,Normal Metabolizer,Normal Metabolizer,Normal Metabolizer,Normal Metabolizer,Normal Function,0,Low
HG02855,AFR,GWD,Normal Metabolizer,Normal Metabolizer,Normal Metabolizer,Normal Metabolizer,Normal Function,0,Low
HG02860,AFR,GWD,Normal Metabolizer,Normal Metabolizer,Intermediate Metabolizer,Normal Metabolizer,Normal Function,2,Low
HG02861,AFR,GWD,Normal Metabolizer,Normal Metabolizer,Normal Metabolizer,Normal Metabolizer,Normal Function,0,Low
HG02870,AFR,GWD,Normal Metabolizer,Normal Metabolizer,Intermediate Metabolizer,Normal Metabolizer,Normal Function,2,Low
HG02878,AFR,GWD,Normal Metabolizer,Normal Metabolizer,Normal Metabolizer,Intermediate Metabolizer,Normal Function,1,Low
HG02879,AFR,GWD,Intermediate Metabolizer,Normal Metabolizer,Normal Metabolizer,Normal Metabolizer,Normal Function,1,Low
HG02881,AFR,GWD,Normal Metabolizer,Normal Metabolizer,Normal Metabolizer,Normal Metabolizer,Normal Function,0,Low
HG02882,AFR,GWD,Normal Metabolizer,Normal Metabolizer,Normal Metabolizer,Normal Metabolizer,Normal Function,0,Low
HG02884,AFR,GWD,Normal Metabolizer,Normal Metabolizer,Normal Metabolizer,Normal Metabolizer,Normal Function,0,Low
HG02885,AFR,GWD,Normal Metabolizer,Normal Metabolizer,Normal Metabolizer,Intermediate Metabolizer,Normal Function,1,Low
HG02887,AFR,GWD,Normal Metabolizer,Normal Metabolizer,Intermediate Metabolizer,Normal Metabolizer,Normal Function,2,Low
HG02888,AFR,GWD,Normal Metabolizer,Normal Metabolizer,Normal Metabolizer,Normal Metabolizer,Normal Function,0,Low
HG02890,AFR,GWD,Normal Metabolizer,Normal Metabolizer,Normal Metabolizer,Normal Metabolizer,Normal Function,0,Low
HG02891,AFR,GWD,Normal Metabolizer,Normal Metabolizer,Intermediate Metabolizer,Normal Metabolizer,Normal Function,2,Low
HG02895,AFR,GWD,Normal Metabolizer,Normal Metabolizer,Intermediate Metabolizer,Normal Metabolizer,Normal Function,2,Low
HG02896,AFR,GWD,Normal Metabolizer,Normal Metabolizer,Normal Metabolizer,Normal Metabolizer,Normal Function,0,Low
HG02922,AFR,ESN,Normal Metabolizer,Normal Metabolizer,Intermediate Metabolizer,Normal Metabolizer,Normal Function,2,Low
HG02923,AFR,ESN,Normal Metabolizer,Normal Metabolizer,Intermediate Metabolizer,Normal Metabolizer,Normal Function,2,Low
HG02938,AFR,ESN,Normal Metabolizer,Normal Metabolizer,Intermediate Metabolizer,Normal Metabolizer,Normal Function,2,Low
HG02941,AFR,ESN,Normal Metabolizer,Normal Metabolizer,Intermediate Metabolizer,Normal Metabolizer,Normal Function,2,Low
HG02943,AFR,ESN,Normal Metabolizer,Normal Metabolizer,Intermediate Metabolizer,Normal Metabolizer,Normal Function,2,Low
HG02944,AFR,ESN,Normal Metabolizer,Normal Metabolizer,Normal Metabolizer,Normal Metabolizer,Normal Function,0,Low
HG02946,AFR,ESN,Normal Metabolizer,Normal Metabolizer,Intermediate Metabolizer,Normal Metabolizer,Normal Function,2,Low
HG02947,AFR,ESN,Normal Metabolizer,Normal Metabolizer,Intermediate Metabolizer,Normal Metabolizer,Normal Function,2,Low
HG02952,AFR,ESN,Intermediate Metabolizer,Normal Metabolizer,Intermediate Metabolizer,Intermediate Metabolizer,Normal Function,4,Moderate
HG02953,AFR,ESN,Intermediate Metabolizer,Normal Metabolizer,Intermediate Metabolizer,Normal Metabolizer,Normal Function,3,Moderate
HG02968,AFR,ESN,Normal Metabolizer,Normal Metabolizer,Intermediate Metabolizer,Normal Metabolizer,Normal Function,2,Low
HG02970,AFR,ESN,Normal Metabolizer,Normal Metabolizer,Normal Metabolizer,Normal Metabolizer,Normal Function,0,Low
HG02971,AFR,ESN,Intermediate Metabolizer,Normal Metabolizer,Intermediate Metabolizer,Normal Metabolizer,Normal Function,3,Moderate
HG02973,AFR,ESN,Normal Metabolizer,Normal Metabolizer,Normal Metabolizer,Normal Metabolizer,Normal Function,0,Low
HG02974,AFR,ESN,Normal Metabolizer,Normal Metabolizer,Normal Metabolizer,Normal Metabolizer,Normal Function,0,Low
HG02976,AFR,ESN,Normal Metabolizer,Normal Metabolizer,Intermediate Metabolizer,Normal Metabolizer,Normal Function,2,Low
HG02977,AFR,ESN,Normal Metabolizer,Normal Metabolizer,Normal Metabolizer,Intermediate Metabolizer,Normal Function,1,Low
HG02979,AFR,ESN,Normal Metabolizer,Normal Metabolizer,Intermediate Metabolizer,Normal Metabolizer,Normal Function,2,Low
HG02981,AFR,ESN,Normal Metabolizer,Normal Metabolizer,Normal Metabolizer,Normal Metabolizer,Normal Function,0,Low
HG02982,AFR,GWD,Normal Metabolizer,Normal Metabolizer,Intermediate Metabolizer,Normal Metabolizer,Normal Function,2,Low
HG02983,AFR,GWD,Normal Metabolizer,Normal Metabolizer,Normal Metabolizer,Normal Metabolizer,Normal Function,0,Low
HG03006,SAS,BEB,Normal Metabolizer,Normal Metabolizer,Normal Metabolizer,Normal Metabolizer,Normal Function,0,Low
HG03007,SAS,BEB,Normal Metabolizer,Normal Metabolizer,Intermediate Metabolizer,Normal Metabolizer,Normal Function,2,Low
HG03009,SAS,BEB,Normal Metabolizer,Normal Metabolizer,Normal Metabolizer,Normal Metabolizer,Normal Function,0,Low
HG03012,SAS,BEB,Normal Metabolizer,Normal Metabolizer,Normal Metabolizer,Intermediate Metabolizer,Normal Function,1,Low
HG03015,SAS,PJL,Normal Metabolizer,Normal Metabolizer,Normal Metabolizer,Normal Metabolizer,Normal Function,0,Low
HG03016,SAS,PJL,Normal Metabolizer,Normal Metabolizer,Normal Metabolizer,Normal Metabolizer,Normal Function,0,Low
HG03018,SAS,PJL,Normal Metabolizer,Normal Metabolizer,Normal Metabolizer,Normal Metabolizer,Normal Function,0,Low
HG03019,SAS,PJL,Normal Metabolizer,Normal Metabolizer,Intermediate Metabolizer,Normal Metabolizer,Normal Function,2,Low
HG03021,SAS,PJL,Normal Metabolizer,Normal Metabolizer,Intermediate Metabolizer,Normal Metabolizer,Normal Function,2,Low
HG03022,SAS,PJL,Normal Metabolizer,Normal Metabolizer,Normal Metabolizer,Normal Metabolizer,Normal Function,0,Low
HG03024,AFR,GWD,Normal Metabolizer,Normal Metabolizer,Intermediate Metabolizer,Normal Metabolizer,Normal Function,2,Low
HG03025,AFR,GWD,Normal Metabolizer,Normal Metabolizer,Intermediate Metabolizer,Normal Metabolizer,Normal Function,2,Low
HG03027,AFR,GWD,Normal Metabolizer,Normal Metabolizer,Normal Metabolizer,Normal Metabolizer,Normal Function,0,Low
HG03028,AFR,GWD,Normal Metabolizer,Normal Metabolizer,Normal Metabolizer,Normal Metabolizer,Normal Function,0,Low
HG03039,AFR,GWD,Normal Metabolizer,Normal Metabolizer,Normal Metabolizer,Normal Metabolizer,Normal Function,0,Low
HG03040,AFR,GWD,Normal Metabolizer,Normal Metabolizer,Normal Metabolizer,Normal Metabolizer,Normal Function,0,Low
HG03045,AFR,GWD,Normal Metabolizer,Normal Metabolizer,Normal Metabolizer,Normal Metabolizer,Normal Function,0,Low
HG03046,AFR,GWD,Intermediate Metabolizer,Normal Metabolizer,Intermediate Metabolizer,Normal Metabolizer,Normal Function,3,Moderate
HG03048,AFR,GWD,Normal Metabolizer,Normal Metabolizer,Intermediate Metabolizer,Normal Metabolizer,Normal Function,2,Low
HG03049,AFR,GWD,Normal Metabolizer,Normal Metabolizer,Intermediate Metabolizer,Normal Metabolizer,Normal Function,2,Low
HG03052,AFR,MSL,Normal Metabolizer,Normal Metabolizer,Intermediate Metabolizer,Normal Metabolizer,Normal Function,2,Low
HG03054,AFR,MSL,Normal Metabolizer,Normal Metabolizer,Normal Metabolizer,Normal Metabolizer,Normal Function,0,Low
HG03055,AFR,MSL,Normal Metabolizer,Normal Metabolizer,Intermediate Metabolizer,Normal Metabolizer,Normal Function,2,Low
HG03057,AFR,MSL,Normal Metabolizer,Normal Metabolizer,Normal Metabolizer,Normal Metabolizer,Normal Function,0,Low
HG03058,AFR,MSL,Normal Metabolizer,Normal Metabolizer,Normal Metabolizer,Intermediate Metabolizer,Normal Function,1,Low
HG03060,AFR,MSL,Normal Metabolizer,Normal Metabolizer,Intermediate Metabolizer,Normal Metabolizer,Normal Function,2,Low
HG03061,AFR,MSL,Normal Metabolizer,Normal Metabolizer,Intermediate Metabolizer,Normal Metabolizer,Normal Function,2,Low
HG03063,AFR,MSL,Normal Metabolizer,Normal Metabolizer,Intermediate Metabolizer,Normal Metabolizer,Normal Function,2,Low
HG03064,AFR,MSL,Normal Metabolizer,Normal Metabolizer,Normal Metabolizer,Normal Metabolizer,Normal Function,0,Low
HG03066,AFR,MSL,Normal Metabolizer,Normal Metabolizer,Intermediate Metabolizer,Normal Metabolizer,Normal Function,2,Low
HG03069,AFR,MSL,Normal Metabolizer,Normal Metabolizer,Intermediate Metabolizer,Normal Metabolizer,Normal Function,2,Low
HG03072,AFR,MSL,Normal Metabolizer,Normal Metabolizer,Intermediate Metabolizer,Normal Metabolizer,Normal Function,2,Low
HG03073,AFR,MSL,Normal Metabolizer,Normal Metabolizer,Intermediate Metabolizer,Normal Metabolizer,Normal Function,2,Low
HG03074,AFR,MSL,Intermediate Metabolizer,Normal Metabolizer,Normal Metabolizer,Normal Metabolizer,Normal Function,1,Low
HG03077,AFR,MSL,Normal Metabolizer,Normal Metabolizer,Intermediate Metabolizer,Normal Metabolizer,Normal Function,2,Low
HG03078,AFR,MSL,Normal Metabolizer,Normal Metabolizer,Intermediate Metabolizer,Normal Metabolizer,Normal Function,2,Low
HG03079,AFR,MSL,Normal Metabolizer,Normal Metabolizer,Normal Metabolizer,Normal Metabolizer,Normal Function,0,Low
HG03081,AFR,MSL,Normal Metabolizer,Normal Metabolizer,Normal Metabolizer,Normal Metabolizer,Normal Function,0,Low
HG03082,AFR,MSL,Normal Metabolizer,Normal Metabolizer,Normal Metabolizer,Normal Metabolizer,Normal Function,0,Low
HG03084,AFR,MSL,Normal Metabolizer,Normal Metabolizer,Normal Metabolizer,Normal Metabolizer,Normal Function,0,Low
HG03085,AFR,MSL,Intermediate Metabolizer,Normal Metabolizer,Normal Metabolizer,Normal Metabolizer,Normal Function,1,Low
HG03086,AFR,MSL,Normal Metabolizer,Normal Metabolizer,Normal Metabolizer,Normal Metabolizer,Normal Function,0,Low
HG03088,AFR,MSL,Normal Metabolizer,Normal Metabolizer,Intermediate Metabolizer,Normal Metabolizer,Normal Function,2,Low
HG03091,AFR,MSL,Normal Metabolizer,Normal Metabolizer,Normal Metabolizer,Normal Metabolizer,Normal Function,0,Low
HG03095,AFR,MSL,Normal Metabolizer,Normal Metabolizer,Intermediate Metabolizer,Normal Metabolizer,Normal Function,2,Low
HG03096,AFR,MSL,Normal Metabolizer,Normal Metabolizer,Normal Metabolizer,Normal Metabolizer,Normal Function,0,Low
HG03097,AFR,MSL,Normal Metabolizer,Normal Metabolizer,Intermediate Metabolizer,Normal Metabolizer,Normal Function,2,Low
HG03099,AFR,ESN,Normal Metabolizer,Normal Metabolizer,Normal Metabolizer,Normal Metabolizer,Normal Function,0,Low
HG03100,AFR,ESN,Normal Metabolizer,Normal Metabolizer,Intermediate Metabolizer,Normal Metabolizer,Normal Function,2,Low
HG03103,AFR,ESN,Normal Metabolizer,Normal Metabolizer,Normal Metabolizer,Normal Metabolizer,Normal Function,0,Low
HG03105,AFR,ESN,Normal Metabolizer,Normal Metabolizer,Intermediate Metabolizer,Normal Metabolizer,Normal Function,2,Low
HG03108,AFR,ESN,Intermediate Metabolizer,Normal Metabolizer,Intermediate Metabolizer,Normal Metabolizer,Normal Function,3,Moderate
HG03109,AFR,ESN,Normal Metabolizer,Normal Metabolizer,Intermediate Metabolizer,Normal Metabolizer,Normal Function,2,Low
HG03111,AFR,ESN,Normal Metabolizer,Normal Metabolizer,Normal Metabolizer,Normal Metabolizer,Normal Function,0,Low
HG03112,AFR,ESN,Normal Metabolizer,Normal Metabolizer,Intermediate Metabolizer,Normal Metabolizer,Normal Function,2,Low
HG03114,AFR,ESN,Normal Metabolizer,Normal Metabolizer,Normal Metabolizer,Normal Metabolizer,Normal Function,0,Low
HG03115,AFR,ESN,Normal Metabolizer,Normal Metabolizer,Intermediate Metabolizer,Normal Metabolizer,Normal Function,2,Low
HG03117,AFR,ESN,Normal Metabolizer,Normal Metabolizer,Normal Metabolizer,Normal Metabolizer,Normal Function,0,Low
HG03118,AFR,ESN,Normal Metabolizer,Normal Metabolizer,Intermediate Metabolizer,Normal Metabolizer,Normal Function,2,Low
HG03120,AFR,ESN,Normal Metabolizer,Normal Metabolizer,Normal Metabolizer,Normal Metabolizer,Normal Function,0,Low
HG03121,AFR,ESN,Normal Metabolizer,Normal Metabolizer,Intermediate Metabolizer,Normal Metabolizer,Normal Function,2,Low
HG03123,AFR,ESN,Normal Metabolizer,Normal Metabolizer,Intermediate Metabolizer,Normal Metabolizer,Normal Function,2,Low
HG03124,AFR,ESN,Intermediate Metabolizer,Normal Metabolizer,Intermediate Metabolizer,Normal Metabolizer,Normal Function,3,Moderate
HG03126,AFR,ESN,Normal Metabolizer,Normal Metabolizer,Normal Metabolizer,Normal Metabolizer,Normal Function,0,Low
HG03127,AFR,ESN,Normal Metabolizer,Normal Metabolizer,Normal Metabolizer,Normal Metabolizer,Normal Function,0,Low
HG03129,AFR,ESN,Normal Metabolizer,Normal Metabolizer,Intermediate Metabolizer,Normal Metabolizer,Normal Function,2,Low
HG03130,AFR,ESN,Normal Metabolizer,Normal Metabolizer,Normal Metabolizer,Normal Metabolizer,Normal Function,0,Low
HG03132,AFR,ESN,Normal Metabolizer,Normal Metabolizer,Normal Metabolizer,Normal Metabolizer,Normal Function,0,Low
HG03133,AFR,ESN,Normal Metabolizer,Normal Metabolizer,Normal Metabolizer,Normal Metabolizer,Normal Function,0,Low
HG03135,AFR,ESN,Normal Metabolizer,Normal Metabolizer,Normal Metabolizer,Normal Metabolizer,Normal Function,0,Low
HG03136,AFR,ESN,Normal Metabolizer,Normal Metabolizer,Normal Metabolizer,Normal Metabolizer,Normal Function,0,Low
HG03139,AFR,ESN,Intermediate Metabolizer,Normal Metabolizer,Intermediate Metabolizer,Normal Metabolizer,Normal Function,3,Moderate
HG03157,AFR,ESN,Normal Metabolizer,Normal Metabolizer,Normal Metabolizer,Normal Metabolizer,Normal Function,0,Low
HG03159,AFR,ESN,Normal Metabolizer,Normal Metabolizer,Intermediate Metabolizer,Normal Metabolizer,Normal Function,2,Low
HG03160,AFR,ESN,Intermediate Metabolizer,Normal Metabolizer,Intermediate Metabolizer,Normal Metabolizer,Normal Function,3,Moderate
HG03162,AFR,ESN,Normal Metabolizer,Normal Metabolizer,Intermediate Metabolizer,Normal Metabolizer,Normal Function,2,Low
HG03163,AFR,ESN,Intermediate Metabolizer,Normal Metabolizer,Intermediate Metabolizer,Normal Metabolizer,Normal Function,3,Moderate
HG03166,AFR,ESN,Normal Metabolizer,Normal Metabolizer,Intermediate Metabolizer,Normal Metabolizer,Normal Function,2,Low
HG03168,AFR,ESN,Normal Metabolizer,Normal Metabolizer,Intermediate Metabolizer,Normal Metabolizer,Normal Function,2,Low
HG03169,AFR,ESN,Intermediate Metabolizer,Normal Metabolizer,Intermediate Metabolizer,Normal Metabolizer,Normal Function,3,Moderate
HG03172,AFR,ESN,Normal Metabolizer,Normal Metabolizer,Normal Metabolizer,Normal Metabolizer,Normal Function,0,Low
HG03175,AFR,ESN,Normal Metabolizer,Normal Metabolizer,Normal Metabolizer,Normal Metabolizer,Normal Function,0,Low
HG03189,AFR,ESN,Normal Metabolizer,Normal Metabolizer,Normal Metabolizer,Normal Metabolizer,Normal Function,0,Low
HG03190,AFR,ESN,Normal Metabolizer,Normal Metabolizer,Normal Metabolizer,Normal Metabolizer,Normal Function,0,Low
HG03193,AFR,ESN,Intermediate Metabolizer,Normal Metabolizer,Intermediate Metabolizer,Normal Metabolizer,Normal Function,3,Moderate
HG03195,AFR,ESN,Normal Metabolizer,Normal Metabolizer,Normal Metabolizer,Normal Metabolizer,Normal Function,0,Low
HG03196,AFR,ESN,Normal Metabolizer,Normal Metabolizer,Normal Metabolizer,Normal Metabolizer,Normal Function,0,Low
HG03198,AFR,ESN,Intermediate Metabolizer,Normal Metabolizer,Normal Metabolizer,Normal Metabolizer,Normal Function,1,Low
HG03199,AFR,ESN,Normal Metabolizer,Normal Metabolizer,Intermediate Metabolizer,Normal Metabolizer,Normal Function,2,Low
HG03202,AFR,ESN,Normal Metabolizer,Normal Metabolizer,Intermediate Metabolizer,Normal Metabolizer,Normal Function,2,Low
HG03209,AFR,MSL,Normal Metabolizer,Normal Metabolizer,Intermediate Metabolizer,Normal Metabolizer,Normal Function,2,Low
HG03212,AFR,MSL,Normal Metabolizer,Normal Metabolizer,Normal Metabolizer,Normal Metabolizer,Normal Function,0,Low
HG03224,AFR,MSL,Normal Metabolizer,Normal Metabolizer,Normal Metabolizer,Normal Metabolizer,Normal Function,0,Low
HG03225,AFR,MSL,Normal Metabolizer,Normal Metabolizer,Intermediate Metabolizer,Intermediate Metabolizer,Normal Function,3,Moderate
HG03228,SAS,PJL,Normal Metabolizer,Normal Metabolizer,Normal Metabolizer,Normal Metabolizer,Normal Function,0,Low
HG03229,SAS,PJL,Normal Metabolizer,Normal Metabolizer,Normal Metabolizer,Normal Metabolizer,Normal Function,0,Low
HG03234,SAS,PJL,Normal Metabolizer,Intermediate Metabolizer,Normal Metabolizer,Normal Metabolizer,Normal Function,1,Low
HG03235,SAS,PJL,Normal Metabolizer,Normal Metabolizer,Intermediate Metabolizer,Normal Metabolizer,Normal Function,2,Low
HG03237,SAS,PJL,Normal Metabolizer,Normal Metabolizer,Intermediate Metabolizer,Normal Metabolizer,Normal Function,2,Low
HG03238,SAS,PJL,Normal Metabolizer,Normal Metabolizer,Intermediate Metabolizer,Normal Metabolizer,Normal Function,2,Low
HG03240,AFR,GWD,Normal Metabolizer,Normal Metabolizer,Normal Metabolizer,Normal Metabolizer,Normal Function,0,Low
HG03241,AFR,GWD,Normal Metabolizer,Normal Metabolizer,Intermediate Metabolizer,Normal Metabolizer,Normal Function,2,Low
HG03246,AFR,GWD,Normal Metabolizer,Normal Metabolizer,Intermediate Metabolizer,Normal Metabolizer,Normal Function,2,Low
HG03247,AFR,GWD,Normal Metabolizer,Normal Metabolizer,Intermediate Metabolizer,Normal Metabolizer,Normal Function,2,Low
HG03258,AFR,GWD,Normal Metabolizer,Normal Metabolizer,Normal Metabolizer,Normal Metabolizer,Normal Function,0,Low
HG03259,AFR,GWD,Normal Metabolizer,Normal Metabolizer,Intermediate Metabolizer,Normal Metabolizer,Normal Function,2,Low
HG03265,AFR,ESN,Normal Metabolizer,Normal Metabolizer,Normal Metabolizer,Normal Metabolizer,Normal Function,0,Low
HG03267,AFR,ESN,Normal Metabolizer,Normal Metabolizer,Intermediate Metabolizer,Normal Metabolizer,Normal Function,2,Low
HG03268,AFR,ESN,Normal Metabolizer,Normal Metabolizer,Intermediate Metabolizer,Normal Metabolizer,Normal Function,2,Low
HG03270,AFR,ESN,Normal Metabolizer,Normal Metabolizer,Normal Metabolizer,Normal Metabolizer,Normal Function,0,Low
HG03271,AFR,ESN,Normal Metabolizer,Normal Metabolizer,Normal Metabolizer,Normal Metabolizer,Normal Function,0,Low
HG03279,AFR,ESN,Normal Metabolizer,Normal Metabolizer,Normal Metabolizer,Normal Metabolizer,Normal Function,0,Low
HG03280,AFR,ESN,Normal Metabolizer,Normal Metabolizer,Intermediate Metabolizer,Normal Metabolizer,Normal Function,2,Low
HG03291,AFR,ESN,Intermediate Metabolizer,Normal Metabolizer,Normal Metabolizer,Normal Metabolizer,Normal Function,1,Low
HG03294,AFR,ESN,Normal Metabolizer,Normal Metabolizer,Intermediate Metabolizer,Normal Metabolizer,Normal Function,2,Low
HG03295,AFR,ESN,Normal Metabolizer,Normal Metabolizer,Intermediate Metabolizer,Normal Metabolizer,Normal Function,2,Low
HG03297,AFR,ESN,Intermediate Metabolizer,Normal Metabolizer,Intermediate Metabolizer,Normal Metabolizer,Normal Function,3,Moderate
HG03298,AFR,ESN,Normal Metabolizer,Normal Metabolizer,Intermediate Metabolizer,Normal Metabolizer,Normal Function,2,Low
HG03300,AFR,ESN,Normal Metabolizer,Normal Metabolizer,Intermediate Metabolizer,Normal Metabolizer,Normal Function,2,Low
HG03301,AFR,ESN,Intermediate Metabolizer,Normal Metabolizer,Normal Metabolizer,Normal Metabolizer,Normal Function,1,Low
HG03303,AFR,ESN,Intermediate Metabolizer,Normal Metabolizer,Normal Metabolizer,Normal Metabolizer,Normal Function,1,Low
HG03304,AFR,ESN,Normal Metabolizer,Normal Metabolizer,Normal Metabolizer,Normal Metabolizer,Normal Function,0,Low
HG03311,AFR,ESN,Normal Metabolizer,Normal Metabolizer,Intermediate Metabolizer,Normal Metabolizer,Normal Function,2,Low
HG03313,AFR,ESN,Normal Metabolizer,Normal Metabolizer,Intermediate Metabolizer,Normal Metabolizer,Normal Function,2,Low
HG03342,AFR,ESN,Intermediate Metabolizer,Normal Metabolizer,Intermediate Metabolizer,Normal Metabolizer,Normal Function,3,Moderate
HG03343,AFR,ESN,Normal Metabolizer,Normal Metabolizer,Normal Metabolizer,Normal Metabolizer,Normal Function,0,Low
HG03351,AFR,ESN,Normal Metabolizer,Normal Metabolizer,Normal Metabolizer,Normal Metabolizer,Normal Function,0,Low
HG03352,AFR,ESN,Normal Metabolizer,Normal Metabolizer,Normal Metabolizer,Normal Metabolizer,Normal Function,0,Low
HG03354,AFR,ESN,Intermediate Metabolizer,Normal Metabolizer,Intermediate Metabolizer,Normal Metabolizer,Normal Function,3,Moderate
HG03363,AFR,ESN,Normal Metabolizer,Normal Metabolizer,Intermediate Metabolizer,Normal Metabolizer,Normal Function,2,Low
HG03366,AFR,ESN,Intermediate Metabolizer,Normal Metabolizer,Normal Metabolizer,Normal Metabolizer,Normal Function,1,Low
HG03367,AFR,ESN,Normal Metabolizer,Normal Metabolizer,Normal Metabolizer,Normal Metabolizer,Normal Function,0,Low
HG03369,AFR,ESN,Normal Metabolizer,Normal Metabolizer,Normal Metabolizer,Normal Metabolizer,Normal Function,0,Low
HG03370,AFR,ESN,Normal Metabolizer,Normal Metabolizer,Normal Metabolizer,Normal Metabolizer,Normal Function,0,Low
HG03372,AFR,ESN,Intermediate Metabolizer,Normal Metabolizer,Intermediate Metabolizer,Normal Metabolizer,Normal Function,3,Moderate
HG03376,AFR,MSL,Normal Metabolizer,Normal Metabolizer,Normal Metabolizer,Normal Metabolizer,Normal Function,0,Low
HG03378,AFR,MSL,Normal Metabolizer,Normal Metabolizer,Intermediate Metabolizer,Normal Metabolizer,Normal Function,2,Low
HG03380,AFR,MSL,Intermediate Metabolizer,Normal Metabolizer,Normal Metabolizer,Normal Metabolizer,Normal Function,1,Low
HG03382,AFR,MSL,Normal Metabolizer,Normal Metabolizer,Normal Metabolizer,Normal Metabolizer,Normal Function,0,Low
HG03385,AFR,MSL,Normal Metabolizer,Normal Metabolizer,Normal Metabolizer,Normal Metabolizer,Normal Function,0,Low
HG03388,AFR,MSL,Normal Metabolizer,Normal Metabolizer,Normal Metabolizer,Normal Metabolizer,Normal Function,0,Low
HG03391,AFR,MSL,Normal Metabolizer,Normal Metabolizer,Intermediate Metabolizer,Normal Metabolizer,Normal Function,2,Low
HG03394,AFR,MSL,Normal Metabolizer,Normal Metabolizer,Normal Metabolizer,Intermediate Metabolizer,Normal Function,1,Low
HG03397,AFR,MSL,Normal Metabolizer,Normal Metabolizer,Normal Metabolizer,Normal Metabolizer,Normal Function,0,Low
HG03401,AFR,MSL,Normal Metabolizer,Normal Metabolizer,Intermediate Metabolizer,Normal Metabolizer,Normal Function,2,Low
HG03410,AFR,MSL,Normal Metabolizer,Normal Metabolizer,Normal Metabolizer,Normal Metabolizer,Normal Function,0,Low
HG03419,AFR,MSL,Intermediate Metabolizer,Normal Metabolizer,Normal Metabolizer,Normal Metabolizer,Normal Function,1,Low
HG03428,AFR,MSL,Normal Metabolizer,Normal Metabolizer,Intermediate Metabolizer,Normal Metabolizer,Normal Function,2,Low
HG03432,AFR,MSL,Normal Metabolizer,Normal Metabolizer,Intermediate Metabolizer,Normal Metabolizer,Normal Function,2,Low
HG03433,AFR,MSL,Normal Metabolizer,Normal Metabolizer,Intermediate Metabolizer,Normal Metabolizer,Normal Function,2,Low
HG03436,AFR,MSL,Normal Metabolizer,Normal Metabolizer,Normal Metabolizer,Normal Metabolizer,Normal Function,0,Low
HG03437,AFR,MSL,Normal Metabolizer,Normal Metabolizer,Normal Metabolizer,Normal Metabolizer,Normal Function,0,Low
HG03439,AFR,MSL,Normal Metabolizer,Normal Metabolizer,Intermediate Metabolizer,Normal Metabolizer,Normal Function,2,Low
HG03442,AFR,MSL,Normal Metabolizer,Normal Metabolizer,Intermediate Metabolizer,Normal Metabolizer,Normal Function,2,Low
HG03445,AFR,MSL,Normal Metabolizer,Normal Metabolizer,Intermediate Metabolizer,Normal Metabolizer,Normal Function,2,Low
HG03446,AFR,MSL,Intermediate Metabolizer,Normal Metabolizer,Intermediate Metabolizer,Normal Metabolizer,Normal Function,3,Moderate
HG03449,AFR,MSL,Normal Metabolizer,Normal Metabolizer,Intermediate Metabolizer,Normal Metabolizer,Normal Function,2,Low
HG03451,AFR,MSL,Normal Metabolizer,Normal Metabolizer,Normal Metabolizer,Normal Metabolizer,Normal Function,0,Low
HG03452,AFR,MSL,Intermediate Metabolizer,Normal Metabolizer,Normal Metabolizer,Normal Metabolizer,Normal Function,1,Low
HG03455,AFR,MSL,Normal Metabolizer,Normal Metabolizer,Intermediate Metabolizer,Normal Metabolizer,Normal Function,2,Low
HG03457,AFR,MSL,Normal Metabolizer,Normal Metabolizer,Normal Metabolizer,Normal Metabolizer,Normal Function,0,Low
HG03458,AFR,MSL,Normal Metabolizer,Normal Metabolizer,Intermediate Metabolizer,Normal Metabolizer,Normal Function,2,Low
HG03460,AFR,MSL,Normal Metabolizer,Normal Metabolizer,Intermediate Metabolizer,Normal Metabolizer,Normal Function,2,Low
HG03461,AFR,MSL,Normal Metabolizer,Normal Metabolizer,Normal Metabolizer,Normal Metabolizer,Normal Function,0,Low
HG03464,AFR,MSL,Normal Metabolizer,Normal Metabolizer,Normal Metabolizer,Normal Metabolizer,Normal Function,0,Low
HG03469,AFR,MSL,Normal Metabolizer,Normal Metabolizer,Intermediate Metabolizer,Normal Metabolizer,Normal Function,2,Low
HG03470,AFR,MSL,Normal Metabolizer,Normal Metabolizer,Intermediate Metabolizer,Normal Metabolizer,Normal Function,2,Low
HG03472,AFR,MSL,Normal Metabolizer,Normal Metabolizer,Normal Metabolizer,Normal Metabolizer,Normal Function,0,Low
HG03473,AFR,MSL,Normal Metabolizer,Normal Metabolizer,Normal Metabolizer,Normal Metabolizer,Normal Function,0,Low
HG03476,AFR,MSL,Normal Metabolizer,Normal Metabolizer,Normal Metabolizer,Normal Metabolizer,Normal Function,0,Low
HG03478,AFR,MSL,Normal Metabolizer,Normal Metabolizer,Intermediate Metabolizer,Normal Metabolizer,Normal Function,2,Low
HG03479,AFR,MSL,Normal Metabolizer,Normal Metabolizer,Normal Metabolizer,Normal Metabolizer,Normal Function,0,Low
HG03484,AFR,MSL,Normal Metabolizer,Normal Metabolizer,Normal Metabolizer,Normal Metabolizer,Normal Function,0,Low
HG03485,AFR,MSL,Normal Metabolizer,Normal Metabolizer,Normal Metabolizer,Normal Metabolizer,Normal Function,0,Low
HG03488,SAS,PJL,Normal Metabolizer,Normal Metabolizer,Intermediate Metabolizer,Normal Metabolizer,Normal Function,2,Low
HG03490,SAS,PJL,Normal Metabolizer,Normal Metabolizer,Normal Metabolizer,Normal Metabolizer,Normal Function,0,Low
HG03491,SAS,PJL,Normal Metabolizer,Normal Metabolizer,Intermediate Metabolizer,Normal Metabolizer,Normal Function,2,Low
HG03499,AFR,ESN,Normal Metabolizer,Normal Metabolizer,Intermediate Metabolizer,Normal Metabolizer,Normal Function,2,Low
HG03511,AFR,ESN,Normal Metabolizer,Normal Metabolizer,Intermediate Metabolizer,Normal Metabolizer,Normal Function,2,Low
HG03514,AFR,ESN,Normal Metabolizer,Normal Metabolizer,Normal Metabolizer,Normal Metabolizer,Normal Function,0,Low
HG03515,AFR,ESN,Intermediate Metabolizer,Normal Metabolizer,Normal Metabolizer,Normal Metabolizer,Normal Function,1,Low
HG03517,AFR,ESN,Intermediate Metabolizer,Normal Metabolizer,Normal Metabolizer,Normal Metabolizer,Normal Function,1,Low
HG03518,AFR,ESN,Intermediate Metabolizer,Normal Metabolizer,Normal Metabolizer,Normal Metabolizer,Normal Function,1,Low
HG03520,AFR,ESN,Normal Metabolizer,Normal Metabolizer,Intermediate Metabolizer,Normal Metabolizer,Normal Function,2,Low
HG03521,AFR,ESN,Normal Metabolizer,Normal Metabolizer,Intermediate Metabolizer,Normal Metabolizer,Normal Function,2,Low
HG03538,AFR,GWD,Normal Metabolizer,Normal Metabolizer,Intermediate Metabolizer,Normal Metabolizer,Normal Function,2,Low
HG03539,AFR,GWD,Normal Metabolizer,Normal Metabolizer,Normal Metabolizer,Normal Metabolizer,Normal Function,0,Low
HG03547,AFR,MSL,Normal Metabolizer,Normal Metabolizer,Normal Metabolizer,Normal Metabolizer,Normal Function,0,Low
HG03548,AFR,MSL,Normal Metabolizer,Normal Metabolizer,Normal Metabolizer,Normal Metabolizer,Normal Function,0,Low
HG03556,AFR,MSL,Intermediate Metabolizer,Normal Metabolizer,Normal Metabolizer,Normal Metabolizer,Normal Function,1,Low
HG03557,AFR,MSL,Normal Metabolizer,Normal Metabolizer,Normal Metabolizer,Normal Metabolizer,Normal Function,0,Low
HG03558,AFR,MSL,Normal Metabolizer,Normal Metabolizer,Intermediate Metabolizer,Normal Metabolizer,Normal Function,2,Low
HG03559,AFR,MSL,Normal Metabolizer,Normal Metabolizer,Intermediate Metabolizer,Normal Metabolizer,Normal Function,2,Low
HG03563,AFR,MSL,Normal Metabolizer,Normal Metabolizer,Normal Metabolizer,Normal Metabolizer,Normal Function,0,Low
HG03565,AFR,MSL,Normal Metabolizer,Normal Metabolizer,Intermediate Metabolizer,Normal Metabolizer,Normal Function,2,Low
HG03567,AFR,MSL,Normal Metabolizer,Normal Metabolizer,Normal Metabolizer,Normal Metabolizer,Normal Function,0,Low
HG03571,AFR,MSL,Normal Metabolizer,Normal Metabolizer,Normal Metabolizer,Normal Metabolizer,Normal Function,0,Low
HG03572,AFR,MSL,Normal Metabolizer,Normal Metabolizer,Intermediate Metabolizer,Intermediate Metabolizer,Normal Function,3,Moderate
HG03575,AFR,MSL,Normal Metabolizer,Normal Metabolizer,Intermediate Metabolizer,Normal Metabolizer,Normal Function,2,Low
HG03577,AFR,MSL,Normal Metabolizer,Normal Metabolizer,Normal Metabolizer,Normal Metabolizer,Normal Function,0,Low
HG03578,AFR,MSL,Normal Metabolizer,Normal Metabolizer,Intermediate Metabolizer,Normal Metabolizer,Normal Function,2,Low
HG03583,AFR,MSL,Normal Metabolizer,Normal Metabolizer,Normal Metabolizer,Normal Metabolizer,Normal Function,0,Low
HG03585,SAS,BEB,Normal Metabolizer,Normal Metabolizer,Intermediate Metabolizer,Normal Metabolizer,Normal Function,2,Low
HG03589,SAS,BEB,Normal Metabolizer,Normal Metabolizer,Intermediate Metabolizer,Normal Metabolizer,Normal Function,2,Low
HG03593,SAS,BEB,Normal Metabolizer,Normal Metabolizer,Normal Metabolizer,Normal Metabolizer,Normal Function,0,Low
HG03594,SAS,BEB,Normal Metabolizer,Normal Metabolizer,Normal Metabolizer,Normal Metabolizer,Decreased Function,2,Low
HG03595,SAS,BEB,Normal Metabolizer,Normal Metabolizer,Normal Metabolizer,Normal Metabolizer,Normal Function,0,Low
HG03598,SAS,BEB,Normal Metabolizer,Normal Metabolizer,Intermediate Metabolizer,Normal Metabolizer,Normal Function,2,Low
HG03600,SAS,BEB,Normal Metabolizer,Normal Metabolizer,Intermediate Metabolizer,Normal Metabolizer,Normal Function,2,Low
HG03603,SAS,BEB,Normal Metabolizer,Normal Metabolizer,Normal Metabolizer,Normal Metabolizer,Normal Function,0,Low
HG03604,SAS,BEB,Normal Metabolizer,Normal Metabolizer,Normal Metabolizer,Intermediate Metabolizer,Normal Function,1,Low
HG03607,SAS,BEB,Normal Metabolizer,Normal Metabolizer,Normal Metabolizer,Normal Metabolizer,Normal Function,0,Low
HG03611,SAS,BEB,Normal Metabolizer,Normal Metabolizer,Normal Metabolizer,Normal Metabolizer,Normal Function,0,Low
HG03615,SAS,BEB,Normal Metabolizer,Normal Metabolizer,Normal Metabolizer,Normal Metabolizer,Normal Function,0,Low
HG03616,SAS,BEB,Normal Metabolizer,Normal Metabolizer,Normal Metabolizer,Normal Metabolizer,Normal Function,0,Low
HG03619,SAS,PJL,Normal Metabolizer,Normal Metabolizer,Intermediate Metabolizer,Normal Metabolizer,Normal Function,2,Low
HG03624,SAS,PJL,Normal Metabolizer,Intermediate Metabolizer,Intermediate Metabolizer,Normal Metabolizer,Normal Function,3,Moderate
HG03625,SAS,PJL,Normal Metabolizer,Normal Metabolizer,Poor Metabolizer,Normal Metabolizer,Normal Function,3,Moderate
HG03629,SAS,PJL,Normal Metabolizer,Intermediate Metabolizer,Intermediate Metabolizer,Normal Metabolizer,Decreased Function,5,Moderate
HG03631,SAS,PJL,Normal Metabolizer,Normal Metabolizer,Normal Metabolizer,Normal Metabolizer,Normal Function,0,Low
HG03634,SAS,PJL,Normal Metabolizer,Normal Metabolizer,Normal Metabolizer,Normal Metabolizer,Normal Function,0,Low
HG03636,SAS,PJL,Normal Metabolizer,Normal Metabolizer,Intermediate Metabolizer,Normal Metabolizer,Normal Function,2,Low
HG03640,SAS,PJL,Normal Metabolizer,Normal Metabolizer,Normal Metabolizer,Normal Metabolizer,Normal Function,0,Low
HG03642,SAS,STU,Normal Metabolizer,Normal Metabolizer,Normal Metabolizer,Normal Metabolizer,Normal Function,0,Low
HG03643,SAS,STU,Normal Metabolizer,Normal Metabolizer,Intermediate Metabolizer,Normal Metabolizer,Normal Function,2,Low
HG03644,SAS,STU,Normal Metabolizer,Normal Metabolizer,Intermediate Metabolizer,Normal Metabolizer,Normal Function,2,Low
HG03645,SAS,STU,Normal Metabolizer,Normal Metabolizer,Normal Metabolizer,Normal Metabolizer,Normal Function,0,Low
HG03646,SAS,STU,Normal Metabolizer,Normal Metabolizer,Normal Metabolizer,Normal Metabolizer,Normal Function,0,Low
HG03649,SAS,PJL,Normal Metabolizer,Normal Metabolizer,Normal Metabolizer,Normal Metabolizer,Normal Function,0,Low
HG03652,SAS,PJL,Normal Metabolizer,Normal Metabolizer,Intermediate Metabolizer,Normal Metabolizer,Normal Function,2,Low
HG03653,SAS,PJL,Normal Metabolizer,Normal Metabolizer,Intermediate Metabolizer,Normal Metabolizer,Normal Function,2,Low
HG03660,SAS,PJL,Normal Metabolizer,Normal Metabolizer,Intermediate Metabolizer,Normal Metabolizer,Normal Function,2,Low
HG03663,SAS,PJL,Normal Metabolizer,Normal Metabolizer,Intermediate Metabolizer,Normal Metabolizer,Normal Function,2,Low
HG03667,SAS,PJL,Normal Metabolizer,Normal Metabolizer,Normal Metabolizer,Normal Metabolizer,Normal Function,0,Low
HG03668,SAS,PJL,Normal Metabolizer,Normal Metabolizer,Normal Metabolizer,Normal Metabolizer,Decreased Function,2,Low
HG03672,SAS,STU,Normal Metabolizer,Normal Metabolizer,Normal Metabolizer,Normal Metabolizer,Normal Function,0,Low
HG03673,SAS,STU,Normal Metabolizer,Normal Metabolizer,Normal Metabolizer,Normal Metabolizer,Normal Function,0,Low
HG03679,SAS,STU,Normal Metabolizer,Normal Metabolizer,Normal Metabolizer,Normal Metabolizer,Normal Function,0,Low
HG03680,SAS,STU,Normal Metabolizer,Normal Metabolizer,Intermediate Metabolizer,Normal Metabolizer,Normal Function,2,Low
HG03681,SAS,STU,Normal Metabolizer,Normal Metabolizer,Normal Metabolizer,Normal Metabolizer,Decreased Function,2,Low
HG03684,SAS,STU,Normal Metabolizer,Intermediate Metabolizer,Normal Metabolizer,Normal Metabolizer,Normal Function,1,Low
HG03685,SAS,STU,Normal Metabolizer,Normal Metabolizer,Normal Metabolizer,Normal Metabolizer,Normal Function,0,Low
HG03686,SAS,STU,Normal Metabolizer,Intermediate Metabolizer,Normal Metabolizer,Normal Metabolizer,Normal Function,1,Low
HG03687,SAS,STU,Normal Metabolizer,Normal Metabolizer,Intermediate Metabolizer,Normal Metabolizer,Normal Function,2,Low
HG03689,SAS,STU,Normal Metabolizer,Normal Metabolizer,Normal Metabolizer,Normal Metabolizer,Normal Function,0,Low
HG03690,SAS,STU,Normal Metabolizer,Normal Metabolizer,Intermediate Metabolizer,Normal Metabolizer,Normal Function,2,Low
HG03691,SAS,STU,Normal Metabolizer,Normal Metabolizer,Intermediate Metabolizer,Normal Metabolizer,Normal Function,2,Low
HG03692,SAS,STU,Normal Metabolizer,Normal Metabolizer,Normal Metabolizer,Normal Metabolizer,Normal Function,0,Low
HG03693,SAS,STU,Normal Metabolizer,Normal Metabolizer,Normal Metabolizer,Normal Metabolizer,Normal Function,0,Low
HG03694,SAS,STU,Normal Metabolizer,Normal Metabolizer,Normal Metabolizer,Normal Metabolizer,Normal Function,0,Low
HG03695,SAS,STU,Normal Metabolizer,Normal Metabolizer,Normal Metabolizer,Normal Metabolizer,Normal Function,0,Low
HG03696,SAS,STU,Normal Metabolizer,Normal Metabolizer,Intermediate Metabolizer,Normal Metabolizer,Normal Function,2,Low
HG03697,SAS,STU,Normal Metabolizer,Normal Metabolizer,Normal Metabolizer,Normal Metabolizer,Normal Function,0,Low
HG03698,SAS,STU,Normal Metabolizer,Normal Metabolizer,Normal Metabolizer,Normal Metabolizer,Normal Function,0,Low
HG03702,SAS,PJL,Normal Metabolizer,Normal Metabolizer,Normal Metabolizer,Normal Metabolizer,Normal Function,0,Low
HG03703,SAS,PJL,Normal Metabolizer,Normal Metabolizer,Normal Metabolizer,Normal Metabolizer,Normal Function,0,Low
HG03705,SAS,PJL,Normal Metabolizer,Normal Metabolizer,Intermediate Metabolizer,Normal Metabolizer,Normal Function,2,Low
HG03706,SAS,PJL,Normal Metabolizer,Normal Metabolizer,Normal Metabolizer,Normal Metabolizer,Normal Function,0,Low
HG03708,SAS,PJL,Normal Metabolizer,Normal Metabolizer,Normal Metabolizer,Normal Metabolizer,Normal Function,0,Low
HG03709,SAS,PJL,Normal Metabolizer,Normal Metabolizer,Intermediate Metabolizer,Normal Metabolizer,Normal Function,2,Low
HG03711,SAS,STU,Normal Metabolizer,Normal Metabolizer,Intermediate Metabolizer,Normal Metabolizer,Normal Function,2,Low
HG03713,SAS,ITU,Normal Metabolizer,Normal Metabolizer,Intermediate Metabolizer,Normal Metabolizer,Normal Function,2,Low
HG03714,SAS,ITU,Normal Metabolizer,Normal Metabolizer,Intermediate Metabolizer,Normal Metabolizer,Normal Function,2,Low
HG03716,SAS,ITU,Normal Metabolizer,Normal Metabolizer,Intermediate Metabolizer,Normal Metabolizer,Normal Function,2,Low
HG03717,SAS,ITU,Normal Metabolizer,Normal Metabolizer,Normal Metabolizer,Normal Metabolizer,Normal Function,0,Low
HG03718,SAS,ITU,Normal Metabolizer,Normal Metabolizer,Normal Metabolizer,Normal Metabolizer,Normal Function,0,Low
HG03720,SAS,ITU,Normal Metabolizer,Normal Metabolizer,Normal Metabolizer,Normal Metabolizer,Normal Function,0,Low
HG03722,SAS,ITU,Normal Metabolizer,Normal Metabolizer,Intermediate Metabolizer,Intermediate Metabolizer,Normal Function,3,Moderate
HG03727,SAS,ITU,Normal Metabolizer,Normal Metabolizer,Normal Metabolizer,Normal Metabolizer,Normal Function,0,Low
HG03729,SAS,ITU,Normal Metabolizer,Normal Metabolizer,Intermediate Metabolizer,Normal Metabolizer,Normal Function,2,Low
HG03730,SAS,ITU,Normal Metabolizer,Normal Metabolizer,Normal Metabolizer,Normal Metabolizer,Normal Function,0,Low
HG03731,SAS,ITU,Normal Metabolizer,Normal Metabolizer,Normal Metabolizer,Normal Metabolizer,Normal Function,0,Low
HG03733,SAS,STU,Normal Metabolizer,Normal Metabolizer,Normal Metabolizer,Normal Metabolizer,Decreased Function,2,Low
HG03736,SAS,STU,Normal Metabolizer,Normal Metabolizer,Normal Metabolizer,Intermediate Metabolizer,Normal Function,1,Low
HG03738,SAS,STU,Normal Metabolizer,Normal Metabolizer,Normal Metabolizer,Intermediate Metabolizer,Normal Function,1,Low
HG03740,SAS,STU,Normal Metabolizer,Normal Metabolizer,Intermediate Metabolizer,Normal Metabolizer,Normal Function,2,Low
HG03741,SAS,STU,Normal Metabolizer,Normal Metabolizer,Normal Metabolizer,Intermediate Metabolizer,Normal Function,1,Low
HG03742,SAS,ITU,Normal Metabolizer,Normal Metabolizer,Normal Metabolizer,Intermediate Metabolizer,Normal Function,1,Low
HG03743,SAS,STU,Normal Metabolizer,Normal Metabolizer,Normal Metabolizer,Normal Metabolizer,Normal Function,0,Low
HG03744,SAS,STU,Normal Metabolizer,Normal Metabolizer,Intermediate Metabolizer,Normal Metabolizer,Decreased Function,4,Moderate
HG03745,SAS,STU,Normal Metabolizer,Intermediate Metabolizer,Intermediate Metabolizer,Normal Metabolizer,Normal Function,3,Moderate
HG03746,SAS,STU,Normal Metabolizer,Normal Metabolizer,Intermediate Metabolizer,Normal Metabolizer,Normal Function,2,Low
HG03750,SAS,STU,Normal Metabolizer,Normal Metabolizer,Intermediate Metabolizer,Normal Metabolizer,Normal Function,2,Low
HG03752,SAS,STU,Normal Metabolizer,Normal Metabolizer,Intermediate Metabolizer,Normal Metabolizer,Normal Function,2,Low
HG03753,SAS,STU,Normal Metabolizer,Normal Metabolizer,Intermediate Metabolizer,Normal Metabolizer,Normal Function,2,Low
HG03754,SAS,STU,Normal Metabolizer,Intermediate Metabolizer,Intermediate Metabolizer,Normal Metabolizer,Normal Function,3,Moderate
HG03755,SAS,STU,Normal Metabolizer,Normal Metabolizer,Normal Metabolizer,Normal Metabolizer,Decreased Function,2,Low
HG03756,SAS,STU,Normal Metabolizer,Normal Metabolizer,Normal Metabolizer,Normal Metabolizer,Normal Function,0,Low
HG03757,SAS,STU,Normal Metabolizer,Normal Metabolizer,Intermediate Metabolizer,Normal Metabolizer,Normal Function,2,Low
HG03760,SAS,STU,Normal Metabolizer,Intermediate Metabolizer,Normal Metabolizer,Normal Metabolizer,Normal Function,1,Low
HG03762,SAS,PJL,Normal Metabolizer,Intermediate Metabolizer,Intermediate Metabolizer,Normal Metabolizer,Normal Function,3,Moderate
HG03765,SAS,PJL,Normal Metabolizer,Normal Metabolizer,Normal Metabolizer,Normal Metabolizer,Normal Function,0,Low
HG03767,SAS,PJL,Normal Metabolizer,Normal Metabolizer,Intermediate Metabolizer,Normal Metabolizer,Normal Function,2,Low
HG03770,SAS,ITU,Normal Metabolizer,Normal Metabolizer,Normal Metabolizer,Normal Metabolizer,Normal Function,0,Low
HG03771,SAS,ITU,Normal Metabolizer,Normal Metabolizer,Intermediate Metabolizer,Normal Metabolizer,Normal Function,2,Low
HG03772,SAS,ITU,Normal Metabolizer,Normal Metabolizer,Normal Metabolizer,Normal Metabolizer,Normal Function,0,Low
HG03773,SAS,ITU,Normal Metabolizer,Normal Metabolizer,Intermediate Metabolizer,Normal Metabolizer,Normal Function,2,Low
HG03774,SAS,ITU,Normal Metabolizer,Normal Metabolizer,Intermediate Metabolizer,Normal Metabolizer,Normal Function,2,Low
HG03775,SAS,ITU,Normal Metabolizer,Normal Metabolizer,Normal Metabolizer,Normal Metabolizer,Normal Function,0,Low
HG03777,SAS,ITU,Normal Metabolizer,Normal Metabolizer,Normal Metabolizer,Normal Metabolizer,Normal Function,0,Low
HG03778,SAS,ITU,Normal Metabolizer,Normal Metabolizer,Intermediate Metabolizer,Normal Metabolizer,Decreased Function,4,Moderate
HG03779,SAS,ITU,Normal Metabolizer,Normal Metabolizer,Normal Metabolizer,Normal Metabolizer,Normal Function,0,Low
HG03780,SAS,ITU,Normal Metabolizer,Normal Metabolizer,Normal Metabolizer,Normal Metabolizer,Normal Function,0,Low
HG03781,SAS,ITU,Normal Metabolizer,Normal Metabolizer,Normal Metabolizer,Normal Metabolizer,Normal Function,0,Low
HG03782,SAS,ITU,Normal Metabolizer,Normal Metabolizer,Intermediate Metabolizer,Normal Metabolizer,Normal Function,2,Low
HG03784,SAS,ITU,Normal Metabolizer,Normal Metabolizer,Intermediate Metabolizer,Normal Metabolizer,Normal Function,2,Low
HG03785,SAS,ITU,Normal Metabolizer,Normal Metabolizer,Intermediate Metabolizer,Normal Metabolizer,Decreased Function,4,Moderate
HG03786,SAS,ITU,Normal Metabolizer,Normal Metabolizer,Normal Metabolizer,Normal Metabolizer,Normal Function,0,Low
HG03787,SAS,ITU,Normal Metabolizer,Normal Metabolizer,Intermediate Metabolizer,Normal Metabolizer,Normal Function,2,Low
HG03788,SAS,ITU,Normal Metabolizer,Normal Metabolizer,Normal Metabolizer,Normal Metabolizer,Decreased Function,2,Low
HG03789,SAS,ITU,Normal Metabolizer,Normal Metabolizer,Normal Metabolizer,Normal Metabolizer,Normal Function,0,Low
HG03790,SAS,ITU,Normal Metabolizer,Normal Metabolizer,Intermediate Metabolizer,Normal Metabolizer,Normal Function,2,Low
HG03792,SAS,ITU,Normal Metabolizer,Normal Metabolizer,Intermediate Metabolizer,Normal Metabolizer,Normal Function,2,Low
HG03793,SAS,BEB,Normal Metabolizer,Normal Metabolizer,Intermediate Metabolizer,Normal Metabolizer,Normal Function,2,Low
HG03796,SAS,BEB,Normal Metabolizer,Normal Metabolizer,Normal Metabolizer,Normal Metabolizer,Decreased Function,2,Low
HG03800,SAS,BEB,Normal Metabolizer,Normal Metabolizer,Normal Metabolizer,Normal Metabolizer,Normal Function,0,Low
HG03802,SAS,BEB,Normal Metabolizer,Normal Metabolizer,Normal Metabolizer,Normal Metabolizer,Normal Function,0,Low
HG03803,SAS,BEB,Normal Metabolizer,Normal Metabolizer,Normal Metabolizer,Normal Metabolizer,Decreased Function,2,Low
HG03805,SAS,BEB,Normal Metabolizer,Normal Metabolizer,Intermediate Metabolizer,Normal Metabolizer,Normal Function,2,Low
HG03808,SAS,BEB,Normal Metabolizer,Normal Metabolizer,Normal Metabolizer,Intermediate Metabolizer,Normal Function,1,Low
HG03809,SAS,BEB,Normal Metabolizer,Normal Metabolizer,Normal Metabolizer,Normal Metabolizer,Decreased Function,2,Low
HG03812,SAS,BEB,Normal Metabolizer,Normal Metabolizer,Normal Metabolizer,Normal Metabolizer,Normal Function,0,Low
HG03814,SAS,BEB,Normal Metabolizer,Normal Metabolizer,Intermediate Metabolizer,Normal Metabolizer,Normal Function,2,Low
HG03815,SAS,BEB,Normal Metabolizer,Intermediate Metabolizer,Normal Metabolizer,Normal Metabolizer,Normal Function,1,Low
HG03817,SAS,BEB,Normal Metabolizer,Intermediate Metabolizer,Intermediate Metabolizer,Normal Metabolizer,Normal Function,3,Moderate
HG03821,SAS,BEB,Normal Metabolizer,Normal Metabolizer,Normal Metabolizer,Normal Metabolizer,Normal Function,0,Low
HG03823,SAS,BEB,Normal Metabolizer,Normal Metabolizer,Normal Metabolizer,Intermediate Metabolizer,Normal Function,1,Low
HG03824,SAS,BEB,Normal Metabolizer,Normal Metabolizer,Intermediate Metabolizer,Normal Metabolizer,Normal Function,2,Low
HG03826,SAS,BEB,Normal Metabolizer,Normal Metabolizer,Normal Metabolizer,Normal Metabolizer,Normal Function,0,Low
HG03829,SAS,BEB,Normal Metabolizer,Normal Metabolizer,Normal Metabolizer,Normal Metabolizer,Normal Function,0,Low
HG03830,SAS,BEB,Normal Metabolizer,Normal Metabolizer,Intermediate Metabolizer,Normal Metabolizer,Normal Function,2,Low
HG03832,SAS,BEB,Normal Metabolizer,Normal Metabolizer,Normal Metabolizer,Normal Metabolizer,Normal Function,0,Low
HG03833,SAS,BEB,Normal Metabolizer,Normal Metabolizer,Normal Metabolizer,Normal Metabolizer,Normal Function,0,Low
HG03836,SAS,STU,Normal Metabolizer,Normal Metabolizer,Intermediate Metabolizer,Normal Metabolizer,Normal Function,2,Low
HG03837,SAS,STU,Normal Metabolizer,Intermediate Metabolizer,Intermediate Metabolizer,Intermediate Metabolizer,Normal Function,4,Moderate
HG03838,SAS,STU,Normal Metabolizer,Normal Metabolizer,Normal Metabolizer,Normal Metabolizer,Normal Function,0,Low
HG03844,SAS,STU,Normal Metabolizer,Normal Metabolizer,Normal Metabolizer,Normal Metabolizer,Normal Function,0,Low
HG03846,SAS,STU,Normal Metabolizer,Normal Metabolizer,Normal Metabolizer,Normal Metabolizer,Normal Function,0,Low
HG03848,SAS,STU,Normal Metabolizer,Normal Metabolizer,Normal Metabolizer,Normal Metabolizer,Normal Function,0,Low
HG03849,SAS,STU,Normal Metabolizer,Normal Metabolizer,Normal Metabolizer,Normal Metabolizer,Normal Function,0,Low
HG03850,SAS,STU,Normal Metabolizer,Normal Metabolizer,Normal Metabolizer,Normal Metabolizer,Normal Function,0,Low
HG03851,SAS,STU,Normal Metabolizer,Normal Metabolizer,Normal Metabolizer,Normal Metabolizer,Normal Function,0,Low
HG03854,SAS,STU,Normal Metabolizer,Normal Metabolizer,Normal Metabolizer,Normal Metabolizer,Normal Function,0,Low
HG03856,SAS,STU,Normal Metabolizer,Normal Metabolizer,Intermediate Metabolizer,Normal Metabolizer,Normal Function,2,Low
HG03857,SAS,STU,Normal Metabolizer,Normal Metabolizer,Intermediate Metabolizer,Normal Metabolizer,Normal Function,2,Low
HG03858,SAS,STU,Normal Metabolizer,Normal Metabolizer,Normal Metabolizer,Normal Metabolizer,Decreased Function,2,Low
HG03861,SAS,ITU,Normal Metabolizer,Normal Metabolizer,Intermediate Metabolizer,Normal Metabolizer,Normal Function,2,Low
HG03862,SAS,ITU,Normal Metabolizer,Normal Metabolizer,Normal Metabolizer,Normal Metabolizer,Normal Function,0,Low
HG03863,SAS,ITU,Normal Metabolizer,Normal Metabolizer,Normal Metabolizer,Intermediate Metabolizer,Normal Function,1,Low
HG03864,SAS,ITU,Normal Metabolizer,Normal Metabolizer,Normal Metabolizer,Normal Metabolizer,Normal Function,0,Low
HG03866,SAS,ITU,Normal Metabolizer,Normal Metabolizer,Normal Metabolizer,Normal Metabolizer,Normal Function,0,Low
HG03867,SAS,ITU,Normal Metabolizer,Intermediate Metabolizer,Intermediate Metabolizer,Normal Metabolizer,Normal Function,3,Moderate
HG03868,SAS,ITU,Normal Metabolizer,Normal Metabolizer,Normal Metabolizer,Normal Metabolizer,Normal Function,0,Low
HG03869,SAS,ITU,Normal Metabolizer,Normal Metabolizer,Normal Metabolizer,Normal Metabolizer,Normal Function,0,Low
HG03870,SAS,ITU,Normal Metabolizer,Normal Metabolizer,Normal Metabolizer,Normal Metabolizer,Normal Function,0,Low
HG03871,SAS,ITU,Normal Metabolizer,Intermediate Metabolizer,Normal Metabolizer,Normal Metabolizer,Normal Function,1,Low
HG03872,SAS,ITU,Normal Metabolizer,Normal Metabolizer,Normal Metabolizer,Normal Metabolizer,Normal Function,0,Low
HG03873,SAS,ITU,Normal Metabolizer,Normal Metabolizer,Normal Metabolizer,Normal Metabolizer,Normal Function,0,Low
HG03874,SAS,ITU,Normal Metabolizer,Normal Metabolizer,Intermediate Metabolizer,Normal Metabolizer,Normal Function,2,Low
HG03875,SAS,ITU,Normal Metabolizer,Normal Metabolizer,Intermediate Metabolizer,Normal Metabolizer,Normal Function,2,Low
HG03882,SAS,ITU,Normal Metabolizer,Normal Metabolizer,Intermediate Metabolizer,Normal Metabolizer,Normal Function,2,Low
HG03884,SAS,STU,Normal Metabolizer,Normal Metabolizer,Normal Metabolizer,Normal Metabolizer,Normal Function,0,Low
HG03885,SAS,STU,Normal Metabolizer,Normal Metabolizer,Normal Metabolizer,Normal Metabolizer,Normal Function,0,Low
HG03886,SAS,STU,Normal Metabolizer,Normal Metabolizer,Normal Metabolizer,Normal Metabolizer,Normal Function,0,Low
HG03887,SAS,STU,Normal Metabolizer,Normal Metabolizer,Intermediate Metabolizer,Normal Metabolizer,Normal Function,2,Low
HG03888,SAS,STU,Normal Metabolizer,Normal Metabolizer,Intermediate Metabolizer,Normal Metabolizer,Normal Function,2,Low
HG03890,SAS,STU,Normal Metabolizer,Normal Metabolizer,Normal Metabolizer,Normal Metabolizer,Normal Function,0,Low
HG03894,SAS,STU,Normal Metabolizer,Normal Metabolizer,Normal Metabolizer,Normal Metabolizer,Normal Function,0,Low
HG03895,SAS,STU,Normal Metabolizer,Normal Metabolizer,Intermediate Metabolizer,Normal Metabolizer,Normal Function,2,Low
HG03896,SAS,STU,Normal Metabolizer,Normal Metabolizer,Normal Metabolizer,Normal Metabolizer,Normal Function,0,Low
HG03897,SAS,STU,Normal Metabolizer,Normal Metabolizer,Intermediate Metabolizer,Normal Metabolizer,Normal Function,2,Low
HG03898,SAS,STU,Normal Metabolizer,Normal Metabolizer,Normal Metabolizer,Normal Metabolizer,Normal Function,0,Low
HG03899,SAS,STU,Normal Metabolizer,Normal Metabolizer,Normal Metabolizer,Normal Metabolizer,Decreased Function,2,Low
HG03900,SAS,STU,Normal Metabolizer,Normal Metabolizer,Intermediate Metabolizer,Normal Metabolizer,Normal Function,2,Low
HG03902,SAS,BEB,Normal Metabolizer,Normal Metabolizer,Normal Metabolizer,Normal Metabolizer,Normal Function,0,Low
HG03905,SAS,BEB,Normal Metabolizer,Normal Metabolizer,Intermediate Metabolizer,Normal Metabolizer,Normal Function,2,Low
HG03907,SAS,BEB,Normal Metabolizer,Normal Metabolizer,Intermediate Metabolizer,Normal Metabolizer,Normal Function,2,Low
HG03908,SAS,BEB,Normal Metabolizer,Normal Metabolizer,Intermediate Metabolizer,Intermediate Metabolizer,Normal Function,3,Moderate
HG03910,SAS,BEB,Normal Metabolizer,Normal Metabolizer,Normal Metabolizer,Normal Metabolizer,Normal Function,0,Low
HG03911,SAS,BEB,Normal Metabolizer,Normal Metabolizer,Normal Metabolizer,Intermediate Metabolizer,Normal Function,1,Low
HG03913,SAS,BEB,Normal Metabolizer,Normal Metabolizer,Normal Metabolizer,Intermediate Metabolizer,Normal Function,1,Low
HG03914,SAS,BEB,Normal Metabolizer,Normal Metabolizer,Intermediate Metabolizer,Normal Metabolizer,Normal Function,2,Low
HG03916,SAS,BEB,Normal Metabolizer,Normal Metabolizer,Normal Metabolizer,Normal Metabolizer,Normal Function,0,Low
HG03917,SAS,BEB,Normal Metabolizer,Normal Metabolizer,Intermediate Metabolizer,Normal Metabolizer,Normal Function,2,Low
HG03919,SAS,BEB,Normal Metabolizer,Normal Metabolizer,Normal Metabolizer,Normal Metabolizer,Normal Function,0,Low
HG03920,SAS,BEB,Normal Metabolizer,Normal Metabolizer,Intermediate Metabolizer,Normal Metabolizer,Normal Function,2,Low
HG03922,SAS,BEB,Normal Metabolizer,Normal Metabolizer,Intermediate Metabolizer,Normal Metabolizer,Normal Function,2,Low
HG03925,SAS,BEB,Normal Metabolizer,Normal Metabolizer,Normal Metabolizer,Normal Metabolizer,Normal Function,0,Low
HG03926,SAS,BEB,Normal Metabolizer,Normal Metabolizer,Intermediate Metabolizer,Normal Metabolizer,Normal Function,2,Low
HG03928,SAS,BEB,Normal Metabolizer,Normal Metabolizer,Normal Metabolizer,Normal Metabolizer,Normal Function,0,Low
HG03931,SAS,BEB,Normal Metabolizer,Normal Metabolizer,Normal Metabolizer,Normal Metabolizer,Normal Function,0,Low
HG03934,SAS,BEB,Normal Metabolizer,Normal Metabolizer,Normal Metabolizer,Normal Metabolizer,Normal Function,0,Low
HG03937,SAS,BEB,Normal Metabolizer,Normal Metabolizer,Intermediate Metabolizer,Intermediate Metabolizer,Normal Function,3,Moderate
HG03940,SAS,BEB,Normal Metabolizer,Normal Metabolizer,Normal Metabolizer,Normal Metabolizer,Decreased Function,2,Low
HG03941,SAS,BEB,Normal Metabolizer,Normal Metabolizer,Normal Metabolizer,Normal Metabolizer,Decreased Function,2,Low
HG03943,SAS,STU,Normal Metabolizer,Normal Metabolizer,Intermediate Metabolizer,Normal Metabolizer,Normal Function,2,Low
HG03944,SAS,STU,Normal Metabolizer,Normal Metabolizer,Intermediate Metabolizer,Normal Metabolizer,Normal Function,2,Low
HG03945,SAS,STU,Normal Metabolizer,Normal Metabolizer,Normal Metabolizer,Normal Metabolizer,Normal Function,0,Low
HG03947,SAS,STU,Normal Metabolizer,Normal Metabolizer,Normal Metabolizer,Normal Metabolizer,Normal Function,0,Low
HG03949,SAS,STU,Normal Metabolizer,Normal Metabolizer,Intermediate Metabolizer,Normal Metabolizer,Normal Function,2,Low
HG03950,SAS,STU,Normal Metabolizer,Normal Metabolizer,Normal Metabolizer,Normal Metabolizer,Normal Function,0,Low
HG03951,SAS,STU,Normal Metabolizer,Normal Metabolizer,Intermediate Metabolizer,Normal Metabolizer,Normal Function,2,Low
HG03953,SAS,STU,Normal Metabolizer,Normal Metabolizer,Normal Metabolizer,Normal Metabolizer,Normal Function,0,Low
HG03955,SAS,STU,Normal Metabolizer,Normal Metabolizer,Normal Metabolizer,Normal Metabolizer,Normal Function,0,Low
HG03960,SAS,ITU,Normal Metabolizer,Normal Metabolizer,Intermediate Metabolizer,Normal Metabolizer,Normal Function,2,Low
HG03963,SAS,ITU,Normal Metabolizer,Normal Metabolizer,Intermediate Metabolizer,Normal Metabolizer,Decreased Function,4,Moderate
HG03965,SAS,ITU,Normal Metabolizer,Normal Metabolizer,Normal Metabolizer,Normal Metabolizer,Normal Function,0,Low
HG03967,SAS,ITU,Normal Metabolizer,Normal Metabolizer,Normal Metabolizer,Normal Metabolizer,Normal Function,0,Low
HG03968,SAS,ITU,Normal Metabolizer,Normal Metabolizer,Intermediate Metabolizer,Normal Metabolizer,Normal Function,2,Low
HG03969,SAS,ITU,Normal Metabolizer,Normal Metabolizer,Intermediate Metabolizer,Normal Metabolizer,Normal Function,2,Low
HG03971,SAS,ITU,Normal Metabolizer,Intermediate Metabolizer,Normal Metabolizer,Normal Metabolizer,Decreased Function,3,Moderate
HG03973,SAS,ITU,Normal Metabolizer,Normal Metabolizer,Normal Metabolizer,Normal Metabolizer,Poor Function,3,Moderate
HG03974,SAS,ITU,Normal Metabolizer,Normal Metabolizer,Normal Metabolizer,Normal Metabolizer,Normal Function,0,Low
HG03976,SAS,ITU,Normal Metabolizer,Normal Metabolizer,Intermediate Metabolizer,Normal Metabolizer,Decreased Function,4,Moderate
HG03977,SAS,ITU,Normal Metabolizer,Normal Metabolizer,Normal Metabolizer,Normal Metabolizer,Normal Function,0,Low
HG03978,SAS,ITU,Normal Metabolizer,Normal Metabolizer,Intermediate Metabolizer,Normal Metabolizer,Normal Function,2,Low
HG03985,SAS,STU,Normal Metabolizer,Normal Metabolizer,Intermediate Metabolizer,Normal Metabolizer,Normal Function,2,Low
HG03986,SAS,STU,Normal Metabolizer,Normal Metabolizer,Intermediate Metabolizer,Normal Metabolizer,Normal Function,2,Low
HG03989,SAS,STU,Normal Metabolizer,Normal Metabolizer,Normal Metabolizer,Normal Metabolizer,Normal Function,0,Low
HG03990,SAS,STU,Normal Metabolizer,Normal Metabolizer,Normal Metabolizer,Normal Metabolizer,Normal Function,0,Low
HG03991,SAS,STU,Normal Metabolizer,Normal Metabolizer,Normal Metabolizer,Normal Metabolizer,Normal Function,0,Low
HG03995,SAS,STU,Normal Metabolizer,Normal Metabolizer,Normal Metabolizer,Normal Metabolizer,Normal Function,0,Low
HG03998,SAS,STU,Normal Metabolizer,Normal Metabolizer,Normal Metabolizer,Normal Metabolizer,Normal Function,0,Low
HG03999,SAS,STU,Normal Metabolizer,Normal Metabolizer,Normal Metabolizer,Normal Metabolizer,Normal Function,0,Low
HG04001,SAS,ITU,Normal Metabolizer,Normal Metabolizer,Intermediate Metabolizer,Normal Metabolizer,Normal Function,2,Low
HG04002,SAS,ITU,Normal Metabolizer,Normal Metabolizer,Normal Metabolizer,Normal Metabolizer,Normal Function,0,Low
HG04003,SAS,STU,Normal Metabolizer,Normal Metabolizer,Intermediate Metabolizer,Normal Metabolizer,Normal Function,2,Low
HG04006,SAS,STU,Normal Metabolizer,Normal Metabolizer,Normal Metabolizer,Normal Metabolizer,Normal Function,0,Low
HG04014,SAS,ITU,Normal Metabolizer,Normal Metabolizer,Intermediate Metabolizer,Normal Metabolizer,Normal Function,2,Low
HG04015,SAS,ITU,Normal Metabolizer,Normal Metabolizer,Intermediate Metabolizer,Normal Metabolizer,Decreased Function,4,Moderate
HG04017,SAS,ITU,Normal Metabolizer,Normal Metabolizer,Normal Metabolizer,Normal Metabolizer,Normal Function,0,Low
HG04018,SAS,ITU,Normal Metabolizer,Normal Metabolizer,Normal Metabolizer,Normal Metabolizer,Normal Function,0,Low
HG04019,SAS,ITU,Normal Metabolizer,Normal Metabolizer,Normal Metabolizer,Normal Metabolizer,Normal Function,0,Low
HG04020,SAS,ITU,Normal Metabolizer,Normal Metabolizer,Normal Metabolizer,Normal Metabolizer,Normal Function,0,Low
HG04022,SAS,ITU,Normal Metabolizer,Normal Metabolizer,Normal Metabolizer,Normal Metabolizer,Normal Function,0,Low
HG04023,SAS,ITU,Normal Metabolizer,Normal Metabolizer,Intermediate Metabolizer,Normal Metabolizer,Normal Function,2,Low
HG04025,SAS,ITU,Normal Metabolizer,Normal Metabolizer,Intermediate Metabolizer,Normal Metabolizer,Normal Function,2,Low
HG04026,SAS,ITU,Normal Metabolizer,Normal Metabolizer,Intermediate Metabolizer,Normal Metabolizer,Normal Function,2,Low
HG04029,SAS,STU,Normal Metabolizer,Normal Metabolizer,Normal Metabolizer,Normal Metabolizer,Normal Function,0,Low
HG04033,SAS,STU,Normal Metabolizer,Normal Metabolizer,Normal Metabolizer,Normal Metabolizer,Normal Function,0,Low
HG04035,SAS,STU,Normal Metabolizer,Normal Metabolizer,Normal Metabolizer,Normal Metabolizer,Decreased Function,2,Low
HG04038,SAS,STU,Normal Metabolizer,Normal Metabolizer,Intermediate Metabolizer,Normal Metabolizer,Normal Function,2,Low
HG04039,SAS,STU,Normal Metabolizer,Normal Metabolizer,Normal Metabolizer,Normal Metabolizer,Normal Function,0,Low
HG04042,SAS,STU,Normal Metabolizer,Normal Metabolizer,Intermediate Metabolizer,Normal Metabolizer,Normal Function,2,Low
HG04047,SAS,STU,Normal Metabolizer,Normal Metabolizer,Normal Metabolizer,Normal Metabolizer,Decreased Function,2,Low
HG04054,SAS,ITU,Normal Metabolizer,Normal Metabolizer,Intermediate Metabolizer,Normal Metabolizer,Normal Function,2,Low
HG04056,SAS,ITU,Normal Metabolizer,Normal Metabolizer,Normal Metabolizer,Normal Metabolizer,Normal Function,0,Low
HG04059,SAS,ITU,Normal Metabolizer,Normal Metabolizer,Normal Metabolizer,Normal Metabolizer,Normal Function,0,Low
HG04060,SAS,ITU,Normal Metabolizer,Intermediate Metabolizer,Normal Metabolizer,Normal Metabolizer,Normal Function,1,Low
HG04061,SAS,ITU,Normal Metabolizer,Normal Metabolizer,Intermediate Metabolizer,Normal Metabolizer,Normal Function,2,Low
HG04062,SAS,ITU,Normal Metabolizer,Normal Metabolizer,Intermediate Metabolizer,Normal Metabolizer,Normal Function,2,Low
HG04063,SAS,ITU,Normal Metabolizer,Normal Metabolizer,Intermediate Metabolizer,Normal Metabolizer,Normal Function,2,Low
HG04070,SAS,ITU,Normal Metabolizer,Normal Metabolizer,Normal Metabolizer,Normal Metabolizer,Normal Function,0,Low
HG04075,SAS,STU,Normal Metabolizer,Normal Metabolizer,Normal Metabolizer,Normal Metabolizer,Normal Function,0,Low
HG04076,SAS,ITU,Normal Metabolizer,Normal Metabolizer,Intermediate Metabolizer,Normal Metabolizer,Normal Function,2,Low
HG04080,SAS,ITU,Normal Metabolizer,Normal Metabolizer,Normal Metabolizer,Normal Metabolizer,Normal Function,0,Low
HG04090,SAS,ITU,Normal Metabolizer,Normal Metabolizer,Intermediate Metabolizer,Normal Metabolizer,Normal Function,2,Low
HG04093,SAS,ITU,Normal Metabolizer,Normal Metabolizer,Normal Metabolizer,Normal Metabolizer,Decreased Function,2,Low
HG04094,SAS,ITU,Normal Metabolizer,Normal Metabolizer,Normal Metabolizer,Normal Metabolizer,Normal Function,0,Low
HG04096,SAS,ITU,Normal Metabolizer,Normal Metabolizer,Normal Metabolizer,Normal Metabolizer,Normal Function,0,Low
HG04098,SAS,ITU,Normal Metabolizer,Normal Metabolizer,Normal Metabolizer,Normal Metabolizer,Normal Function,0,Low
HG04099,SAS,STU,Normal Metabolizer,Normal Metabolizer,Intermediate Metabolizer,Normal Metabolizer,Normal Function,2,Low
HG04100,SAS,STU,Normal Metabolizer,Normal Metabolizer,Normal Metabolizer,Normal Metabolizer,Normal Function,0,Low
HG04106,SAS,STU,Normal Metabolizer,Normal Metabolizer,Normal Metabolizer,Normal Metabolizer,Normal Function,0,Low
HG04107,SAS,STU,Normal Metabolizer,Normal Metabolizer,Normal Metabolizer,Normal Metabolizer,Decreased Function,2,Low
HG04118,SAS,ITU,Normal Metabolizer,Normal Metabolizer,Intermediate Metabolizer,Normal Metabolizer,Normal Function,2,Low
HG04131,SAS,BEB,Normal Metabolizer,Normal Metabolizer,Intermediate Metabolizer,Normal Metabolizer,Normal Function,2,Low
HG04134,SAS,BEB,Normal Metabolizer,Normal Metabolizer,Normal Metabolizer,Normal Metabolizer,Normal Function,0,Low
HG04140,SAS,BEB,Normal Metabolizer,Normal Metabolizer,Normal Metabolizer,Normal Metabolizer,Normal Function,0,Low
HG04141,SAS,BEB,Normal Metabolizer,Normal Metabolizer,Intermediate Metabolizer,Normal Metabolizer,Normal Function,2,Low
HG04144,SAS,BEB,Normal Metabolizer,Normal Metabolizer,Normal Metabolizer,Normal Metabolizer,Normal Function,0,Low
HG04146,SAS,BEB,Normal Metabolizer,Normal Metabolizer,Intermediate Metabolizer,Normal Metabolizer,Decreased Function,4,Moderate
HG04152,SAS,BEB,Normal Metabolizer,Normal Metabolizer,Intermediate Metabolizer,Normal Metabolizer,Normal Function,2,Low
HG04153,SAS,BEB,Normal Metabolizer,Normal Metabolizer,Normal Metabolizer,Normal Metabolizer,Normal Function,0,Low
HG04155,SAS,BEB,Normal Metabolizer,Normal Metabolizer,Normal Metabolizer,Normal Metabolizer,Normal Function,0,Low
HG04156,SAS,BEB,Normal Metabolizer,Normal Metabolizer,Normal Metabolizer,Normal Metabolizer,Normal Function,0,Low
HG04158,SAS,BEB,Normal Metabolizer,Normal Metabolizer,Normal Metabolizer,Normal Metabolizer,Normal Function,0,Low
HG04159,SAS,BEB,Normal Metabolizer,Normal Metabolizer,Intermediate Metabolizer,Normal Metabolizer,Normal Function,2,Low
HG04161,SAS,BEB,Normal Metabolizer,Normal Metabolizer,Intermediate Metabolizer,Normal Metabolizer,Normal Function,2,Low
HG04162,SAS,BEB,Normal Metabolizer,Normal Metabolizer,Normal Metabolizer,Normal Metabolizer,Normal Function,0,Low
HG04164,SAS,BEB,Normal Metabolizer,Normal Metabolizer,Normal Metabolizer,Normal Metabolizer,Normal Function,0,Low
HG04171,SAS,BEB,Normal Metabolizer,Intermediate Metabolizer,Normal Metabolizer,Normal Metabolizer,Normal Function,1,Low
HG04173,SAS,BEB,Normal Metabolizer,Normal Metabolizer,Normal Metabolizer,Normal Metabolizer,Normal Function,0,Low
HG04176,SAS,BEB,Normal Metabolizer,Normal Metabolizer,Normal Metabolizer,Normal Metabolizer,Decreased Function,2,Low
HG04177,SAS,BEB,Normal Metabolizer,Normal Metabolizer,Normal Metabolizer,Normal Metabolizer,Normal Function,0,Low
HG04180,SAS,BEB,Normal Metabolizer,Normal Metabolizer,Normal Metabolizer,Normal Metabolizer,Normal Function,0,Low
HG04182,SAS,BEB,Normal Metabolizer,Normal Metabolizer,Intermediate Metabolizer,Normal Metabolizer,Normal Function,2,Low
HG04183,SAS,BEB,Normal Metabolizer,Normal Metabolizer,Intermediate Metabolizer,Intermediate Metabolizer,Normal Function,3,Moderate
HG04185,SAS,BEB,Normal Metabolizer,Normal Metabolizer,Normal Metabolizer,Normal Metabolizer,Normal Function,0,Low
HG04186,SAS,BEB,Normal Metabolizer,Normal Metabolizer,Intermediate Metabolizer,Normal Metabolizer,Normal Function,2,Low
HG04188,SAS,BEB,Normal Metabolizer,Normal Metabolizer,Normal Metabolizer,Normal Metabolizer,Decreased Function,2,Low
HG04189,SAS,BEB,Normal Metabolizer,Normal Metabolizer,Normal Metabolizer,Normal Metabolizer,Normal Function,0,Low
HG04194,SAS,BEB,Normal Metabolizer,Normal Metabolizer,Normal Metabolizer,Normal Metabolizer,Normal Function,0,Low
HG04195,SAS,BEB,Normal Metabolizer,Normal Metabolizer,Normal Metabolizer,Normal Metabolizer,Normal Function,0,Low
HG04198,SAS,ITU,Normal Metabolizer,Normal Metabolizer,Intermediate Metabolizer,Normal Metabolizer,Normal Function,2,Low
HG04200,SAS,ITU,Normal Metabolizer,Normal Metabolizer,Normal Metabolizer,Normal Metabolizer,Normal Function,0,Low
HG04202,SAS,ITU,Normal Metabolizer,Normal Metabolizer,Intermediate Metabolizer,Normal Metabolizer,Normal Function,2,Low
HG04206,SAS,ITU,Normal Metabolizer,Normal Metabolizer,Normal Metabolizer,Normal Metabolizer,Normal Function,0,Low
HG04209,SAS,ITU,Normal Metabolizer,Normal Metabolizer,Normal Metabolizer,Normal Metabolizer,Normal Function,0,Low
HG04210,SAS,STU,Normal Metabolizer,Normal Metabolizer,Normal Metabolizer,Normal Metabolizer,Normal Function,0,Low
HG04211,SAS,ITU,Normal Metabolizer,Normal Metabolizer,Intermediate Metabolizer,Normal Metabolizer,Normal Function,2,Low
HG04212,SAS,ITU,Normal Metabolizer,Normal Metabolizer,Intermediate Metabolizer,Normal Metabolizer,Normal Function,2,Low
HG04214,SAS,ITU,Normal Metabolizer,Intermediate Metabolizer,Intermediate Metabolizer,Normal Metabolizer,Normal Function,3,Moderate
HG04216,SAS,ITU,Normal Metabolizer,Normal Metabolizer,Intermediate Metabolizer,Normal Metabolizer,Normal Function,2,Low
HG04219,SAS,ITU,Normal Metabolizer,Normal Metabolizer,Intermediate Metabolizer,Normal Metabolizer,Normal Function,2,Low
HG04222,SAS,ITU,Normal Metabolizer,Normal Metabolizer,Normal Metabolizer,Normal Metabolizer,Normal Function,0,Low
HG04225,SAS,ITU,Normal Metabolizer,Normal Metabolizer,Intermediate Metabolizer,Normal Metabolizer,Decreased Function,4,Moderate
HG04227,SAS,STU,Normal Metabolizer,Normal Metabolizer,Normal Metabolizer,Normal Metabolizer,Normal Function,0,Low
HG04229,SAS,STU,Normal Metabolizer,Normal Metabolizer,Intermediate Metabolizer,Normal Metabolizer,Normal Function,2,Low
HG04235,SAS,ITU,Normal Metabolizer,Normal Metabolizer,Normal Metabolizer,Normal Metabolizer,Decreased Function,2,Low
HG04238,SAS,ITU,Normal Metabolizer,Normal Metabolizer,Normal Metabolizer,Normal Metabolizer,Normal Function,0,Low
HG04239,SAS,ITU,Normal Metabolizer,Normal Metabolizer,Normal Metabolizer,Normal Metabolizer,Decreased Function,2,Low
NA06984,EUR,CEU,Normal Metabolizer,Normal Metabolizer,Normal Metabolizer,Intermediate Metabolizer,Normal Function,1,Low
NA06985,EUR,CEU,Normal Metabolizer,Normal Metabolizer,Intermediate Metabolizer,Normal Metabolizer,Decreased Function,4,Moderate
NA06986,EUR,CEU,Normal Metabolizer,Intermediate Metabolizer,Normal Metabolizer,Normal Metabolizer,Normal Function,1,Low
NA06989,EUR,CEU,Normal Metabolizer,Poor Metabolizer,Intermediate Metabolizer,Normal Metabolizer,Normal Function,4,Moderate
NA06994,EUR,CEU,Normal Metabolizer,Intermediate Metabolizer,Normal Metabolizer,Normal Metabolizer,Normal Function,1,Low
NA07000,EUR,CEU,Normal Metabolizer,Normal Metabolizer,Normal Metabolizer,Normal Metabolizer,Decreased Function,2,Low
NA07037,EUR,CEU,Normal Metabolizer,Normal Metabolizer,Normal Metabolizer,Normal Metabolizer,Normal Function,0,Low
NA07048,EUR,CEU,Normal Metabolizer,Normal Metabolizer,Intermediate Metabolizer,Normal Metabolizer,Normal Function,2,Low
NA07051,EUR,CEU,Normal Metabolizer,Normal Metabolizer,Intermediate Metabolizer,Normal Metabolizer,Decreased Function,4,Moderate
NA07056,EUR,CEU,Normal Metabolizer,Normal Metabolizer,Normal Metabolizer,Normal Metabolizer,Normal Function,0,Low
NA07347,EUR,CEU,Normal Metabolizer,Intermediate Metabolizer,Intermediate Metabolizer,Normal Metabolizer,Decreased Function,5,Moderate
NA07357,EUR,CEU,Normal Metabolizer,Normal Metabolizer,Intermediate Metabolizer,Normal Metabolizer,Decreased Function,4,Moderate
NA10847,EUR,CEU,Normal Metabolizer,Normal Metabolizer,Intermediate Metabolizer,Normal Metabolizer,Poor Function,5,Moderate
NA10851,EUR,CEU,Normal Metabolizer,Normal Metabolizer,Intermediate Metabolizer,Normal Metabolizer,Normal Function,2,Low
NA11829,EUR,CEU,Normal Metabolizer,Normal Metabolizer,Normal Metabolizer,Intermediate Metabolizer,Normal Function,1,Low
NA11830,EUR,CEU,Normal Metabolizer,Poor Metabolizer,Normal Metabolizer,Normal Metabolizer,Decreased Function,4,Moderate
NA11831,EUR,CEU,Normal Metabolizer,Poor Metabolizer,Normal Metabolizer,Normal Metabolizer,Normal Function,2,Low
NA11832,EUR,CEU,Normal Metabolizer,Normal Metabolizer,Normal Metabolizer,Normal Metabolizer,Normal Function,0,Low
NA11840,EUR,CEU,Normal Metabolizer,Intermediate Metabolizer,Normal Metabolizer,Normal Metabolizer,Normal Function,1,Low
NA11843,EUR,CEU,Normal Metabolizer,Normal Metabolizer,Normal Metabolizer,Normal Metabolizer,Normal Function,0,Low
NA11881,EUR,CEU,Normal Metabolizer,Normal Metabolizer,Normal Metabolizer,Normal Metabolizer,Decreased Function,2,Low
NA11892,EUR,CEU,Normal Metabolizer,Intermediate Metabolizer,Normal Metabolizer,Normal Metabolizer,Normal Function,1,Low
NA11893,EUR,CEU,Normal Metabolizer,Normal Metabolizer,Normal Metabolizer,Normal Metabolizer,Normal Function,0,Low
NA11894,EUR,CEU,Normal Metabolizer,Normal Metabolizer,Normal Metabolizer,Normal Metabolizer,Normal Function,0,Low
NA11918,EUR,CEU,Normal Metabolizer,Normal Metabolizer,Normal Metabolizer,Normal Metabolizer,Normal Function,0,Low
NA11919,EUR,CEU,Normal Metabolizer,Normal Metabolizer,Normal Metabolizer,Normal Metabolizer,Normal Function,0,Low
NA11920,EUR,CEU,Normal Metabolizer,Normal Metabolizer,Normal Metabolizer,Normal Metabolizer,Normal Function,0,Low
NA11930,EUR,CEU,Normal Metabolizer,Intermediate Metabolizer,Normal Metabolizer,Normal Metabolizer,Normal Function,1,Low
NA11931,EUR,CEU,Normal Metabolizer,Normal Metabolizer,Intermediate Metabolizer,Normal Metabolizer,Decreased Function,4,Moderate
NA11932,EUR,CEU,Normal Metabolizer,Normal Metabolizer,Normal Metabolizer,Normal Metabolizer,Decreased Function,2,Low
NA11933,EUR,CEU,Normal Metabolizer,Normal Metabolizer,Normal Metabolizer,Normal Metabolizer,Normal Function,0,Low
NA11992,EUR,CEU,Normal Metabolizer,Normal Metabolizer,Intermediate Metabolizer,Intermediate Metabolizer,Decreased Function,5,Moderate
NA11994,EUR,CEU,Normal Metabolizer,Normal Metabolizer,Normal Metabolizer,Normal Metabolizer,Normal Function,0,Low
NA11995,EUR,CEU,Normal Metabolizer,Normal Metabolizer,Intermediate Metabolizer,Normal Metabolizer,Normal Function,2,Low
NA12003,EUR,CEU,Normal Metabolizer,Intermediate Metabolizer,Normal Metabolizer,Normal Metabolizer,Decreased Function,3,Moderate
NA12004,EUR,CEU,Normal Metabolizer,Normal Metabolizer,Intermediate Metabolizer,Normal Metabolizer,Normal Function,2,Low
NA12005,EUR,CEU,Normal Metabolizer,Normal Metabolizer,Normal Metabolizer,Normal Metabolizer,Normal Function,0,Low
NA12006,EUR,CEU,Normal Metabolizer,Normal Metabolizer,Normal Metabolizer,Normal Metabolizer,Normal Function,0,Low
NA12043,EUR,CEU,Normal Metabolizer,Normal Metabolizer,Normal Metabolizer,Normal Metabolizer,Decreased Function,2,Low
NA12044,EUR,CEU,Normal Metabolizer,Normal Metabolizer,Intermediate Metabolizer,Normal Metabolizer,Decreased Function,4,Moderate
NA12045,EUR,CEU,Normal Metabolizer,Normal Metabolizer,Normal Metabolizer,Normal Metabolizer,Normal Function,0,Low
NA12046,EUR,CEU,Normal Metabolizer,Intermediate Metabolizer,Intermediate Metabolizer,Normal Metabolizer,Normal Function,3,Moderate
NA12058,EUR,CEU,Normal Metabolizer,Normal Metabolizer,Normal Metabolizer,Normal Metabolizer,Normal Function,0,Low
NA12144,EUR,CEU,Normal Metabolizer,Normal Metabolizer,Intermediate Metabolizer,Normal Metabolizer,Normal Function,2,Low
NA12154,EUR,CEU,Normal Metabolizer,Normal Metabolizer,Normal Metabolizer,Normal Metabolizer,Normal Function,0,Low
NA12155,EUR,CEU,Normal Metabolizer,Intermediate Metabolizer,Intermediate Metabolizer,Normal Metabolizer,Normal Function,3,Moderate
NA12156,EUR,CEU,Normal Metabolizer,Intermediate Metabolizer,Normal Metabolizer,Normal Metabolizer,Normal Function,1,Low
NA12234,EUR,CEU,Normal Metabolizer,Normal Metabolizer,Normal Metabolizer,Normal Metabolizer,Normal Function,0,Low
NA12249,EUR,CEU,Normal Metabolizer,Normal Metabolizer,Normal Metabolizer,Normal Metabolizer,Decreased Function,2,Low
NA12272,EUR,CEU,Normal Metabolizer,Intermediate Metabolizer,Normal Metabolizer,Normal Metabolizer,Normal Function,1,Low
NA12273,EUR,CEU,Normal Metabolizer,Intermediate Metabolizer,Normal Metabolizer,Normal Metabolizer,Normal Function,1,Low
NA12275,EUR,CEU,Normal Metabolizer,Normal Metabolizer,Intermediate Metabolizer,Normal Metabolizer,Normal Function,2,Low
NA12282,EUR,CEU,Normal Metabolizer,Normal Metabolizer,Normal Metabolizer,Intermediate Metabolizer,Decreased Function,3,Moderate
NA12283,EUR,CEU,Normal Metabolizer,Intermediate Metabolizer,Normal Metabolizer,Normal Metabolizer,Decreased Function,3,Moderate
NA12286,EUR,CEU,Normal Metabolizer,Normal Metabolizer,Normal Metabolizer,Normal Metabolizer,Normal Function,0,Low
NA12287,EUR,CEU,Normal Metabolizer,Normal Metabolizer,Normal Metabolizer,Normal Metabolizer,Normal Function,0,Low
NA12340,EUR,CEU,Normal Metabolizer,Normal Metabolizer,Normal Metabolizer,Normal Metabolizer,Normal Function,0,Low
NA12341,EUR,CEU,Normal Metabolizer,Normal Metabolizer,Normal Metabolizer,Normal Metabolizer,Decreased Function,2,Low
NA12342,EUR,CEU,Normal Metabolizer,Normal Metabolizer,Normal Metabolizer,Normal Metabolizer,Normal Function,0,Low
NA12347,EUR,CEU,Normal Metabolizer,Normal Metabolizer,Normal Metabolizer,Normal Metabolizer,Decreased Function,2,Low
NA12348,EUR,CEU,Normal Metabolizer,Normal Metabolizer,Normal Metabolizer,Normal Metabolizer,Decreased Function,2,Low
NA12383,EUR,CEU,Normal Metabolizer,Normal Metabolizer,Normal Metabolizer,Normal Metabolizer,Normal Function,0,Low
NA12399,EUR,CEU,Normal Metabolizer,Normal Metabolizer,Intermediate Metabolizer,Normal Metabolizer,Normal Function,2,Low
NA12400,EUR,CEU,Normal Metabolizer,Poor Metabolizer,Poor Metabolizer,Normal Metabolizer,Normal Function,5,Moderate
NA12413,EUR,CEU,Normal Metabolizer,Intermediate Metabolizer,Normal Metabolizer,Normal Metabolizer,Normal Function,1,Low
NA12414,EUR,CEU,Normal Metabolizer,Intermediate Metabolizer,Normal Metabolizer,Normal Metabolizer,Normal Function,1,Low
NA12489,EUR,CEU,Normal Metabolizer,Intermediate Metabolizer,Normal Metabolizer,Normal Metabolizer,Normal Function,1,Low
NA12546,EUR,CEU,Normal Metabolizer,Normal Metabolizer,Intermediate Metabolizer,Normal Metabolizer,Normal Function,2,Low
NA12716,EUR,CEU,Normal Metabolizer,Intermediate Metabolizer,Normal Metabolizer,Normal Metabolizer,Normal Function,1,Low
NA12717,EUR,CEU,Normal Metabolizer,Normal Metabolizer,Normal Metabolizer,Normal Metabolizer,Normal Function,0,Low
NA12718,EUR,CEU,Normal Metabolizer,Intermediate Metabolizer,Normal Metabolizer,Normal Metabolizer,Normal Function,1,Low
NA12748,EUR,CEU,Normal Metabolizer,Normal Metabolizer,Normal Metabolizer,Normal Metabolizer,Normal Function,0,Low
NA12749,EUR,CEU,Normal Metabolizer,Normal Metabolizer,Intermediate Metabolizer,Normal Metabolizer,Normal Function,2,Low
NA12750,EUR,CEU,Normal Metabolizer,Normal Metabolizer,Normal Metabolizer,Normal Metabolizer,Normal Function,0,Low
NA12751,EUR,CEU,Normal Metabolizer,Normal Metabolizer,Intermediate Metabolizer,Normal Metabolizer,Normal Function,2,Low
NA12760,EUR,CEU,Normal Metabolizer,Normal Metabolizer,Intermediate Metabolizer,Normal Metabolizer,Decreased Function,4,Moderate
NA12761,EUR,CEU,Normal Metabolizer,Normal Metabolizer,Normal Metabolizer,Normal Metabolizer,Decreased Function,2,Low
NA12762,EUR,CEU,Intermediate Metabolizer,Intermediate Metabolizer,Normal Metabolizer,Normal Metabolizer,Normal Function,2,Low
NA12763,EUR,CEU,Normal Metabolizer,Normal Metabolizer,Intermediate Metabolizer,Normal Metabolizer,Normal Function,2,Low
NA12775,EUR,CEU,Normal Metabolizer,Normal Metabolizer,Intermediate Metabolizer,Normal Metabolizer,Normal Function,2,Low
NA12776,EUR,CEU,Normal Metabolizer,Intermediate Metabolizer,Normal Metabolizer,Normal Metabolizer,Decreased Function,3,Moderate
NA12777,EUR,CEU,Normal Metabolizer,Normal Metabolizer,Normal Metabolizer,Normal Metabolizer,Decreased Function,2,Low
NA12778,EUR,CEU,Normal Metabolizer,Normal Metabolizer,Normal Metabolizer,Normal Metabolizer,Normal Function,0,Low
NA12812,EUR,CEU,Normal Metabolizer,Normal Metabolizer,Normal Metabolizer,Normal Metabolizer,Normal Function,0,Low
NA12813,EUR,CEU,Normal Metabolizer,Normal Metabolizer,Normal Metabolizer,Normal Metabolizer,Normal Function,0,Low
NA12814,EUR,CEU,Normal Metabolizer,Normal Metabolizer,Normal Metabolizer,Normal Metabolizer,Normal Function,0,Low
NA12815,EUR,CEU,Normal Metabolizer,Normal Metabolizer,Intermediate Metabolizer,Normal Metabolizer,Normal Function,2,Low
NA12827,EUR,CEU,Normal Metabolizer,Normal Metabolizer,Intermediate Metabolizer,Normal Metabolizer,Normal Function,2,Low
NA12828,EUR,CEU,Normal Metabolizer,Normal Metabolizer,Intermediate Metabolizer,Normal Metabolizer,Normal Function,2,Low
NA12829,EUR,CEU,Normal Metabolizer,Normal Metabolizer,Normal Metabolizer,Normal Metabolizer,Decreased Function,2,Low
NA12830,EUR,CEU,Normal Metabolizer,Normal Metabolizer,Normal Metabolizer,Normal Metabolizer,Decreased Function,2,Low
NA12842,EUR,CEU,Normal Metabolizer,Normal Metabolizer,Normal Metabolizer,Normal Metabolizer,Decreased Function,2,Low
NA12843,EUR,CEU,Normal Metabolizer,Intermediate Metabolizer,Normal Metabolizer,Normal Metabolizer,Normal Function,1,Low
NA12872,EUR,CEU,Normal Metabolizer,Normal Metabolizer,Intermediate Metabolizer,Normal Metabolizer,Normal Function,2,Low
NA12873,EUR,CEU,Normal Metabolizer,Normal Metabolizer,Normal Metabolizer,Normal Metabolizer,Normal Function,0,Low
NA12874,EUR,CEU,Normal Metabolizer,Normal Metabolizer,Normal Metabolizer,Normal Metabolizer,Normal Function,0,Low
NA12878,EUR,CEU,Normal Metabolizer,Intermediate Metabolizer,Normal Metabolizer,Normal Metabolizer,Decreased Function,3,Moderate
NA12889,EUR,CEU,Normal Metabolizer,Normal Metabolizer,Normal Metabolizer,Normal Metabolizer,Normal Function,0,Low
NA12890,EUR,CEU,Normal Metabolizer,Normal Metabolizer,Normal Metabolizer,Intermediate Metabolizer,Normal Function,1,Low
NA18486,AFR,YRI,Intermediate Metabolizer,Normal Metabolizer,Normal Metabolizer,Normal Metabolizer,Normal Function,1,Low
NA18488,AFR,YRI,Normal Metabolizer,Normal Metabolizer,Intermediate Metabolizer,Normal Metabolizer,Normal Function,2,Low
NA18489,AFR,YRI,Normal Metabolizer,Normal Metabolizer,Intermediate Metabolizer,Normal Metabolizer,Normal Function,2,Low
NA18498,AFR,YRI,Normal Metabolizer,Normal Metabolizer,Normal Metabolizer,Normal Metabolizer,Normal Function,0,Low
NA18499,AFR,YRI,Normal Metabolizer,Normal Metabolizer,Intermediate Metabolizer,Normal Metabolizer,Normal Function,2,Low
NA18501,AFR,YRI,Normal Metabolizer,Normal Metabolizer,Intermediate Metabolizer,Normal Metabolizer,Normal Function,2,Low
NA18502,AFR,YRI,Normal Metabolizer,Normal Metabolizer,Intermediate Metabolizer,Normal Metabolizer,Normal Function,2,Low
NA18504,AFR,YRI,Normal Metabolizer,Normal Metabolizer,Normal Metabolizer,Normal Metabolizer,Normal Function,0,Low
NA18505,AFR,YRI,Normal Metabolizer,Normal Metabolizer,Normal Metabolizer,Normal Metabolizer,Normal Function,0,Low
NA18507,AFR,YRI,Normal Metabolizer,Normal Metabolizer,Intermediate Metabolizer,Normal Metabolizer,Normal Function,2,Low
NA18508,AFR,YRI,Normal Metabolizer,Normal Metabolizer,Normal Metabolizer,Normal Metabolizer,Normal Function,0,Low
NA18510,AFR,YRI,Normal Metabolizer,Normal Metabolizer,Intermediate Metabolizer,Normal Metabolizer,Normal Function,2,Low
NA18511,AFR,YRI,Normal Metabolizer,Normal Metabolizer,Intermediate Metabolizer,Normal Metabolizer,Normal Function,2,Low
NA18516,AFR,YRI,Normal Metabolizer,Normal Metabolizer,Normal Metabolizer,Normal Metabolizer,Normal Function,0,Low
NA18517,AFR,YRI,Intermediate Metabolizer,Normal Metabolizer,Normal Metabolizer,Intermediate Metabolizer,Normal Function,2,Low
NA18519,AFR,YRI,Normal Metabolizer,Normal Metabolizer,Normal Metabolizer,Normal Metabolizer,Normal Function,0,Low
NA18520,AFR,YRI,Normal Metabolizer,Normal Metabolizer,Normal Metabolizer,Normal Metabolizer,Normal Function,0,Low
NA18522,AFR,YRI,Normal Metabolizer,Normal Metabolizer,Normal Metabolizer,Normal Metabolizer,Normal Function,0,Low
NA18523,AFR,YRI,Normal Metabolizer,Normal Metabolizer,Normal Metabolizer,Normal Metabolizer,Normal Function,0,Low
NA18525,EAS,CHB,Normal Metabolizer,Normal Metabolizer,Normal Metabolizer,Normal Metabolizer,Normal Function,0,Low
NA18526,EAS,CHB,Normal Metabolizer,Normal Metabolizer,Normal Metabolizer,Normal Metabolizer,Decreased Function,2,Low
NA18528,EAS,CHB,Normal Metabolizer,Normal Metabolizer,Normal Metabolizer,Normal Metabolizer,Decreased Function,2,Low
NA18530,EAS,CHB,Normal Metabolizer,Normal Metabolizer,Normal Metabolizer,Normal Metabolizer,Normal Function,0,Low
NA18531,EAS,CHB,Normal Metabolizer,Normal Metabolizer,Intermediate Metabolizer,Normal Metabolizer,Normal Function,2,Low
NA18532,EAS,CHB,Normal Metabolizer,Normal Metabolizer,Normal Metabolizer,Intermediate Metabolizer,Normal Function,1,Low
NA18533,EAS,CHB,Normal Metabolizer,Normal Metabolizer,Normal Metabolizer,Intermediate Metabolizer,Normal Function,1,Low
NA18534,EAS,CHB,Normal Metabolizer,Normal Metabolizer,Normal Metabolizer,Normal Metabolizer,Decreased Function,2,Low
NA18535,EAS,CHB,Normal Metabolizer,Normal Metabolizer,Normal Metabolizer,Intermediate Metabolizer,Normal Function,1,Low
NA18536,EAS,CHB,Normal Metabolizer,Normal Metabolizer,Normal Metabolizer,Intermediate Metabolizer,Normal Function,1,Low
NA18537,EAS,CHB,Normal Metabolizer,Normal Metabolizer,Normal Metabolizer,Normal Metabolizer,Normal Function,0,Low
NA18538,EAS,CHB,Normal Metabolizer,Normal Metabolizer,Normal Metabolizer,Normal Metabolizer,Normal Function,0,Low
NA18539,EAS,CHB,Normal Metabolizer,Normal Metabolizer,Normal Metabolizer,Normal Metabolizer,Normal Function,0,Low
NA18541,EAS,CHB,Normal Metabolizer,Normal Metabolizer,Normal Metabolizer,Normal Metabolizer,Normal Function,0,Low
NA18542,EAS,CHB,Normal Metabolizer,Normal Metabolizer,Normal Metabolizer,Normal Metabolizer,Normal Function,0,Low
NA18543,EAS,CHB,Normal Metabolizer,Normal Metabolizer,Normal Metabolizer,Intermediate Metabolizer,Normal Function,1,Low
NA18544,EAS,CHB,Normal Metabolizer,Normal Metabolizer,Normal Metabolizer,Normal Metabolizer,Decreased Function,2,Low
NA18545,EAS,CHB,Normal Metabolizer,Normal Metabolizer,Normal Metabolizer,Intermediate Metabolizer,Normal Function,1,Low
NA18546,EAS,CHB,Normal Metabolizer,Normal Metabolizer,Normal Metabolizer,Normal Metabolizer,Decreased Function,2,Low
NA18547,EAS,CHB,Normal Metabolizer,Normal Metabolizer,Normal Metabolizer,Intermediate Metabolizer,Normal Function,1,Low
NA18548,EAS,CHB,Normal Metabolizer,Normal Metabolizer,Normal Metabolizer,Intermediate Metabolizer,Normal Function,1,Low
NA18549,EAS,CHB,Normal Metabolizer,Normal Metabolizer,Normal Metabolizer,Intermediate Metabolizer,Decreased Function,3,Moderate
NA18550,EAS,CHB,Normal Metabolizer,Normal Metabolizer,Normal Metabolizer,Intermediate Metabolizer,Normal Function,1,Low
NA18552,EAS,CHB,Normal Metabolizer,Normal Metabolizer,Normal Metabolizer,Normal Metabolizer,Decreased Function,2,Low
NA18553,EAS,CHB,Normal Metabolizer,Normal Metabolizer,Normal Metabolizer,Normal Metabolizer,Normal Function,0,Low
NA18555,EAS,CHB,Normal Metabolizer,Normal Metabolizer,Normal Metabolizer,Intermediate Metabolizer,Normal Function,1,Low
NA18557,EAS,CHB,Normal Metabolizer,Normal Metabolizer,Normal Metabolizer,Intermediate Metabolizer,Normal Function,1,Low
NA18558,EAS,CHB,Normal Metabolizer,Normal Metabolizer,Normal Metabolizer,Normal Metabolizer,Normal Function,0,Low
NA18559,EAS,CHB,Normal Metabolizer,Normal Metabolizer,Normal Metabolizer,Intermediate Metabolizer,Normal Function,1,Low
NA18560,EAS,CHB,Normal Metabolizer,Normal Metabolizer,Intermediate Metabolizer,Normal Metabolizer,Normal Function,2,Low
NA18561,EAS,CHB,Normal Metabolizer,Normal Metabolizer,Normal Metabolizer,Intermediate Metabolizer,Normal Function,1,Low
NA18562,EAS,CHB,Normal Metabolizer,Normal Metabolizer,Normal Metabolizer,Normal Metabolizer,Decreased Function,2,Low
NA18563,EAS,CHB,Normal Metabolizer,Normal Metabolizer,Normal Metabolizer,Normal Metabolizer,Decreased Function,2,Low
NA18564,EAS,CHB,Normal Metabolizer,Normal Metabolizer,Intermediate Metabolizer,Normal Metabolizer,Normal Function,2,Low
NA18565,EAS,CHB,Normal Metabolizer,Normal Metabolizer,Normal Metabolizer,Intermediate Metabolizer,Normal Function,1,Low
NA18566,EAS,CHB,Normal Metabolizer,Normal Metabolizer,Normal Metabolizer,Normal Metabolizer,Normal Function,0,Low
NA18567,EAS,CHB,Normal Metabolizer,Normal Metabolizer,Normal Metabolizer,Normal Metabolizer,Normal Function,0,Low
NA18570,EAS,CHB,Normal Metabolizer,Normal Metabolizer,Normal Metabolizer,Normal Metabolizer,Normal Function,0,Low
NA18571,EAS,CHB,Normal Metabolizer,Normal Metabolizer,Normal Metabolizer,Intermediate Metabolizer,Normal Function,1,Low
NA18572,EAS,CHB,Normal Metabolizer,Normal Metabolizer,Normal Metabolizer,Normal Metabolizer,Normal Function,0,Low
NA18573,EAS,CHB,Normal Metabolizer,Normal Metabolizer,Normal Metabolizer,Normal Metabolizer,Normal Function,0,Low
NA18574,EAS,CHB,Normal Metabolizer,Normal Metabolizer,Normal Metabolizer,Normal Metabolizer,Normal Function,0,Low
NA18577,EAS,CHB,Normal Metabolizer,Normal Metabolizer,Normal Metabolizer,Normal Metabolizer,Decreased Function,2,Low
NA18579,EAS,CHB,Normal Metabolizer,Normal Metabolizer,Intermediate Metabolizer,Intermediate Metabolizer,Normal Function,3,Moderate
NA18582,EAS,CHB,Normal Metabolizer,Normal Metabolizer,Normal Metabolizer,Normal Metabolizer,Normal Function,0,Low
NA18591,EAS,CHB,Normal Metabolizer,Normal Metabolizer,Intermediate Metabolizer,Intermediate Metabolizer,Normal Function,3,Moderate
NA18592,EAS,CHB,Normal Metabolizer,Normal Metabolizer,Normal Metabolizer,Normal Metabolizer,Decreased Function,2,Low
NA18593,EAS,CHB,Normal Metabolizer,Normal Metabolizer,Normal Metabolizer,Intermediate Metabolizer,Normal Function,1,Low
NA18595,EAS,CHB,Normal Metabolizer,Normal Metabolizer,Normal Metabolizer,Normal Metabolizer,Normal Function,0,Low
NA18596,EAS,CHB,Normal Metabolizer,Normal Metabolizer,Normal Metabolizer,Normal Metabolizer,Decreased Function,2,Low
NA18597,EAS,CHB,Normal Metabolizer,Normal Metabolizer,Normal Metabolizer,Normal Metabolizer,Normal Function,0,Low
NA18599,EAS,CHB,Normal Metabolizer,Normal Metabolizer,Normal Metabolizer,Normal Metabolizer,Decreased Function,2,Low
NA18602,EAS,CHB,Normal Metabolizer,Normal Metabolizer,Normal Metabolizer,Intermediate Metabolizer,Normal Function,1,Low
NA18603,EAS,CHB,Normal Metabolizer,Normal Metabolizer,Normal Metabolizer,Intermediate Metabolizer,Normal Function,1,Low
NA18605,EAS,CHB,Normal Metabolizer,Normal Metabolizer,Normal Metabolizer,Intermediate Metabolizer,Normal Function,1,Low
NA18606,EAS,CHB,Normal Metabolizer,Normal Metabolizer,Normal Metabolizer,Normal Metabolizer,Poor Function,3,Moderate
NA18608,EAS,CHB,Normal Metabolizer,Normal Metabolizer,Normal Metabolizer,Normal Metabolizer,Poor Function,3,Moderate
NA18609,EAS,CHB,Normal Metabolizer,Normal Metabolizer,Normal Metabolizer,Normal Metabolizer,Decreased Function,2,Low
NA18610,EAS,CHB,Normal Metabolizer,Normal Metabolizer,Normal Metabolizer,Intermediate Metabolizer,Normal Function,1,Low
NA18611,EAS,CHB,Normal Metabolizer,Normal Metabolizer,Normal Metabolizer,Normal Metabolizer,Decreased Function,2,Low
NA18612,EAS,CHB,Normal Metabolizer,Normal Metabolizer,Intermediate Metabolizer,Intermediate Metabolizer,Normal Function,3,Moderate
NA18613,EAS,CHB,Normal Metabolizer,Normal Metabolizer,Normal Metabolizer,Intermediate Metabolizer,Normal Function,1,Low
NA18614,EAS,CHB,Normal Metabolizer,Normal Metabolizer,Normal Metabolizer,Normal Metabolizer,Decreased Function,2,Low
NA18615,EAS,CHB,Normal Metabolizer,Normal Metabolizer,Normal Metabolizer,Intermediate Metabolizer,Normal Function,1,Low
NA18616,EAS,CHB,Normal Metabolizer,Normal Metabolizer,Normal Metabolizer,Normal Metabolizer,Normal Function,0,Low
NA18617,EAS,CHB,Normal Metabolizer,Normal Metabolizer,Normal Metabolizer,Intermediate Metabolizer,Normal Function,1,Low
NA18618,EAS,CHB,Normal Metabolizer,Normal Metabolizer,Normal Metabolizer,Normal Metabolizer,Decreased Function,2,Low
NA18619,EAS,CHB,Normal Metabolizer,Normal Metabolizer,Normal Metabolizer,Intermediate Metabolizer,Decreased Function,3,Moderate
NA18620,EAS,CHB,Normal Metabolizer,Normal Metabolizer,Normal Metabolizer,Normal Metabolizer,Decreased Function,2,Low
NA18621,EAS,CHB,Normal Metabolizer,Normal Metabolizer,Normal Metabolizer,Normal Metabolizer,Normal Function,0,Low
NA18622,EAS,CHB,Normal Metabolizer,Normal Metabolizer,Intermediate Metabolizer,Normal Metabolizer,Normal Function,2,Low
NA18623,EAS,CHB,Normal Metabolizer,Normal Metabolizer,Normal Metabolizer,Normal Metabolizer,Normal Function,0,Low
NA18624,EAS,CHB,Normal Metabolizer,Normal Metabolizer,Normal Metabolizer,Normal Metabolizer,Normal Function,0,Low
NA18625,EAS,CHB,Normal Metabolizer,Normal Metabolizer,Normal Metabolizer,Intermediate Metabolizer,Normal Function,1,Low
NA18626,EAS,CHB,Normal Metabolizer,Normal Metabolizer,Intermediate Metabolizer,Normal Metabolizer,Normal Function,2,Low
NA18627,EAS,CHB,Normal Metabolizer,Normal Metabolizer,Normal Metabolizer,Normal Metabolizer,Decreased Function,2,Low
NA18628,EAS,CHB,Normal Metabolizer,Normal Metabolizer,Intermediate Metabolizer,Normal Metabolizer,Decreased Function,4,Moderate
NA18629,EAS,CHB,Normal Metabolizer,Normal Metabolizer,Normal Metabolizer,Normal Metabolizer,Normal Function,0,Low
NA18630,EAS,CHB,Normal Metabolizer,Normal Metabolizer,Normal Metabolizer,Normal Metabolizer,Normal Function,0,Low
NA18631,EAS,CHB,Normal Metabolizer,Normal Metabolizer,Normal Metabolizer,Intermediate Metabolizer,Normal Function,1,Low
NA18632,EAS,CHB,Normal Metabolizer,Normal Metabolizer,Normal Metabolizer,Intermediate Metabolizer,Normal Function,1,Low
NA18633,EAS,CHB,Normal Metabolizer,Normal Metabolizer,Normal Metabolizer,Intermediate Metabolizer,Normal Function,1,Low
NA18634,EAS,CHB,Normal Metabolizer,Normal Metabolizer,Normal Metabolizer,Normal Metabolizer,Normal Function,0,Low
NA18635,EAS,CHB,Normal Metabolizer,Normal Metabolizer,Normal Metabolizer,Normal Metabolizer,Normal Function,0,Low
NA18636,EAS,CHB,Normal Metabolizer,Normal Metabolizer,Normal Metabolizer,Normal Metabolizer,Decreased Function,2,Low
NA18637,EAS,CHB,Normal Metabolizer,Normal Metabolizer,Normal Metabolizer,Normal Metabolizer,Normal Function,0,Low
NA18638,EAS,CHB,Normal Metabolizer,Normal Metabolizer,Normal Metabolizer,Intermediate Metabolizer,Normal Function,1,Low
NA18639,EAS,CHB,Normal Metabolizer,Normal Metabolizer,Normal Metabolizer,Intermediate Metabolizer,Normal Function,1,Low
NA18640,EAS,CHB,Normal Metabolizer,Normal Metabolizer,Normal Metabolizer,Normal Metabolizer,Normal Function,0,Low
NA18641,EAS,CHB,Normal Metabolizer,Normal Metabolizer,Normal Metabolizer,Normal Metabolizer,Decreased Function,2,Low
NA18642,EAS,CHB,Normal Metabolizer,Normal Metabolizer,Intermediate Metabolizer,Normal Metabolizer,Normal Function,2,Low
NA18643,EAS,CHB,Normal Metabolizer,Normal Metabolizer,Normal Metabolizer,Normal Metabolizer,Normal Function,0,Low
NA18644,EAS,CHB,Normal Metabolizer,Normal Metabolizer,Normal Metabolizer,Normal Metabolizer,Normal Function,0,Low
NA18645,EAS,CHB,Normal Metabolizer,Normal Metabolizer,Normal Metabolizer,Normal Metabolizer,Normal Function,0,Low
NA18646,EAS,CHB,Normal Metabolizer,Normal Metabolizer,Normal Metabolizer,Normal Metabolizer,Normal Function,0,Low
NA18647,EAS,CHB,Normal Metabolizer,Normal Metabolizer,Normal Metabolizer,Normal Metabolizer,Normal Function,0,Low
NA18648,EAS,CHB,Normal Metabolizer,Normal Metabolizer,Intermediate Metabolizer,Normal Metabolizer,Normal Function,2,Low
NA18740,EAS,CHB,Normal Metabolizer,Normal Metabolizer,Normal Metabolizer,Intermediate Metabolizer,Normal Function,1,Low
NA18745,EAS,CHB,Normal Metabolizer,Normal Metabolizer,Normal Metabolizer,Normal Metabolizer,Normal Function,0,Low
NA18747,EAS,CHB,Normal Metabolizer,Normal Metabolizer,Intermediate Metabolizer,Normal Metabolizer,Decreased Function,4,Moderate
NA18748,EAS,CHB,Normal Metabolizer,Normal Metabolizer,Intermediate Metabolizer,Intermediate Metabolizer,Normal Function,3,Moderate
NA18749,EAS,CHB,Normal Metabolizer,Normal Metabolizer,Intermediate Metabolizer,Intermediate Metabolizer,Normal Function,3,Moderate
NA18757,EAS,CHB,Normal Metabolizer,Normal Metabolizer,Normal Metabolizer,Intermediate Metabolizer,Normal Function,1,Low
NA18853,AFR,YRI,Normal Metabolizer,Normal Metabolizer,Normal Metabolizer,Normal Metabolizer,Decreased Function,2,Low
NA18856,AFR,YRI,Normal Metabolizer,Normal Metabolizer,Intermediate Metabolizer,Normal Metabolizer,Normal Function,2,Low
NA18858,AFR,YRI,Normal Metabolizer,Normal Metabolizer,Normal Metabolizer,Normal Metabolizer,Normal Function,0,Low
NA18861,AFR,YRI,Normal Metabolizer,Normal Metabolizer,Intermediate Metabolizer,Normal Metabolizer,Normal Function,2,Low
NA18864,AFR,YRI,Normal Metabolizer,Normal Metabolizer,Intermediate Metabolizer,Normal Metabolizer,Normal Function,2,Low
NA18865,AFR,YRI,Normal Metabolizer,Normal Metabolizer,Intermediate Metabolizer,Normal Metabolizer,Normal Function,2,Low
NA18867,AFR,YRI,Normal Metabolizer,Normal Metabolizer,Intermediate Metabolizer,Normal Metabolizer,Normal Function,2,Low
NA18868,AFR,YRI,Normal Metabolizer,Normal Metabolizer,Intermediate Metabolizer,Normal Metabolizer,Normal Function,2,Low
NA18870,AFR,YRI,Normal Metabolizer,Normal Metabolizer,Intermediate Metabolizer,Intermediate Metabolizer,Normal Function,3,Moderate
NA18871,AFR,YRI,Normal Metabolizer,Normal Metabolizer,Normal Metabolizer,Normal Metabolizer,Normal Function,0,Low
NA18873,AFR,YRI,Normal Metabolizer,Normal Metabolizer,Intermediate Metabolizer,Normal Metabolizer,Normal Function,2,Low
NA18874,AFR,YRI,Intermediate Metabolizer,Normal Metabolizer,Normal Metabolizer,Normal Metabolizer,Normal Function,1,Low
NA18876,AFR,YRI,Normal Metabolizer,Normal Metabolizer,Intermediate Metabolizer,Normal Metabolizer,Normal Function,2,Low
NA18877,AFR,YRI,Normal Metabolizer,Normal Metabolizer,Normal Metabolizer,Normal Metabolizer,Normal Function,0,Low
NA18878,AFR,YRI,Intermediate Metabolizer,Normal Metabolizer,Normal Metabolizer,Normal Metabolizer,Normal Function,1,Low
NA18879,AFR,YRI,Normal Metabolizer,Normal Metabolizer,Normal Metabolizer,Normal Metabolizer,Normal Function,0,Low
NA18881,AFR,YRI,Intermediate Metabolizer,Normal Metabolizer,Normal Metabolizer,Normal Metabolizer,Normal Function,1,Low
NA18907,AFR,YRI,Normal Metabolizer,Normal Metabolizer,Intermediate Metabolizer,Normal Metabolizer,Normal Function,2,Low
NA18908,AFR,YRI,Normal Metabolizer,Normal Metabolizer,Intermediate Metabolizer,Normal Metabolizer,Normal Function,2,Low
NA18909,AFR,YRI,Normal Metabolizer,Normal Metabolizer,Normal Metabolizer,Normal Metabolizer,Normal Function,0,Low
NA18910,AFR,YRI,Intermediate Metabolizer,Normal Metabolizer,Normal Metabolizer,Normal Metabolizer,Normal Function,1,Low
NA18912,AFR,YRI,Intermediate Metabolizer,Normal Metabolizer,Normal Metabolizer,Normal Metabolizer,Normal Function,1,Low
NA18915,AFR,YRI,Normal Metabolizer,Normal Metabolizer,Normal Metabolizer,Normal Metabolizer,Normal Function,0,Low
NA18916,AFR,YRI,Normal Metabolizer,Normal Metabolizer,Normal Metabolizer,Normal Metabolizer,Normal Function,0,Low
NA18917,AFR,YRI,Normal Metabolizer,Normal Metabolizer,Intermediate Metabolizer,Normal Metabolizer,Normal Function,2,Low
NA18923,AFR,YRI,Normal Metabolizer,Normal Metabolizer,Intermediate Metabolizer,Normal Metabolizer,Normal Function,2,Low
NA18924,AFR,YRI,Intermediate Metabolizer,Normal Metabolizer,Normal Metabolizer,Normal Metabolizer,Normal Function,1,Low
NA18933,AFR,YRI,Normal Metabolizer,Normal Metabolizer,Intermediate Metabolizer,Normal Metabolizer,Normal Function,2,Low
NA18934,AFR,YRI,Normal Metabolizer,Normal Metabolizer,Normal Metabolizer,Normal Metabolizer,Normal Function,0,Low
NA18939,EAS,JPT,Normal Metabolizer,Normal Metabolizer,Normal Metabolizer,Normal Metabolizer,Normal Function,0,Low
NA18940,EAS,JPT,Normal Metabolizer,Normal Metabolizer,Normal Metabolizer,Normal Metabolizer,Normal Function,0,Low
NA18941,EAS,JPT,Normal Metabolizer,Normal Metabolizer,Normal Metabolizer,Normal Metabolizer,Normal Function,0,Low
NA18942,EAS,JPT,Normal Metabolizer,Normal Metabolizer,Normal Metabolizer,Normal Metabolizer,Normal Function,0,Low
NA18943,EAS,JPT,Normal Metabolizer,Normal Metabolizer,Normal Metabolizer,Normal Metabolizer,Normal Function,0,Low
NA18944,EAS,JPT,Normal Metabolizer,Normal Metabolizer,Normal Metabolizer,Intermediate Metabolizer,Normal Function,1,Low
NA18945,EAS,JPT,Normal Metabolizer,Normal Metabolizer,Normal Metabolizer,Normal Metabolizer,Normal Function,0,Low
NA18946,EAS,JPT,Normal Metabolizer,Normal Metabolizer,Normal Metabolizer,Normal Metabolizer,Decreased Function,2,Low
NA18947,EAS,JPT,Normal Metabolizer,Normal Metabolizer,Normal Metabolizer,Normal Metabolizer,Normal Function,0,Low
NA18948,EAS,JPT,Normal Metabolizer,Normal Metabolizer,Normal Metabolizer,Intermediate Metabolizer,Normal Function,1,Low
NA18949,EAS,JPT,Normal Metabolizer,Normal Metabolizer,Normal Metabolizer,Normal Metabolizer,Poor Function,3,Moderate
NA18950,EAS,JPT,Normal Metabolizer,Normal Metabolizer,Normal Metabolizer,Normal Metabolizer,Normal Function,0,Low
NA18951,EAS,JPT,Normal Metabolizer,Normal Metabolizer,Normal Metabolizer,Normal Metabolizer,Normal Function,0,Low
NA18952,EAS,JPT,Normal Metabolizer,Normal Metabolizer,Normal Metabolizer,Normal Metabolizer,Normal Function,0,Low
NA18953,EAS,JPT,Normal Metabolizer,Normal Metabolizer,Normal Metabolizer,Normal Metabolizer,Normal Function,0,Low
NA18954,EAS,JPT,Normal Metabolizer,Normal Metabolizer,Normal Metabolizer,Intermediate Metabolizer,Decreased Function,3,Moderate
NA18956,EAS,JPT,Normal Metabolizer,Normal Metabolizer,Normal Metabolizer,Normal Metabolizer,Normal Function,0,Low
NA18957,EAS,JPT,Normal Metabolizer,Normal Metabolizer,Normal Metabolizer,Normal Metabolizer,Normal Function,0,Low
NA18959,EAS,JPT,Normal Metabolizer,Normal Metabolizer,Normal Metabolizer,Normal Metabolizer,Normal Function,0,Low
NA18960,EAS,JPT,Normal Metabolizer,Normal Metabolizer,Normal Metabolizer,Intermediate Metabolizer,Decreased Function,3,Moderate
NA18961,EAS,JPT,Normal Metabolizer,Normal Metabolizer,Normal Metabolizer,Normal Metabolizer,Normal Function,0,Low
NA18962,EAS,JPT,Normal Metabolizer,Normal Metabolizer,Normal Metabolizer,Normal Metabolizer,Normal Function,0,Low
NA18963,EAS,JPT,Normal Metabolizer,Normal Metabolizer,Normal Metabolizer,Normal Metabolizer,Normal Function,0,Low
NA18964,EAS,JPT,Normal Metabolizer,Normal Metabolizer,Normal Metabolizer,Normal Metabolizer,Normal Function,0,Low
NA18965,EAS,JPT,Normal Metabolizer,Normal Metabolizer,Normal Metabolizer,Normal Metabolizer,Decreased Function,2,Low
NA18966,EAS,JPT,Normal Metabolizer,Normal Metabolizer,Normal Metabolizer,Normal Metabolizer,Normal Function,0,Low
NA18967,EAS,JPT,Normal Metabolizer,Normal Metabolizer,Intermediate Metabolizer,Normal Metabolizer,Normal Function,2,Low
NA18968,EAS,JPT,Normal Metabolizer,Normal Metabolizer,Normal Metabolizer,Normal Metabolizer,Normal Function,0,Low
NA18969,EAS,JPT,Normal Metabolizer,Normal Metabolizer,Normal Metabolizer,Intermediate Metabolizer,Normal Function,1,Low
NA18970,EAS,JPT,Normal Metabolizer,Normal Metabolizer,Normal Metabolizer,Normal Metabolizer,Normal Function,0,Low
NA18971,EAS,JPT,Normal Metabolizer,Normal Metabolizer,Normal Metabolizer,Normal Metabolizer,Normal Function,0,Low
NA18972,EAS,JPT,Normal Metabolizer,Normal Metabolizer,Intermediate Metabolizer,Normal Metabolizer,Normal Function,2,Low
NA18973,EAS,JPT,Normal Metabolizer,Normal Metabolizer,Intermediate Metabolizer,Normal Metabolizer,Normal Function,2,Low
NA18974,EAS,JPT,Normal Metabolizer,Normal Metabolizer,Normal Metabolizer,Normal Metabolizer,Normal Function,0,Low
NA18975,EAS,JPT,Normal Metabolizer,Normal Metabolizer,Normal Metabolizer,Normal Metabolizer,Normal Function,0,Low
NA18976,EAS,JPT,Normal Metabolizer,Normal Metabolizer,Normal Metabolizer,Normal Metabolizer,Normal Function,0,Low
NA18977,EAS,JPT,Normal Metabolizer,Normal Metabolizer,Normal Metabolizer,Normal Metabolizer,Normal Function,0,Low
NA18978,EAS,JPT,Normal Metabolizer,Normal Metabolizer,Normal Metabolizer,Normal Metabolizer,Normal Function,0,Low
NA18979,EAS,JPT,Normal Metabolizer,Normal Metabolizer,Normal Metabolizer,Normal Metabolizer,Normal Function,0,Low
NA18980,EAS,JPT,Normal Metabolizer,Normal Metabolizer,Normal Metabolizer,Normal Metabolizer,Normal Function,0,Low
NA18981,EAS,JPT,Normal Metabolizer,Normal Metabolizer,Normal Metabolizer,Normal Metabolizer,Normal Function,0,Low
NA18982,EAS,JPT,Normal Metabolizer,Normal Metabolizer,Normal Metabolizer,Normal Metabolizer,Normal Function,0,Low
NA18983,EAS,JPT,Normal Metabolizer,Normal Metabolizer,Normal Metabolizer,Normal Metabolizer,Normal Function,0,Low
NA18984,EAS,JPT,Normal Metabolizer,Normal Metabolizer,Normal Metabolizer,Intermediate Metabolizer,Normal Function,1,Low
NA18985,EAS,JPT,Normal Metabolizer,Normal Metabolizer,Normal Metabolizer,Intermediate Metabolizer,Normal Function,1,Low
NA18986,EAS,JPT,Normal Metabolizer,Normal Metabolizer,Normal Metabolizer,Normal Metabolizer,Normal Function,0,Low
NA18987,EAS,JPT,Normal Metabolizer,Normal Metabolizer,Normal Metabolizer,Normal Metabolizer,Normal Function,0,Low
NA18988,EAS,JPT,Normal Metabolizer,Normal Metabolizer,Normal Metabolizer,Normal Metabolizer,Decreased Function,2,Low
NA18989,EAS,JPT,Normal Metabolizer,Normal Metabolizer,Normal Metabolizer,Normal Metabolizer,Normal Function,0,Low
NA18990,EAS,JPT,Normal Metabolizer,Normal Metabolizer,Normal Metabolizer,Normal Metabolizer,Normal Function,0,Low
NA18991,EAS,JPT,Normal Metabolizer,Normal Metabolizer,Normal Metabolizer,Normal Metabolizer,Normal Function,0,Low
NA18992,EAS,JPT,Normal Metabolizer,Normal Metabolizer,Normal Metabolizer,Normal Metabolizer,Decreased Function,2,Low
NA18993,EAS,JPT,Normal Metabolizer,Normal Metabolizer,Normal Metabolizer,Normal Metabolizer,Normal Function,0,Low
NA18994,EAS,JPT,Normal Metabolizer,Normal Metabolizer,Normal Metabolizer,Normal Metabolizer,Normal Function,0,Low
NA18995,EAS,JPT,Normal Metabolizer,Normal Metabolizer,Intermediate Metabolizer,Normal Metabolizer,Normal Function,2,Low
NA18997,EAS,JPT,Normal Metabolizer,Normal Metabolizer,Intermediate Metabolizer,Normal Metabolizer,Decreased Function,4,Moderate
NA18998,EAS,JPT,Normal Metabolizer,Normal Metabolizer,Intermediate Metabolizer,Normal Metabolizer,Normal Function,2,Low
NA18999,EAS,JPT,Normal Metabolizer,Normal Metabolizer,Normal Metabolizer,Normal Metabolizer,Normal Function,0,Low
NA19000,EAS,JPT,Normal Metabolizer,Normal Metabolizer,Normal Metabolizer,Normal Metabolizer,Poor Function,3,Moderate
NA19001,EAS,JPT,Normal Metabolizer,Normal Metabolizer,Normal Metabolizer,Intermediate Metabolizer,Normal Function,1,Low
NA19002,EAS,JPT,Normal Metabolizer,Normal Metabolizer,Intermediate Metabolizer,Normal Metabolizer,Normal Function,2,Low
NA19003,EAS,JPT,Normal Metabolizer,Normal Metabolizer,Normal Metabolizer,Normal Metabolizer,Normal Function,0,Low
NA19004,EAS,JPT,Normal Metabolizer,Normal Metabolizer,Normal Metabolizer,Normal Metabolizer,Normal Function,0,Low
NA19005,EAS,JPT,Normal Metabolizer,Normal Metabolizer,Normal Metabolizer,Normal Metabolizer,Normal Function,0,Low
NA19006,EAS,JPT,Normal Metabolizer,Normal Metabolizer,Normal Metabolizer,Normal Metabolizer,Normal Function,0,Low
NA19007,EAS,JPT,Normal Metabolizer,Normal Metabolizer,Normal Metabolizer,Normal Metabolizer,Normal Function,0,Low
NA19009,EAS,JPT,Normal Metabolizer,Normal Metabolizer,Normal Metabolizer,Normal Metabolizer,Normal Function,0,Low
NA19010,EAS,JPT,Normal Metabolizer,Normal Metabolizer,Normal Metabolizer,Normal Metabolizer,Normal Function,0,Low
NA19011,EAS,JPT,Normal Metabolizer,Normal Metabolizer,Normal Metabolizer,Normal Metabolizer,Poor Function,3,Moderate
NA19012,EAS,JPT,Normal Metabolizer,Normal Metabolizer,Normal Metabolizer,Normal Metabolizer,Decreased Function,2,Low
NA19017,AFR,LWK,Normal Metabolizer,Normal Metabolizer,Intermediate Metabolizer,Normal Metabolizer,Normal Function,2,Low
NA19019,AFR,LWK,Intermediate Metabolizer,Normal Metabolizer,Normal Metabolizer,Normal Metabolizer,Normal Function,1,Low
NA19020,AFR,LWK,Normal Metabolizer,Normal Metabolizer,Intermediate Metabolizer,Normal Metabolizer,Normal Function,2,Low
NA19023,AFR,LWK,Intermediate Metabolizer,Normal Metabolizer,Intermediate Metabolizer,Normal Metabolizer,Decreased Function,5,Moderate
NA19024,AFR,LWK,Normal Metabolizer,Normal Metabolizer,Normal Metabolizer,Normal Metabolizer,Normal Function,0,Low
NA19025,AFR,LWK,Normal Metabolizer,Normal Metabolizer,Normal Metabolizer,Normal Metabolizer,Normal Function,0,Low
NA19026,AFR,LWK,Intermediate Metabolizer,Normal Metabolizer,Normal Metabolizer,Normal Metabolizer,Normal Function,1,Low
NA19027,AFR,LWK,Normal Metabolizer,Normal Metabolizer,Normal Metabolizer,Normal Metabolizer,Normal Function,0,Low
NA19028,AFR,LWK,Normal Metabolizer,Normal Metabolizer,Normal Metabolizer,Normal Metabolizer,Normal Function,0,Low
NA19030,AFR,LWK,Normal Metabolizer,Normal Metabolizer,Intermediate Metabolizer,Normal Metabolizer,Normal Function,2,Low
NA19031,AFR,LWK,Intermediate Metabolizer,Normal Metabolizer,Normal Metabolizer,Normal Metabolizer,Normal Function,1,Low
NA19035,AFR,LWK,Normal Metabolizer,Normal Metabolizer,Normal Metabolizer,Normal Metabolizer,Normal Function,0,Low
NA19036,AFR,LWK,Intermediate Metabolizer,Normal Metabolizer,Normal Metabolizer,Normal Metabolizer,Normal Function,1,Low
NA19037,AFR,LWK,Normal Metabolizer,Normal Metabolizer,Intermediate Metabolizer,Normal Metabolizer,Normal Function,2,Low
NA19038,AFR,LWK,Normal Metabolizer,Normal Metabolizer,Intermediate Metabolizer,Normal Metabolizer,Normal Function,2,Low
NA19041,AFR,LWK,Normal Metabolizer,Normal Metabolizer,Normal Metabolizer,Normal Metabolizer,Normal Function,0,Low
NA19042,AFR,LWK,Normal Metabolizer,Normal Metabolizer,Normal Metabolizer,Normal Metabolizer,Normal Function,0,Low
NA19043,AFR,LWK,Normal Metabolizer,Normal Metabolizer,Intermediate Metabolizer,Normal Metabolizer,Normal Function,2,Low
NA19054,EAS,JPT,Normal Metabolizer,Normal Metabolizer,Normal Metabolizer,Normal Metabolizer,Decreased Function,2,Low
NA19055,EAS,JPT,Normal Metabolizer,Normal Metabolizer,Normal Metabolizer,Normal Metabolizer,Normal Function,0,Low
NA19056,EAS,JPT,Normal Metabolizer,Normal Metabolizer,Normal Metabolizer,Normal Metabolizer,Normal Function,0,Low
NA19057,EAS,JPT,Normal Metabolizer,Normal Metabolizer,Normal Metabolizer,Normal Metabolizer,Decreased Function,2,Low
NA19058,EAS,JPT,Normal Metabolizer,Normal Metabolizer,Normal Metabolizer,Intermediate Metabolizer,Normal Function,1,Low
NA19059,EAS,JPT,Normal Metabolizer,Normal Metabolizer,Normal Metabolizer,Normal Metabolizer,Normal Function,0,Low
NA19060,EAS,JPT,Normal Metabolizer,Normal Metabolizer,Normal Metabolizer,Normal Metabolizer,Normal Function,0,Low
NA19062,EAS,JPT,Normal Metabolizer,Normal Metabolizer,Normal Metabolizer,Normal Metabolizer,Normal Function,0,Low
NA19063,EAS,JPT,Normal Metabolizer,Normal Metabolizer,Normal Metabolizer,Intermediate Metabolizer,Normal Function,1,Low
NA19064,EAS,JPT,Normal Metabolizer,Normal Metabolizer,Normal Metabolizer,Normal Metabolizer,Normal Function,0,Low
NA19065,EAS,JPT,Normal Metabolizer,Normal Metabolizer,Normal Metabolizer,Normal Metabolizer,Normal Function,0,Low
NA19066,EAS,JPT,Normal Metabolizer,Normal Metabolizer,Normal Metabolizer,Normal Metabolizer,Decreased Function,2,Low
NA19067,EAS,JPT,Normal Metabolizer,Normal Metabolizer,Normal Metabolizer,Intermediate Metabolizer,Decreased Function,3,Moderate
NA19068,EAS,JPT,Normal Metabolizer,Normal Metabolizer,Normal Metabolizer,Normal Metabolizer,Normal Function,0,Low
NA19070,EAS,JPT,Normal Metabolizer,Normal Metabolizer,Normal Metabolizer,Normal Metabolizer,Normal Function,0,Low
NA19072,EAS,JPT,Normal Metabolizer,Normal Metabolizer,Normal Metabolizer,Normal Metabolizer,Decreased Function,2,Low
NA19074,EAS,JPT,Normal Metabolizer,Normal Metabolizer,Normal Metabolizer,Intermediate Metabolizer,Decreased Function,3,Moderate
NA19075,EAS,JPT,Normal Metabolizer,Normal Metabolizer,Normal Metabolizer,Normal Metabolizer,Normal Function,0,Low
NA19076,EAS,JPT,Normal Metabolizer,Normal Metabolizer,Normal Metabolizer,Intermediate Metabolizer,Normal Function,1,Low
NA19077,EAS,JPT,Normal Metabolizer,Normal Metabolizer,Normal Metabolizer,Normal Metabolizer,Decreased Function,2,Low
NA19078,EAS,JPT,Normal Metabolizer,Normal Metabolizer,Normal Metabolizer,Intermediate Metabolizer,Normal Function,1,Low
NA19079,EAS,JPT,Normal Metabolizer,Normal Metabolizer,Normal Metabolizer,Normal Metabolizer,Normal Function,0,Low
NA19080,EAS,JPT,Normal Metabolizer,Normal Metabolizer,Intermediate Metabolizer,Normal Metabolizer,Normal Function,2,Low
NA19081,EAS,JPT,Normal Metabolizer,Normal Metabolizer,Normal Metabolizer,Normal Metabolizer,Decreased Function,2,Low
NA19082,EAS,JPT,Normal Metabolizer,Normal Metabolizer,Normal Metabolizer,Intermediate Metabolizer,Normal Function,1,Low
NA19083,EAS,JPT,Normal Metabolizer,Normal Metabolizer,Normal Metabolizer,Normal Metabolizer,Decreased Function,2,Low
NA19084,EAS,JPT,Normal Metabolizer,Normal Metabolizer,Normal Metabolizer,Normal Metabolizer,Normal Function,0,Low
NA19085,EAS,JPT,Normal Metabolizer,Normal Metabolizer,Intermediate Metabolizer,Normal Metabolizer,Normal Function,2,Low
NA19086,EAS,JPT,Normal Metabolizer,Normal Metabolizer,Normal Metabolizer,Normal Metabolizer,Normal Function,0,Low
NA19087,EAS,JPT,Normal Metabolizer,Normal Metabolizer,Normal Metabolizer,Normal Metabolizer,Normal Function,0,Low
NA19088,EAS,JPT,Normal Metabolizer,Normal Metabolizer,Intermediate Metabolizer,Normal Metabolizer,Decreased Function,4,Moderate
NA19089,EAS,JPT,Normal Metabolizer,Normal Metabolizer,Normal Metabolizer,Normal Metabolizer,Normal Function,0,Low
NA19090,EAS,JPT,Normal Metabolizer,Normal Metabolizer,Normal Metabolizer,Normal Metabolizer,Normal Function,0,Low
NA19091,EAS,JPT,Normal Metabolizer,Normal Metabolizer,Normal Metabolizer,Normal Metabolizer,Decreased Function,2,Low
NA19092,AFR,YRI,Normal Metabolizer,Normal Metabolizer,Intermediate Metabolizer,Normal Metabolizer,Normal Function,2,Low
NA19093,AFR,YRI,Normal Metabolizer,Normal Metabolizer,Intermediate Metabolizer,Normal Metabolizer,Normal Function,2,Low
NA19095,AFR,YRI,Normal Metabolizer,Normal Metabolizer,Normal Metabolizer,Normal Metabolizer,Normal Function,0,Low
NA19096,AFR,YRI,Normal Metabolizer,Normal Metabolizer,Intermediate Metabolizer,Normal Metabolizer,Normal Function,2,Low
NA19098,AFR,YRI,Normal Metabolizer,Normal Metabolizer,Intermediate Metabolizer,Normal Metabolizer,Normal Function,2,Low
NA19099,AFR,YRI,Intermediate Metabolizer,Normal Metabolizer,Normal Metabolizer,Normal Metabolizer,Normal Function,1,Low
NA19102,AFR,YRI,Normal Metabolizer,Normal Metabolizer,Intermediate Metabolizer,Normal Metabolizer,Normal Function,2,Low
NA19107,AFR,YRI,Normal Metabolizer,Normal Metabolizer,Normal Metabolizer,Normal Metabolizer,Decreased Function,2,Low
NA19108,AFR,YRI,Intermediate Metabolizer,Normal Metabolizer,Intermediate Metabolizer,Normal Metabolizer,Normal Function,3,Moderate
NA19113,AFR,YRI,Normal Metabolizer,Normal Metabolizer,Intermediate Metabolizer,Normal Metabolizer,Normal Function,2,Low
NA19114,AFR,YRI,Normal Metabolizer,Normal Metabolizer,Normal Metabolizer,Normal Metabolizer,Normal Function,0,Low
NA19116,AFR,YRI,Intermediate Metabolizer,Normal Metabolizer,Normal Metabolizer,Normal Metabolizer,Normal Function,1,Low
NA19117,AFR,YRI,Normal Metabolizer,Normal Metabolizer,Normal Metabolizer,Normal Metabolizer,Normal Function,0,Low
NA19118,AFR,YRI,Normal Metabolizer,Normal Metabolizer,Intermediate Metabolizer,Normal Metabolizer,Normal Function,2,Low
NA19119,AFR,YRI,Normal Metabolizer,Normal Metabolizer,Normal Metabolizer,Normal Metabolizer,Normal Function,0,Low
NA19121,AFR,YRI,Intermediate Metabolizer,Normal Metabolizer,Normal Metabolizer,Normal Metabolizer,Normal Function,1,Low
NA19129,AFR,YRI,Normal Metabolizer,Normal Metabolizer,Intermediate Metabolizer,Normal Metabolizer,Normal Function,2,Low
NA19130,AFR,YRI,Intermediate Metabolizer,Normal Metabolizer,Intermediate Metabolizer,Normal Metabolizer,Normal Function,3,Moderate
NA19131,AFR,YRI,Normal Metabolizer,Normal Metabolizer,Intermediate Metabolizer,Normal Metabolizer,Normal Function,2,Low
NA19137,AFR,YRI,Normal Metabolizer,Normal Metabolizer,Intermediate Metabolizer,Normal Metabolizer,Normal Function,2,Low
NA19138,AFR,YRI,Normal Metabolizer,Normal Metabolizer,Intermediate Metabolizer,Normal Metabolizer,Normal Function,2,Low
NA19141,AFR,YRI,Normal Metabolizer,Normal Metabolizer,Intermediate Metabolizer,Normal Metabolizer,Normal Function,2,Low
NA19143,AFR,YRI,Normal Metabolizer,Normal Metabolizer,Normal Metabolizer,Normal Metabolizer,Normal Function,0,Low
NA19144,AFR,YRI,Intermediate Metabolizer,Normal Metabolizer,Normal Metabolizer,Normal Metabolizer,Normal Function,1,Low
NA19146,AFR,YRI,Normal Metabolizer,Normal Metabolizer,Intermediate Metabolizer,Normal Metabolizer,Normal Function,2,Low
NA19147,AFR,YRI,Normal Metabolizer,Normal Metabolizer,Intermediate Metabolizer,Normal Metabolizer,Normal Function,2,Low
NA19149,AFR,YRI,Intermediate Metabolizer,Normal Metabolizer,Intermediate Metabolizer,Normal Metabolizer,Normal Function,3,Moderate
NA19152,AFR,YRI,Intermediate Metabolizer,Normal Metabolizer,Normal Metabolizer,Normal Metabolizer,Normal Function,1,Low
NA19153,AFR,YRI,Normal Metabolizer,Normal Metabolizer,Intermediate Metabolizer,Normal Metabolizer,Normal Function,2,Low
NA19159,AFR,YRI,Normal Metabolizer,Normal Metabolizer,Intermediate Metabolizer,Normal Metabolizer,Normal Function,2,Low
NA19160,AFR,YRI,Normal Metabolizer,Normal Metabolizer,Normal Metabolizer,Normal Metabolizer,Normal Function,0,Low
NA19171,AFR,YRI,Normal Metabolizer,Normal Metabolizer,Intermediate Metabolizer,Normal Metabolizer,Normal Function,2,Low
NA19172,AFR,YRI,Normal Metabolizer,Normal Metabolizer,Normal Metabolizer,Normal Metabolizer,Normal Function,0,Low
NA19175,AFR,YRI,Intermediate Metabolizer,Normal Metabolizer,Intermediate Metabolizer,Normal Metabolizer,Normal Function,3,Moderate
NA19184,AFR,YRI,Normal Metabolizer,Normal Metabolizer,Intermediate Metabolizer,Normal Metabolizer,Normal Function,2,Low
NA19185,AFR,YRI,Intermediate Metabolizer,Normal Metabolizer,Intermediate Metabolizer,Normal Metabolizer,Normal Function,3,Moderate
NA19189,AFR,YRI,Normal Metabolizer,Normal Metabolizer,Intermediate Metabolizer,Normal Metabolizer,Normal Function,2,Low
NA19190,AFR,YRI,Normal Metabolizer,Normal Metabolizer,Intermediate Metabolizer,Normal Metabolizer,Normal Function,2,Low
NA19197,AFR,YRI,Normal Metabolizer,Normal Metabolizer,Intermediate Metabolizer,Normal Metabolizer,Normal Function,2,Low
NA19198,AFR,YRI,Normal Metabolizer,Normal Metabolizer,Normal Metabolizer,Normal Metabolizer,Normal Function,0,Low
NA19200,AFR,YRI,Normal Metabolizer,Normal Metabolizer,Normal Metabolizer,Normal Metabolizer,Normal Function,0,Low
NA19201,AFR,YRI,Normal Metabolizer,Normal Metabolizer,Normal Metabolizer,Normal Metabolizer,Normal Function,0,Low
NA19204,AFR,YRI,Normal Metabolizer,Normal Metabolizer,Intermediate Metabolizer,Normal Metabolizer,Normal Function,2,Low
NA19206,AFR,YRI,Normal Metabolizer,Normal Metabolizer,Normal Metabolizer,Normal Metabolizer,Normal Function,0,Low
NA19207,AFR,YRI,Normal Metabolizer,Normal Metabolizer,Intermediate Metabolizer,Normal Metabolizer,Normal Function,2,Low
NA19209,AFR,YRI,Normal Metabolizer,Normal Metabolizer,Intermediate Metabolizer,Normal Metabolizer,Normal Function,2,Low
NA19210,AFR,YRI,Normal Metabolizer,Normal Metabolizer,Intermediate Metabolizer,Normal Metabolizer,Normal Function,2,Low
NA19213,AFR,YRI,Normal Metabolizer,Normal Metabolizer,Normal Metabolizer,Normal Metabolizer,Normal Function,0,Low
NA19214,AFR,YRI,Normal Metabolizer,Normal Metabolizer,Normal Metabolizer,Normal Metabolizer,Normal Function,0,Low
NA19222,AFR,YRI,Normal Metabolizer,Normal Metabolizer,Intermediate Metabolizer,Normal Metabolizer,Normal Function,2,Low
NA19223,AFR,YRI,Normal Metabolizer,Normal Metabolizer,Normal Metabolizer,Normal Metabolizer,Normal Function,0,Low
NA19225,AFR,YRI,Normal Metabolizer,Normal Metabolizer,Normal Metabolizer,Normal Metabolizer,Normal Function,0,Low
NA19235,AFR,YRI,Normal Metabolizer,Normal Metabolizer,Intermediate Metabolizer,Normal Metabolizer,Normal Function,2,Low
NA19236,AFR,YRI,Normal Metabolizer,Normal Metabolizer,Intermediate Metabolizer,Normal Metabolizer,Normal Function,2,Low
NA19238,AFR,YRI,Normal Metabolizer,Normal Metabolizer,Normal Metabolizer,Normal Metabolizer,Normal Function,0,Low
NA19239,AFR,YRI,Normal Metabolizer,Normal Metabolizer,Intermediate Metabolizer,Normal Metabolizer,Normal Function,2,Low
NA19247,AFR,YRI,Intermediate Metabolizer,Normal Metabolizer,Intermediate Metabolizer,Normal Metabolizer,Normal Function,3,Moderate
NA19248,AFR,YRI,Normal Metabolizer,Normal Metabolizer,Normal Metabolizer,Normal Metabolizer,Normal Function,0,Low
NA19256,AFR,YRI,Normal Metabolizer,Normal Metabolizer,Normal Metabolizer,Normal Metabolizer,Normal Function,0,Low
NA19257,AFR,YRI,Normal Metabolizer,Normal Metabolizer,Intermediate Metabolizer,Normal Metabolizer,Normal Function,2,Low
NA19307,AFR,LWK,Normal Metabolizer,Normal Metabolizer,Normal Metabolizer,Normal Metabolizer,Normal Function,0,Low
NA19308,AFR,LWK,Intermediate Metabolizer,Normal Metabolizer,Intermediate Metabolizer,Normal Metabolizer,Normal Function,3,Moderate
NA19309,AFR,LWK,Normal Metabolizer,Normal Metabolizer,Normal Metabolizer,Normal Metabolizer,Normal Function,0,Low
NA19310,AFR,LWK,Intermediate Metabolizer,Normal Metabolizer,Intermediate Metabolizer,Normal Metabolizer,Normal Function,3,Moderate
NA19312,AFR,LWK,Normal Metabolizer,Normal Metabolizer,Normal Metabolizer,Normal Metabolizer,Normal Function,0,Low
NA19314,AFR,LWK,Normal Metabolizer,Normal Metabolizer,Intermediate Metabolizer,Normal Metabolizer,Normal Function,2,Low
NA19315,AFR,LWK,Normal Metabolizer,Normal Metabolizer,Intermediate Metabolizer,Normal Metabolizer,Normal Function,2,Low
NA19316,AFR,LWK,Normal Metabolizer,Normal Metabolizer,Intermediate Metabolizer,Normal Metabolizer,Normal Function,2,Low
NA19317,AFR,LWK,Intermediate Metabolizer,Normal Metabolizer,Intermediate Metabolizer,Normal Metabolizer,Normal Function,3,Moderate
NA19318,AFR,LWK,Normal Metabolizer,Normal Metabolizer,Intermediate Metabolizer,Normal Metabolizer,Normal Function,2,Low
NA19319,AFR,LWK,Normal Metabolizer,Normal Metabolizer,Normal Metabolizer,Normal Metabolizer,Normal Function,0,Low
NA19320,AFR,LWK,Normal Metabolizer,Normal Metabolizer,Normal Metabolizer,Normal Metabolizer,Normal Function,0,Low
NA19321,AFR,LWK,Normal Metabolizer,Normal Metabolizer,Intermediate Metabolizer,Normal Metabolizer,Normal Function,2,Low
NA19323,AFR,LWK,Intermediate Metabolizer,Normal Metabolizer,Normal Metabolizer,Normal Metabolizer,Normal Function,1,Low
NA19324,AFR,LWK,Normal Metabolizer,Normal Metabolizer,Intermediate Metabolizer,Normal Metabolizer,Normal Function,2,Low
NA19327,AFR,LWK,Normal Metabolizer,Normal Metabolizer,Normal Metabolizer,Normal Metabolizer,Normal Function,0,Low
NA19328,AFR,LWK,Normal Metabolizer,Normal Metabolizer,Normal Metabolizer,Normal Metabolizer,Normal Function,0,Low
NA19331,AFR,LWK,Normal Metabolizer,Normal Metabolizer,Intermediate Metabolizer,Normal Metabolizer,Normal Function,2,Low
NA19332,AFR,LWK,Intermediate Metabolizer,Normal Metabolizer,Normal Metabolizer,Normal Metabolizer,Normal Function,1,Low
NA19334,AFR,LWK,Intermediate Metabolizer,Normal Metabolizer,Intermediate Metabolizer,Normal Metabolizer,Normal Function,3,Moderate
NA19338,AFR,LWK,Normal Metabolizer,Normal Metabolizer,Normal Metabolizer,Normal Metabolizer,Decreased Function,2,Low
NA19346,AFR,LWK,Normal Metabolizer,Normal Metabolizer,Normal Metabolizer,Normal Metabolizer,Normal Function,0,Low
NA19347,AFR,LWK,Intermediate Metabolizer,Normal Metabolizer,Normal Metabolizer,Normal Metabolizer,Normal Function,1,Low
NA19350,AFR,LWK,Normal Metabolizer,Normal Metabolizer,Normal Metabolizer,Normal Metabolizer,Normal Function,0,Low
NA19351,AFR,LWK,Normal Metabolizer,Normal Metabolizer,Normal Metabolizer,Normal Metabolizer,Normal Function,0,Low
NA19355,AFR,LWK,Normal Metabolizer,Normal Metabolizer,Normal Metabolizer,Normal Metabolizer,Normal Function,0,Low
NA19360,AFR,LWK,Normal Metabolizer,Normal Metabolizer,Normal Metabolizer,Normal Metabolizer,Normal Function,0,Low
NA19372,AFR,LWK,Normal Metabolizer,Normal Metabolizer,Normal Metabolizer,Normal Metabolizer,Normal Function,0,Low
NA19374,AFR,LWK,Normal Metabolizer,Normal Metabolizer,Normal Metabolizer,Normal Metabolizer,Normal Function,0,Low
NA19375,AFR,LWK,Normal Metabolizer,Normal Metabolizer,Intermediate Metabolizer,Normal Metabolizer,Normal Function,2,Low
NA19376,AFR,LWK,Normal Metabolizer,Normal Metabolizer,Intermediate Metabolizer,Normal Metabolizer,Normal Function,2,Low
NA19377,AFR,LWK,Normal Metabolizer,Normal Metabolizer,Normal Metabolizer,Normal Metabolizer,Normal Function,0,Low
NA19378,AFR,LWK,Normal Metabolizer,Normal Metabolizer,Intermediate Metabolizer,Normal Metabolizer,Normal Function,2,Low
NA19379,AFR,LWK,Normal Metabolizer,Normal Metabolizer,Normal Metabolizer,Normal Metabolizer,Normal Function,0,Low
NA19380,AFR,LWK,Intermediate Metabolizer,Normal Metabolizer,Normal Metabolizer,Normal Metabolizer,Normal Function,1,Low
NA19383,AFR,LWK,Intermediate Metabolizer,Normal Metabolizer,Intermediate Metabolizer,Normal Metabolizer,Normal Function,3,Moderate
NA19384,AFR,LWK,Normal Metabolizer,Normal Metabolizer,Intermediate Metabolizer,Normal Metabolizer,Normal Function,2,Low
NA19385,AFR,LWK,Intermediate Metabolizer,Normal Metabolizer,Normal Metabolizer,Normal Metabolizer,Normal Function,1,Low
NA19390,AFR,LWK,Normal Metabolizer,Normal Metabolizer,Intermediate Metabolizer,Normal Metabolizer,Decreased Function,4,Moderate
NA19391,AFR,LWK,Intermediate Metabolizer,Normal Metabolizer,Intermediate Metabolizer,Normal Metabolizer,Normal Function,3,Moderate
NA19393,AFR,LWK,Normal Metabolizer,Normal Metabolizer,Intermediate Metabolizer,Normal Metabolizer,Normal Function,2,Low
NA19394,AFR,LWK,Normal Metabolizer,Normal Metabolizer,Normal Metabolizer,Normal Metabolizer,Normal Function,0,Low
NA19395,AFR,LWK,Normal Metabolizer,Normal Metabolizer,Normal Metabolizer,Normal Metabolizer,Normal Function,0,Low
NA19397,AFR,LWK,Normal Metabolizer,Normal Metabolizer,Normal Metabolizer,Normal Metabolizer,Normal Function,0,Low
NA19399,AFR,LWK,Normal Metabolizer,Normal Metabolizer,Intermediate Metabolizer,Normal Metabolizer,Normal Function,2,Low
NA19401,AFR,LWK,Normal Metabolizer,Normal Metabolizer,Normal Metabolizer,Normal Metabolizer,Normal Function,0,Low
NA19403,AFR,LWK,Intermediate Metabolizer,Normal Metabolizer,Normal Metabolizer,Normal Metabolizer,Normal Function,1,Low
NA19404,AFR,LWK,Normal Metabolizer,Normal Metabolizer,Normal Metabolizer,Normal Metabolizer,Normal Function,0,Low
NA19428,AFR,LWK,Intermediate Metabolizer,Normal Metabolizer,Normal Metabolizer,Normal Metabolizer,Normal Function,1,Low
NA19429,AFR,LWK,Normal Metabolizer,Normal Metabolizer,Intermediate Metabolizer,Normal Metabolizer,Normal Function,2,Low
NA19430,AFR,LWK,Normal Metabolizer,Normal Metabolizer,Normal Metabolizer,Normal Metabolizer,Normal Function,0,Low
NA19431,AFR,LWK,Normal Metabolizer,Normal Metabolizer,Intermediate Metabolizer,Normal Metabolizer,Normal Function,2,Low
NA19434,AFR,LWK,Normal Metabolizer,Normal Metabolizer,Normal Metabolizer,Normal Metabolizer,Normal Function,0,Low
NA19435,AFR,LWK,Normal Metabolizer,Normal Metabolizer,Intermediate Metabolizer,Normal Metabolizer,Normal Function,2,Low
NA19436,AFR,LWK,Intermediate Metabolizer,Normal Metabolizer,Intermediate Metabolizer,Normal Metabolizer,Normal Function,3,Moderate
NA19437,AFR,LWK,Intermediate Metabolizer,Normal Metabolizer,Intermediate Metabolizer,Normal Metabolizer,Normal Function,3,Moderate
NA19438,AFR,LWK,Intermediate Metabolizer,Normal Metabolizer,Intermediate Metabolizer,Normal Metabolizer,Normal Function,3,Moderate
NA19439,AFR,LWK,Normal Metabolizer,Normal Metabolizer,Normal Metabolizer,Normal Metabolizer,Normal Function,0,Low
NA19440,AFR,LWK,Normal Metabolizer,Normal Metabolizer,Intermediate Metabolizer,Normal Metabolizer,Normal Function,2,Low
NA19443,AFR,LWK,Normal Metabolizer,Normal Metabolizer,Intermediate Metabolizer,Normal Metabolizer,Normal Function,2,Low
NA19445,AFR,LWK,Normal Metabolizer,Normal Metabolizer,Normal Metabolizer,Normal Metabolizer,Normal Function,0,Low
NA19446,AFR,LWK,Normal Metabolizer,Normal Metabolizer,Normal Metabolizer,Normal Metabolizer,Normal Function,0,Low
NA19448,AFR,LWK,Normal Metabolizer,Normal Metabolizer,Intermediate Metabolizer,Normal Metabolizer,Normal Function,2,Low
NA19449,AFR,LWK,Intermediate Metabolizer,Normal Metabolizer,Normal Metabolizer,Normal Metabolizer,Normal Function,1,Low
NA19451,AFR,LWK,Normal Metabolizer,Normal Metabolizer,Normal Metabolizer,Normal Metabolizer,Normal Function,0,Low
NA19452,AFR,LWK,Normal Metabolizer,Normal Metabolizer,Normal Metabolizer,Normal Metabolizer,Normal Function,0,Low
NA19454,AFR,LWK,Normal Metabolizer,Normal Metabolizer,Intermediate Metabolizer,Normal Metabolizer,Normal Function,2,Low
NA19455,AFR,LWK,Normal Metabolizer,Normal Metabolizer,Normal Metabolizer,Normal Metabolizer,Normal Function,0,Low
NA19456,AFR,LWK,Normal Metabolizer,Normal Metabolizer,Intermediate Metabolizer,Normal Metabolizer,Decreased Function,4,Moderate
NA19457,AFR,LWK,Normal Metabolizer,Normal Metabolizer,Intermediate Metabolizer,Normal Metabolizer,Normal Function,2,Low
NA19461,AFR,LWK,Normal Metabolizer,Normal Metabolizer,Intermediate Metabolizer,Normal Metabolizer,Normal Function,2,Low
NA19462,AFR,LWK,Normal Metabolizer,Normal Metabolizer,Intermediate Metabolizer,Normal Metabolizer,Normal Function,2,Low
NA19463,AFR,LWK,Intermediate Metabolizer,Normal Metabolizer,Intermediate Metabolizer,Normal Metabolizer,Normal Function,3,Moderate
NA19466,AFR,LWK,Intermediate Metabolizer,Normal Metabolizer,Intermediate Metabolizer,Normal Metabolizer,Normal Function,3,Moderate
NA19467,AFR,LWK,Normal Metabolizer,Normal Metabolizer,Normal Metabolizer,Normal Metabolizer,Normal Function,0,Low
NA19468,AFR,LWK,Intermediate Metabolizer,Normal Metabolizer,Intermediate Metabolizer,Normal Metabolizer,Normal Function,3,Moderate
NA19471,AFR,LWK,Normal Metabolizer,Normal Metabolizer,Intermediate Metabolizer,Normal Metabolizer,Normal Function,2,Low
NA19472,AFR,LWK,Normal Metabolizer,Normal Metabolizer,Normal Metabolizer,Normal Metabolizer,Normal Function,0,Low
NA19473,AFR,LWK,Normal Metabolizer,Normal Metabolizer,Normal Metabolizer,Normal Metabolizer,Normal Function,0,Low
NA19474,AFR,LWK,Normal Metabolizer,Normal Metabolizer,Normal Metabolizer,Normal Metabolizer,Normal Function,0,Low
NA19475,AFR,LWK,Normal Metabolizer,Normal Metabolizer,Normal Metabolizer,Normal Metabolizer,Normal Function,0,Low
NA19625,AFR,ASW,Normal Metabolizer,Normal Metabolizer,Intermediate Metabolizer,Normal Metabolizer,Normal Function,2,Low
NA19648,AMR,MXL,Normal Metabolizer,Normal Metabolizer,Normal Metabolizer,Normal Metabolizer,Normal Function,0,Low
NA19649,AMR,MXL,Normal Metabolizer,Normal Metabolizer,Normal Metabolizer,Normal Metabolizer,Normal Function,0,Low
NA19651,AMR,MXL,Normal Metabolizer,Intermediate Metabolizer,Normal Metabolizer,Normal Metabolizer,Normal Function,1,Low
NA19652,AMR,MXL,Normal Metabolizer,Normal Metabolizer,Normal Metabolizer,Normal Metabolizer,Decreased Function,2,Low
NA19654,AMR,MXL,Normal Metabolizer,Normal Metabolizer,Normal Metabolizer,Normal Metabolizer,Normal Function,0,Low
NA19655,AMR,MXL,Normal Metabolizer,Normal Metabolizer,Normal Metabolizer,Normal Metabolizer,Normal Function,0,Low
NA19657,AMR,MXL,Normal Metabolizer,Normal Metabolizer,Normal Metabolizer,Normal Metabolizer,Normal Function,0,Low
NA19658,AMR,MXL,Normal Metabolizer,Normal Metabolizer,Intermediate Metabolizer,Normal Metabolizer,Normal Function,2,Low
NA19661,AMR,MXL,Normal Metabolizer,Normal Metabolizer,Normal Metabolizer,Normal Metabolizer,Normal Function,0,Low
NA19663,AMR,MXL,Normal Metabolizer,Normal Metabolizer,Normal Metabolizer,Normal Metabolizer,Decreased Function,2,Low
NA19664,AMR,MXL,Normal Metabolizer,Normal Metabolizer,Normal Metabolizer,Normal Metabolizer,Normal Function,0,Low
NA19669,AMR,MXL,Normal Metabolizer,Normal Metabolizer,Intermediate Metabolizer,Normal Metabolizer,Normal Function,2,Low
NA19670,AMR,MXL,Normal Metabolizer,Normal Metabolizer,Normal Metabolizer,Normal Metabolizer,Normal Function,0,Low
NA19676,AMR,MXL,Normal Metabolizer,Intermediate Metabolizer,Normal Metabolizer,Normal Metabolizer,Normal Function,1,Low
NA19678,AMR,MXL,Normal Metabolizer,Normal Metabolizer,Normal Metabolizer,Normal Metabolizer,Normal Function,0,Low
NA19679,AMR,MXL,Normal Metabolizer,Normal Metabolizer,Normal Metabolizer,Normal Metabolizer,Normal Function,0,Low
NA19681,AMR,MXL,Normal Metabolizer,Normal Metabolizer,Intermediate Metabolizer,Normal Metabolizer,Normal Function,2,Low
NA19682,AMR,MXL,Normal Metabolizer,Normal Metabolizer,Normal Metabolizer,Normal Metabolizer,Decreased Function,2,Low
NA19684,AMR,MXL,Normal Metabolizer,Normal Metabolizer,Normal Metabolizer,Normal Metabolizer,Normal Function,0,Low
NA19700,AFR,ASW,Intermediate Metabolizer,Normal Metabolizer,Normal Metabolizer,Normal Metabolizer,Normal Function,1,Low
NA19701,AFR,ASW,Normal Metabolizer,Normal Metabolizer,Normal Metabolizer,Normal Metabolizer,Normal Function,0,Low
NA19703,AFR,ASW,Intermediate Metabolizer,Normal Metabolizer,Normal Metabolizer,Normal Metabolizer,Normal Function,1,Low
NA19704,AFR,ASW,Normal Metabolizer,Normal Metabolizer,Normal Metabolizer,Normal Metabolizer,Normal Function,0,Low
NA19707,AFR,ASW,Normal Metabolizer,Normal Metabolizer,Normal Metabolizer,Normal Metabolizer,Normal Function,0,Low
NA19711,AFR,ASW,Normal Metabolizer,Normal Metabolizer,Normal Metabolizer,Normal Metabolizer,Normal Function,0,Low
NA19712,AFR,ASW,Normal Metabolizer,Normal Metabolizer,Intermediate Metabolizer,Normal Metabolizer,Normal Function,2,Low
NA19713,AFR,ASW,Normal Metabolizer,Normal Metabolizer,Normal Metabolizer,Normal Metabolizer,Normal Function,0,Low
NA19716,AMR,MXL,Normal Metabolizer,Intermediate Metabolizer,Intermediate Metabolizer,Normal Metabolizer,Decreased Function,5,Moderate
NA19717,AMR,MXL,Normal Metabolizer,Intermediate Metabolizer,Intermediate Metabolizer,Normal Metabolizer,Normal Function,3,Moderate
NA19719,AMR,MXL,Normal Metabolizer,Normal Metabolizer,Intermediate Metabolizer,Normal Metabolizer,Decreased Function,4,Moderate
NA19720,AMR,MXL,Normal Metabolizer,Normal Metabolizer,Normal Metabolizer,Normal Metabolizer,Normal Function,0,Low
NA19722,AMR,MXL,Normal Metabolizer,Normal Metabolizer,Normal Metabolizer,Normal Metabolizer,Normal Function,0,Low
NA19723,AMR,MXL,Normal Metabolizer,Normal Metabolizer,Intermediate Metabolizer,Normal Metabolizer,Decreased Function,4,Moderate
NA19725,AMR,MXL,Normal Metabolizer,Normal Metabolizer,Intermediate Metabolizer,Normal Metabolizer,Normal Function,2,Low
NA19726,AMR,MXL,Normal Metabolizer,Normal Metabolizer,Normal Metabolizer,Normal Metabolizer,Normal Function,0,Low
NA19728,AMR,MXL,Normal Metabolizer,Intermediate Metabolizer,Normal Metabolizer,Normal Metabolizer,Normal Function,1,Low
NA19729,AMR,MXL,Normal Metabolizer,Normal Metabolizer,Normal Metabolizer,Normal Metabolizer,Normal Function,0,Low
NA19731,AMR,MXL,Normal Metabolizer,Normal Metabolizer,Intermediate Metabolizer,Normal Metabolizer,Normal Function,2,Low
NA19732,AMR,MXL,Normal Metabolizer,Normal Metabolizer,Normal Metabolizer,Normal Metabolizer,Normal Function,0,Low
NA19734,AMR,MXL,Normal Metabolizer,Normal Metabolizer,Normal Metabolizer,Normal Metabolizer,Decreased Function,2,Low
NA19735,AMR,MXL,Normal Metabolizer,Normal Metabolizer,Normal Metabolizer,Normal Metabolizer,Normal Function,0,Low
NA19740,AMR,MXL,Normal Metabolizer,Normal Metabolizer,Normal Metabolizer,Normal Metabolizer,Normal Function,0,Low
NA19741,AMR,MXL,Normal Metabolizer,Normal Metabolizer,Intermediate Metabolizer,Normal Metabolizer,Decreased Function,4,Moderate
NA19746,AMR,MXL,Normal Metabolizer,Normal Metabolizer,Intermediate Metabolizer,Intermediate Metabolizer,Normal Function,3,Moderate
NA19747,AMR,MXL,Normal Metabolizer,Normal Metabolizer,Intermediate Metabolizer,Normal Metabolizer,Decreased Function,4,Moderate
NA19749,AMR,MXL,Normal Metabolizer,Normal Metabolizer,Normal Metabolizer,Normal Metabolizer,Normal Function,0,Low
NA19750,AMR,MXL,Normal Metabolizer,Normal Metabolizer,Normal Metabolizer,Normal Metabolizer,Normal Function,0,Low
NA19752,AMR,MXL,Normal Metabolizer,Normal Metabolizer,Normal Metabolizer,Normal Metabolizer,Normal Function,0,Low
NA19755,AMR,MXL,Normal Metabolizer,Normal Metabolizer,Intermediate Metabolizer,Normal Metabolizer,Normal Function,2,Low
NA19756,AMR,MXL,Normal Metabolizer,Intermediate Metabolizer,Intermediate Metabolizer,Normal Metabolizer,Normal Function,3,Moderate
NA19758,AMR,MXL,Normal Metabolizer,Normal Metabolizer,Intermediate Metabolizer,Normal Metabolizer,Normal Function,2,Low
NA19759,AMR,MXL,Normal Metabolizer,Normal Metabolizer,Normal Metabolizer,Normal Metabolizer,Normal Function,0,Low
NA19761,AMR,MXL,Normal Metabolizer,Normal Metabolizer,Normal Metabolizer,Normal Metabolizer,Normal Function,0,Low
NA19762,AMR,MXL,Normal Metabolizer,Normal Metabolizer,Intermediate Metabolizer,Normal Metabolizer,Normal Function,2,Low
NA19764,AMR,MXL,Normal Metabolizer,Intermediate Metabolizer,Normal Metabolizer,Normal Metabolizer,Normal Function,1,Low
NA19770,AMR,MXL,Normal Metabolizer,Normal Metabolizer,Intermediate Metabolizer,Normal Metabolizer,Normal Function,2,Low
NA19771,AMR,MXL,Normal Metabolizer,Normal Metabolizer,Normal Metabolizer,Normal Metabolizer,Normal Function,0,Low
NA19773,AMR,MXL,Normal Metabolizer,Intermediate Metabolizer,Normal Metabolizer,Normal Metabolizer,Normal Function,1,Low
NA19774,AMR,MXL,Normal Metabolizer,Intermediate Metabolizer,Normal Metabolizer,Normal Metabolizer,Normal Function,1,Low
NA19776,AMR,MXL,Normal Metabolizer,Normal Metabolizer,Intermediate Metabolizer,Normal Metabolizer,Normal Function,2,Low
NA19777,AMR,MXL,Normal Metabolizer,Intermediate Metabolizer,Normal Metabolizer,Normal Metabolizer,Normal Function,1,Low
NA19779,AMR,MXL,Normal Metabolizer,Normal Metabolizer,Normal Metabolizer,Normal Metabolizer,Normal Function,0,Low
NA19780,AMR,MXL,Normal Metabolizer,Intermediate Metabolizer,Intermediate Metabolizer,Normal Metabolizer,Normal Function,3,Moderate
NA19782,AMR,MXL,Normal Metabolizer,Normal Metabolizer,Normal Metabolizer,Normal Metabolizer,Decreased Function,2,Low
NA19783,AMR,MXL,Normal Metabolizer,Normal Metabolizer,Normal Metabolizer,Normal Metabolizer,Normal Function,0,Low
NA19785,AMR,MXL,Normal Metabolizer,Normal Metabolizer,Normal Metabolizer,Normal Metabolizer,Normal Function,0,Low
NA19786,AMR,MXL,Normal Metabolizer,Normal Metabolizer,Normal Metabolizer,Normal Metabolizer,Normal Function,0,Low
NA19788,AMR,MXL,Normal Metabolizer,Normal Metabolizer,Normal Metabolizer,Normal Metabolizer,Normal Function,0,Low
NA19789,AMR,MXL,Normal Metabolizer,Intermediate Metabolizer,Normal Metabolizer,Normal Metabolizer,Normal Function,1,Low
NA19792,AMR,MXL,Normal Metabolizer,Normal Metabolizer,Normal Metabolizer,Normal Metabolizer,Normal Function,0,Low
NA19794,AMR,MXL,Normal Metabolizer,Normal Metabolizer,Normal Metabolizer,Normal Metabolizer,Normal Function,0,Low
NA19795,AMR,MXL,Normal Metabolizer,Intermediate Metabolizer,Intermediate Metabolizer,Normal Metabolizer,Normal Function,3,Moderate
NA19818,AFR,ASW,Normal Metabolizer,Intermediate Metabolizer,Normal Metabolizer,Normal Metabolizer,Decreased Function,3,Moderate
NA19819,AFR,ASW,Normal Metabolizer,Normal Metabolizer,Intermediate Metabolizer,Normal Metabolizer,Normal Function,2,Low
NA19834,AFR,ASW,Normal Metabolizer,Normal Metabolizer,Poor Metabolizer,Normal Metabolizer,Normal Function,3,Moderate
NA19835,AFR,ASW,Normal Metabolizer,Normal Metabolizer,Intermediate Metabolizer,Normal Metabolizer,Decreased Function,4,Moderate
NA19900,AFR,ASW,Normal Metabolizer,Normal Metabolizer,Intermediate Metabolizer,Normal Metabolizer,Normal Function,2,Low
NA19901,AFR,ASW,Intermediate Metabolizer,Normal Metabolizer,Intermediate Metabolizer,Normal Metabolizer,Normal Function,3,Moderate
NA19904,AFR,ASW,Normal Metabolizer,Normal Metabolizer,Intermediate Metabolizer,Normal Metabolizer,Normal Function,2,Low
NA19908,AFR,ASW,Normal Metabolizer,Normal Metabolizer,Intermediate Metabolizer,Normal Metabolizer,Normal Function,2,Low
NA19909,AFR,ASW,Normal Metabolizer,Normal Metabolizer,Intermediate Metabolizer,Normal Metabolizer,Normal Function,2,Low
NA19913,AFR,ASW,Normal Metabolizer,Normal Metabolizer,Intermediate Metabolizer,Normal Metabolizer,Normal Function,2,Low
NA19914,AFR,ASW,Intermediate Metabolizer,Normal Metabolizer,Normal Metabolizer,Normal Metabolizer,Normal Function,1,Low
NA19916,AFR,ASW,Normal Metabolizer,Normal Metabolizer,Intermediate Metabolizer,Normal Metabolizer,Normal Function,2,Low
NA19917,AFR,ASW,Normal Metabolizer,Normal Metabolizer,Normal Metabolizer,Normal Metabolizer,Normal Function,0,Low
NA19920,AFR,ASW,Normal Metabolizer,Normal Metabolizer,Normal Metabolizer,Normal Metabolizer,Normal Function,0,Low
NA19921,AFR,ASW,Normal Metabolizer,Normal Metabolizer,Intermediate Metabolizer,Intermediate Metabolizer,Normal Function,3,Moderate
NA19922,AFR,ASW,Normal Metabolizer,Normal Metabolizer,Normal Metabolizer,Normal Metabolizer,Normal Function,0,Low
NA19923,AFR,ASW,Normal Metabolizer,Normal Metabolizer,Normal Metabolizer,Normal Metabolizer,Decreased Function,2,Low
NA19982,AFR,ASW,Normal Metabolizer,Normal Metabolizer,Normal Metabolizer,Intermediate Metabolizer,Normal Function,1,Low
NA19984,AFR,ASW,Normal Metabolizer,Normal Metabolizer,Normal Metabolizer,Normal Metabolizer,Normal Function,0,Low
NA20126,AFR,ASW,Normal Metabolizer,Normal Metabolizer,Normal Metabolizer,Normal Metabolizer,Normal Function,0,Low
NA20127,AFR,ASW,Normal Metabolizer,Normal Metabolizer,Intermediate Metabolizer,Normal Metabolizer,Normal Function,2,Low
NA20274,AFR,ASW,Normal Metabolizer,Normal Metabolizer,Intermediate Metabolizer,Normal Metabolizer,Normal Function,2,Low
NA20276,AFR,ASW,Intermediate Metabolizer,Normal Metabolizer,Intermediate Metabolizer,Normal Metabolizer,Normal Function,3,Moderate
NA20278,AFR,ASW,Normal Metabolizer,Intermediate Metabolizer,Intermediate Metabolizer,Normal Metabolizer,Normal Function,3,Moderate
NA20281,AFR,ASW,Normal Metabolizer,Normal Metabolizer,Normal Metabolizer,Normal Metabolizer,Normal Function,0,Low
NA20282,AFR,ASW,Normal Metabolizer,Normal Metabolizer,Intermediate Metabolizer,Normal Metabolizer,Normal Function,2,Low
NA20287,AFR,ASW,Intermediate Metabolizer,Normal Metabolizer,Intermediate Metabolizer,Intermediate Metabolizer,Normal Function,4,Moderate
NA20289,AFR,ASW,Intermediate Metabolizer,Intermediate Metabolizer,Normal Metabolizer,Normal Metabolizer,Decreased Function,4,Moderate
NA20291,AFR,ASW,Normal Metabolizer,Normal Metabolizer,Normal Metabolizer,Normal Metabolizer,Normal Function,0,Low
NA20294,AFR,ASW,Intermediate Metabolizer,Normal Metabolizer,Normal Metabolizer,Normal Metabolizer,Poor Function,4,Moderate
NA20296,AFR,ASW,Normal Metabolizer,Normal Metabolizer,Intermediate Metabolizer,Normal Metabolizer,Normal Function,2,Low
NA20298,AFR,ASW,Normal Metabolizer,Normal Metabolizer,Intermediate Metabolizer,Normal Metabolizer,Normal Function,2,Low
NA20299,AFR,ASW,Normal Metabolizer,Normal Metabolizer,Intermediate Metabolizer,Normal Metabolizer,Normal Function,2,Low
NA20314,AFR,ASW,Normal Metabolizer,Normal Metabolizer,Intermediate Metabolizer,Normal Metabolizer,Normal Function,2,Low
NA20317,AFR,ASW,Normal Metabolizer,Intermediate Metabolizer,Normal Metabolizer,Normal Metabolizer,Normal Function,1,Low
NA20318,AFR,ASW,Normal Metabolizer,Normal Metabolizer,Intermediate Metabolizer,Normal Metabolizer,Decreased Function,4,Moderate
NA20320,AFR,ASW,Intermediate Metabolizer,Normal Metabolizer,Normal Metabolizer,Normal Metabolizer,Normal Function,1,Low
NA20321,AFR,ASW,Intermediate Metabolizer,Normal Metabolizer,Normal Metabolizer,Normal Metabolizer,Normal Function,1,Low
NA20332,AFR,ASW,Normal Metabolizer,Normal Metabolizer,Intermediate Metabolizer,Normal Metabolizer,Normal Function,2,Low
NA20334,AFR,ASW,Normal Metabolizer,Normal Metabolizer,Intermediate Metabolizer,Normal Metabolizer,Decreased Function,4,Moderate
NA20339,AFR,ASW,Normal Metabolizer,Normal Metabolizer,Intermediate Metabolizer,Normal Metabolizer,Normal Function,2,Low
NA20340,AFR,ASW,Normal Metabolizer,Normal Metabolizer,Normal Metabolizer,Normal Metabolizer,Normal Function,0,Low
NA20342,AFR,ASW,Normal Metabolizer,Normal Metabolizer,Intermediate Metabolizer,Normal Metabolizer,Normal Function,2,Low
NA20346,AFR,ASW,Normal Metabolizer,Normal Metabolizer,Intermediate Metabolizer,Normal Metabolizer,Normal Function,2,Low
NA20348,AFR,ASW,Normal Metabolizer,Normal Metabolizer,Normal Metabolizer,Normal Metabolizer,Normal Function,0,Low
NA20351,AFR,ASW,Normal Metabolizer,Normal Metabolizer,Intermediate Metabolizer,Normal Metabolizer,Normal Function,2,Low
NA20355,AFR,ASW,Normal Metabolizer,Normal Metabolizer,Intermediate Metabolizer,Normal Metabolizer,Normal Function,2,Low
NA20356,AFR,ASW,Normal Metabolizer,Normal Metabolizer,Normal Metabolizer,Normal Metabolizer,Normal Function,0,Low
NA20357,AFR,ASW,Normal Metabolizer,Normal Metabolizer,Normal Metabolizer,Normal Metabolizer,Normal Function,0,Low
NA20359,AFR,ASW,Normal Metabolizer,Intermediate Metabolizer,Intermediate Metabolizer,Normal Metabolizer,Normal Function,3,Moderate
NA20362,AFR,ASW,Normal Metabolizer,Normal Metabolizer,Intermediate Metabolizer,Normal Metabolizer,Normal Function,2,Low
NA20412,AFR,ASW,Normal Metabolizer,Normal Metabolizer,Intermediate Metabolizer,Normal Metabolizer,Normal Function,2,Low
NA20502,EUR,TSI,Normal Metabolizer,Normal Metabolizer,Normal Metabolizer,Normal Metabolizer,Normal Function,0,Low
NA20503,EUR,TSI,Normal Metabolizer,Normal Metabolizer,Normal Metabolizer,Normal Metabolizer,Normal Function,0,Low
NA20504,EUR,TSI,Normal Metabolizer,Normal Metabolizer,Intermediate Metabolizer,Normal Metabolizer,Decreased Function,4,Moderate
NA20505,EUR,TSI,Normal Metabolizer,Normal Metabolizer,Normal Metabolizer,Normal Metabolizer,Normal Function,0,Low
NA20506,EUR,TSI,Normal Metabolizer,Normal Metabolizer,Intermediate Metabolizer,Normal Metabolizer,Normal Function,2,Low
NA20507,EUR,TSI,Normal Metabolizer,Normal Metabolizer,Normal Metabolizer,Normal Metabolizer,Normal Function,0,Low
NA20508,EUR,TSI,Normal Metabolizer,Normal Metabolizer,Normal Metabolizer,Normal Metabolizer,Normal Function,0,Low
NA20509,EUR,TSI,Normal Metabolizer,Normal Metabolizer,Intermediate Metabolizer,Normal Metabolizer,Decreased Function,4,Moderate
NA20510,EUR,TSI,Normal Metabolizer,Intermediate Metabolizer,Normal Metabolizer,Normal Metabolizer,Decreased Function,3,Moderate
NA20511,EUR,TSI,Normal Metabolizer,Normal Metabolizer,Normal Metabolizer,Normal Metabolizer,Normal Function,0,Low
NA20512,EUR,TSI,Normal Metabolizer,Normal Metabolizer,Intermediate Metabolizer,Normal Metabolizer,Normal Function,2,Low
NA20513,EUR,TSI,Normal Metabolizer,Poor Metabolizer,Normal Metabolizer,Normal Metabolizer,Decreased Function,4,Moderate
NA20514,EUR,TSI,Normal Metabolizer,Normal Metabolizer,Normal Metabolizer,Normal Metabolizer,Decreased Function,2,Low
NA20515,EUR,TSI,Normal Metabolizer,Intermediate Metabolizer,Poor Metabolizer,Normal Metabolizer,Normal Function,4,Moderate
NA20516,EUR,TSI,Normal Metabolizer,Intermediate Metabolizer,Normal Metabolizer,Normal Metabolizer,Normal Function,1,Low
NA20517,EUR,TSI,Normal Metabolizer,Normal Metabolizer,Intermediate Metabolizer,Normal Metabolizer,Normal Function,2,Low
NA20518,EUR,TSI,Normal Metabolizer,Normal Metabolizer,Normal Metabolizer,Normal Metabolizer,Normal Function,0,Low
NA20519,EUR,TSI,Normal Metabolizer,Normal Metabolizer,Normal Metabolizer,Normal Metabolizer,Normal Function,0,Low
NA20520,EUR,TSI,Normal Metabolizer,Normal Metabolizer,Normal Metabolizer,Normal Metabolizer,Decreased Function,2,Low
NA20521,EUR,TSI,Normal Metabolizer,Normal Metabolizer,Normal Metabolizer,Normal Metabolizer,Decreased Function,2,Low
NA20522,EUR,TSI,Normal Metabolizer,Intermediate Metabolizer,Intermediate Metabolizer,Normal Metabolizer,Normal Function,3,Moderate
NA20524,EUR,TSI,Normal Metabolizer,Normal Metabolizer,Intermediate Metabolizer,Intermediate Metabolizer,Normal Function,3,Moderate
NA20525,EUR,TSI,Normal Metabolizer,Normal Metabolizer,Normal Metabolizer,Normal Metabolizer,Normal Function,0,Low
NA20527,EUR,TSI,Normal Metabolizer,Normal Metabolizer,Intermediate Metabolizer,Normal Metabolizer,Decreased Function,4,Moderate
NA20528,EUR,TSI,Normal Metabolizer,Normal Metabolizer,Normal Metabolizer,Normal Metabolizer,Decreased Function,2,Low
NA20529,EUR,TSI,Normal Metabolizer,Normal Metabolizer,Normal Metabolizer,Normal Metabolizer,Normal Function,0,Low
NA20530,EUR,TSI,Normal Metabolizer,Normal Metabolizer,Normal Metabolizer,Normal Metabolizer,Normal Function,0,Low
NA20531,EUR,TSI,Normal Metabolizer,Intermediate Metabolizer,Intermediate Metabolizer,Normal Metabolizer,Decreased Function,5,Moderate
NA20532,EUR,TSI,Normal Metabolizer,Normal Metabolizer,Intermediate Metabolizer,Normal Metabolizer,Normal Function,2,Low
NA20533,EUR,TSI,Normal Metabolizer,Normal Metabolizer,Normal Metabolizer,Normal Metabolizer,Decreased Function,2,Low
NA20534,EUR,TSI,Normal Metabolizer,Normal Metabolizer,Normal Metabolizer,Normal Metabolizer,Normal Function,0,Low
NA20535,EUR,TSI,Normal Metabolizer,Intermediate Metabolizer,Intermediate Metabolizer,Intermediate Metabolizer,Normal Function,4,Moderate
NA20536,EUR,TSI,Normal Metabolizer,Intermediate Metabolizer,Normal Metabolizer,Normal Metabolizer,Normal Function,1,Low
NA20538,EUR,TSI,Normal Metabolizer,Intermediate Metabolizer,Intermediate Metabolizer,Normal Metabolizer,Decreased Function,5,Moderate
NA20539,EUR,TSI,Normal Metabolizer,Normal Metabolizer,Normal Metabolizer,Normal Metabolizer,Normal Function,0,Low
NA20540,EUR,TSI,Normal Metabolizer,Intermediate Metabolizer,Normal Metabolizer,Normal Metabolizer,Decreased Function,3,Moderate
NA20541,EUR,TSI,Normal Metabolizer,Intermediate Metabolizer,Normal Metabolizer,Normal Metabolizer,Decreased Function,3,Moderate
NA20542,EUR,TSI,Normal Metabolizer,Normal Metabolizer,Normal Metabolizer,Normal Metabolizer,Decreased Function,2,Low
NA20543,EUR,TSI,Normal Metabolizer,Normal Metabolizer,Normal Metabolizer,Normal Metabolizer,Normal Function,0,Low
NA20544,EUR,TSI,Normal Metabolizer,Normal Metabolizer,Intermediate Metabolizer,Normal Metabolizer,Decreased Function,4,Moderate
NA20581,EUR,TSI,Normal Metabolizer,Poor Metabolizer,Normal Metabolizer,Intermediate Metabolizer,Normal Function,3,Moderate
NA20582,EUR,TSI,Normal Metabolizer,Intermediate Metabolizer,Normal Metabolizer,Normal Metabolizer,Normal Function,1,Low
NA20585,EUR,TSI,Normal Metabolizer,Normal Metabolizer,Normal Metabolizer,Normal Metabolizer,Normal Function,0,Low
NA20586,EUR,TSI,Normal Metabolizer,Normal Metabolizer,Normal Metabolizer,Normal Metabolizer,Normal Function,0,Low
NA20587,EUR,TSI,Normal Metabolizer,Normal Metabolizer,Intermediate Metabolizer,Normal Metabolizer,Normal Function,2,Low
NA20588,EUR,TSI,Normal Metabolizer,Normal Metabolizer,Normal Metabolizer,Normal Metabolizer,Decreased Function,2,Low
NA20589,EUR,TSI,Normal Metabolizer,Normal Metabolizer,Normal Metabolizer,Normal Metabolizer,Normal Function,0,Low
NA20752,EUR,TSI,Normal Metabolizer,Normal Metabolizer,Normal Metabolizer,Normal Metabolizer,Normal Function,0,Low
NA20753,EUR,TSI,Normal Metabolizer,Normal Metabolizer,Normal Metabolizer,Normal Metabolizer,Decreased Function,2,Low
NA20754,EUR,TSI,Normal Metabolizer,Normal Metabolizer,Normal Metabolizer,Normal Metabolizer,Normal Function,0,Low
NA20755,EUR,TSI,Normal Metabolizer,Intermediate Metabolizer,Normal Metabolizer,Normal Metabolizer,Normal Function,1,Low
NA20756,EUR,TSI,Normal Metabolizer,Intermediate Metabolizer,Normal Metabolizer,Normal Metabolizer,Normal Function,1,Low
NA20757,EUR,TSI,Normal Metabolizer,Intermediate Metabolizer,Intermediate Metabolizer,Normal Metabolizer,Normal Function,3,Moderate
NA20758,EUR,TSI,Normal Metabolizer,Normal Metabolizer,Normal Metabolizer,Intermediate Metabolizer,Decreased Function,3,Moderate
NA20759,EUR,TSI,Normal Metabolizer,Normal Metabolizer,Normal Metabolizer,Normal Metabolizer,Normal Function,0,Low
NA20760,EUR,TSI,Normal Metabolizer,Normal Metabolizer,Intermediate Metabolizer,Normal Metabolizer,Normal Function,2,Low
NA20761,EUR,TSI,Normal Metabolizer,Normal Metabolizer,Normal Metabolizer,Normal Metabolizer,Normal Function,0,Low
NA20762,EUR,TSI,Normal Metabolizer,Normal Metabolizer,Normal Metabolizer,Normal Metabolizer,Normal Function,0,Low
NA20763,EUR,TSI,Normal Metabolizer,Normal Metabolizer,Intermediate Metabolizer,Normal Metabolizer,Decreased Function,4,Moderate
NA20764,EUR,TSI,Normal Metabolizer,Intermediate Metabolizer,Normal Metabolizer,Normal Metabolizer,Normal Function,1,Low
NA20765,EUR,TSI,Normal Metabolizer,Normal Metabolizer,Intermediate Metabolizer,Normal Metabolizer,Normal Function,2,Low
NA20766,EUR,TSI,Normal Metabolizer,Normal Metabolizer,Intermediate Metabolizer,Normal Metabolizer,Normal Function,2,Low
NA20767,EUR,TSI,Normal Metabolizer,Normal Metabolizer,Normal Metabolizer,Normal Metabolizer,Decreased Function,2,Low
NA20768,EUR,TSI,Normal Metabolizer,Normal Metabolizer,Intermediate Metabolizer,Normal Metabolizer,Normal Function,2,Low
NA20769,EUR,TSI,Normal Metabolizer,Intermediate Metabolizer,Intermediate Metabolizer,Normal Metabolizer,Decreased Function,5,Moderate
NA20770,EUR,TSI,Normal Metabolizer,Intermediate Metabolizer,Normal Metabolizer,Normal Metabolizer,Decreased Function,3,Moderate
NA20771,EUR,TSI,Normal Metabolizer,Normal Metabolizer,Normal Metabolizer,Normal Metabolizer,Normal Function,0,Low
NA20772,EUR,TSI,Normal Metabolizer,Normal Metabolizer,Intermediate Metabolizer,Normal Metabolizer,Decreased Function,4,Moderate
NA20773,EUR,TSI,Normal Metabolizer,Normal Metabolizer,Normal Metabolizer,Normal Metabolizer,Normal Function,0,Low
NA20774,EUR,TSI,Normal Metabolizer,Normal Metabolizer,Normal Metabolizer,Normal Metabolizer,Normal Function,0,Low
NA20775,EUR,TSI,Normal Metabolizer,Normal Metabolizer,Intermediate Metabolizer,Normal Metabolizer,Normal Function,2,Low
NA20778,EUR,TSI,Normal Metabolizer,Normal Metabolizer,Normal Metabolizer,Normal Metabolizer,Normal Function,0,Low
NA20783,EUR,TSI,Normal Metabolizer,Normal Metabolizer,Intermediate Metabolizer,Normal Metabolizer,Normal Function,2,Low
NA20785,EUR,TSI,Normal Metabolizer,Normal Metabolizer,Normal Metabolizer,Normal Metabolizer,Decreased Function,2,Low
NA20786,EUR,TSI,Normal Metabolizer,Intermediate Metabolizer,Normal Metabolizer,Normal Metabolizer,Normal Function,1,Low
NA20787,EUR,TSI,Normal Metabolizer,Normal Metabolizer,Normal Metabolizer,Normal Metabolizer,Normal Function,0,Low
NA20790,EUR,TSI,Normal Metabolizer,Normal Metabolizer,Intermediate Metabolizer,Normal Metabolizer,Poor Function,5,Moderate
NA20792,EUR,TSI,Normal Metabolizer,Intermediate Metabolizer,Intermediate Metabolizer,Normal Metabolizer,Normal Function,3,Moderate
NA20795,EUR,TSI,Normal Metabolizer,Intermediate Metabolizer,Intermediate Metabolizer,Normal Metabolizer,Normal Function,3,Moderate
NA20796,EUR,TSI,Normal Metabolizer,Intermediate Metabolizer,Normal Metabolizer,Normal Metabolizer,Normal Function,1,Low
NA20797,EUR,TSI,Normal Metabolizer,Normal Metabolizer,Intermediate Metabolizer,Normal Metabolizer,Decreased Function,4,Moderate
NA20798,EUR,TSI,Normal Metabolizer,Intermediate Metabolizer,Normal Metabolizer,Normal Metabolizer,Normal Function,1,Low
NA20799,EUR,TSI,Normal Metabolizer,Normal Metabolizer,Normal Metabolizer,Normal Metabolizer,Decreased Function,2,Low
NA20800,EUR,TSI,Normal Metabolizer,Normal Metabolizer,Intermediate Metabolizer,Normal Metabolizer,Decreased Function,4,Moderate
NA20801,EUR,TSI,Normal Metabolizer,Normal Metabolizer,Intermediate Metabolizer,Normal Metabolizer,Poor Function,5,Moderate
NA20802,EUR,TSI,Normal Metabolizer,Normal Metabolizer,Normal Metabolizer,Normal Metabolizer,Decreased Function,2,Low
NA20803,EUR,TSI,Normal Metabolizer,Normal Metabolizer,Normal Metabolizer,Normal Metabolizer,Decreased Function,2,Low
NA20804,EUR,TSI,Normal Metabolizer,Normal Metabolizer,Intermediate Metabolizer,Normal Metabolizer,Normal Function,2,Low
NA20805,EUR,TSI,Normal Metabolizer,Normal Metabolizer,Normal Metabolizer,Normal Metabolizer,Decreased Function,2,Low
NA20806,EUR,TSI,Normal Metabolizer,Normal Metabolizer,Normal Metabolizer,Normal Metabolizer,Decreased Function,2,Low
NA20807,EUR,TSI,Normal Metabolizer,Normal Metabolizer,Normal Metabolizer,Normal Metabolizer,Poor Function,3,Moderate
NA20808,EUR,TSI,Normal Metabolizer,Intermediate Metabolizer,Normal Metabolizer,Intermediate Metabolizer,Normal Function,2,Low
NA20809,EUR,TSI,Normal Metabolizer,Poor Metabolizer,Normal Metabolizer,Normal Metabolizer,Normal Function,2,Low
NA20810,EUR,TSI,Normal Metabolizer,Intermediate Metabolizer,Normal Metabolizer,Normal Metabolizer,Decreased Function,3,Moderate
NA20811,EUR,TSI,Normal Metabolizer,Intermediate Metabolizer,Normal Metabolizer,Normal Metabolizer,Normal Function,1,Low
NA20812,EUR,TSI,Normal Metabolizer,Normal Metabolizer,Intermediate Metabolizer,Normal Metabolizer,Normal Function,2,Low
NA20813,EUR,TSI,Normal Metabolizer,Normal Metabolizer,Normal Metabolizer,Normal Metabolizer,Decreased Function,2,Low
NA20814,EUR,TSI,Normal Metabolizer,Intermediate Metabolizer,Normal Metabolizer,Normal Metabolizer,Decreased Function,3,Moderate
NA20815,EUR,TSI,Normal Metabolizer,Normal Metabolizer,Normal Metabolizer,Normal Metabolizer,Decreased Function,2,Low
NA20818,EUR,TSI,Normal Metabolizer,Normal Metabolizer,Normal Metabolizer,Normal Metabolizer,Decreased Function,2,Low
NA20819,EUR,TSI,Normal Metabolizer,Normal Metabolizer,Intermediate Metabolizer,Normal Metabolizer,Normal Function,2,Low
NA20821,EUR,TSI,Normal Metabolizer,Normal Metabolizer,Normal Metabolizer,Normal Metabolizer,Normal Function,0,Low
NA20822,EUR,TSI,Normal Metabolizer,Normal Metabolizer,Intermediate Metabolizer,Normal Metabolizer,Normal Function,2,Low
NA20826,EUR,TSI,Normal Metabolizer,Normal Metabolizer,Normal Metabolizer,Normal Metabolizer,Normal Function,0,Low
NA20827,EUR,TSI,Normal Metabolizer,Intermediate Metabolizer,Normal Metabolizer,Normal Metabolizer,Normal Function,1,Low
NA20828,EUR,TSI,Normal Metabolizer,Normal Metabolizer,Normal Metabolizer,Normal Metabolizer,Decreased Function,2,Low
NA20832,EUR,TSI,Normal Metabolizer,Normal Metabolizer,Normal Metabolizer,Normal Metabolizer,Poor Function,3,Moderate
NA20845,SAS,GIH,Normal Metabolizer,Intermediate Metabolizer,Intermediate Metabolizer,Normal Metabolizer,Normal Function,3,Moderate
NA20846,SAS,GIH,Normal Metabolizer,Normal Metabolizer,Intermediate Metabolizer,Normal Metabolizer,Normal Function,2,Low
NA20847,SAS,GIH,Normal Metabolizer,Normal Metabolizer,Intermediate Metabolizer,Normal Metabolizer,Normal Function,2,Low
NA20849,SAS,GIH,Normal Metabolizer,Normal Metabolizer,Intermediate Metabolizer,Normal Metabolizer,Normal Function,2,Low
NA20850,SAS,GIH,Normal Metabolizer,Normal Metabolizer,Intermediate Metabolizer,Normal Metabolizer,Normal Function,2,Low
NA20851,SAS,GIH,Normal Metabolizer,Normal Metabolizer,Intermediate Metabolizer,Normal Metabolizer,Normal Function,2,Low
NA20852,SAS,GIH,Normal Metabolizer,Normal Metabolizer,Intermediate Metabolizer,Normal Metabolizer,Normal Function,2,Low
NA20853,SAS,GIH,Normal Metabolizer,Normal Metabolizer,Intermediate Metabolizer,Normal Metabolizer,Normal Function,2,Low
NA20854,SAS,GIH,Normal Metabolizer,Normal Metabolizer,Intermediate Metabolizer,Normal Metabolizer,Normal Function,2,Low
NA20856,SAS,GIH,Normal Metabolizer,Normal Metabolizer,Intermediate Metabolizer,Normal Metabolizer,Normal Function,2,Low
NA20858,SAS,GIH,Normal Metabolizer,Normal Metabolizer,Normal Metabolizer,Normal Metabolizer,Normal Function,0,Low
NA20859,SAS,GIH,Normal Metabolizer,Normal Metabolizer,Normal Metabolizer,Normal Metabolizer,Normal Function,0,Low
NA20861,SAS,GIH,Normal Metabolizer,Normal Metabolizer,Normal Metabolizer,Normal Metabolizer,Normal Function,0,Low
NA20862,SAS,GIH,Normal Metabolizer,Normal Metabolizer,Intermediate Metabolizer,Normal Metabolizer,Normal Function,2,Low
NA20863,SAS,GIH,Normal Metabolizer,Normal Metabolizer,Normal Metabolizer,Intermediate Metabolizer,Normal Function,1,Low
NA20864,SAS,GIH,Normal Metabolizer,Intermediate Metabolizer,Normal Metabolizer,Normal Metabolizer,Normal Function,1,Low
NA20866,SAS,GIH,Normal Metabolizer,Normal Metabolizer,Normal Metabolizer,Normal Metabolizer,Normal Function,0,Low
NA20867,SAS,GIH,Normal Metabolizer,Normal Metabolizer,Normal Metabolizer,Normal Metabolizer,Normal Function,0,Low
NA20868,SAS,GIH,Normal Metabolizer,Normal Metabolizer,Intermediate Metabolizer,Normal Metabolizer,Normal Function,2,Low
NA20869,SAS,GIH,Normal Metabolizer,Normal Metabolizer,Intermediate Metabolizer,Normal Metabolizer,Normal Function,2,Low
NA20870,SAS,GIH,Normal Metabolizer,Normal Metabolizer,Normal Metabolizer,Normal Metabolizer,Decreased Function,2,Low
NA20872,SAS,GIH,Normal Metabolizer,Intermediate Metabolizer,Normal Metabolizer,Normal Metabolizer,Normal Function,1,Low
NA20874,SAS,GIH,Normal Metabolizer,Normal Metabolizer,Normal Metabolizer,Normal Metabolizer,Normal Function,0,Low
NA20875,SAS,GIH,Normal Metabolizer,Normal Metabolizer,Intermediate Metabolizer,Normal Metabolizer,Normal Function,2,Low
NA20876,SAS,GIH,Normal Metabolizer,Normal Metabolizer,Intermediate Metabolizer,Normal Metabolizer,Normal Function,2,Low
NA20877,SAS,GIH,Normal Metabolizer,Intermediate Metabolizer,Normal Metabolizer,Normal Metabolizer,Normal Function,1,Low
NA20878,SAS,GIH,Normal Metabolizer,Normal Metabolizer,Intermediate Metabolizer,Normal Metabolizer,Normal Function,2,Low
NA20881,SAS,GIH,Normal Metabolizer,Normal Metabolizer,Intermediate Metabolizer,Normal Metabolizer,Normal Function,2,Low
NA20882,SAS,GIH,Normal Metabolizer,Normal Metabolizer,Intermediate Metabolizer,Normal Metabolizer,Decreased Function,4,Moderate
NA20884,SAS,GIH,Normal Metabolizer,Normal Metabolizer,Intermediate Metabolizer,Normal Metabolizer,Normal Function,2,Low
NA20885,SAS,GIH,Normal Metabolizer,Normal Metabolizer,Intermediate Metabolizer,Normal Metabolizer,Normal Function,2,Low
NA20886,SAS,GIH,Normal Metabolizer,Normal Metabolizer,Normal Metabolizer,Normal Metabolizer,Normal Function,0,Low
NA20887,SAS,GIH,Normal Metabolizer,Normal Metabolizer,Intermediate Metabolizer,Normal Metabolizer,Normal Function,2,Low
NA20888,SAS,GIH,Normal Metabolizer,Intermediate Metabolizer,Intermediate Metabolizer,Normal Metabolizer,Normal Function,3,Moderate
NA20889,SAS,GIH,Normal Metabolizer,Normal Metabolizer,Normal Metabolizer,Normal Metabolizer,Normal Function,0,Low
NA20890,SAS,GIH,Normal Metabolizer,Normal Metabolizer,Normal Metabolizer,Normal Metabolizer,Normal Function,0,Low
NA20891,SAS,GIH,Normal Metabolizer,Normal Metabolizer,Intermediate Metabolizer,Normal Metabolizer,Normal Function,2,Low
NA20892,SAS,GIH,Normal Metabolizer,Normal Metabolizer,Intermediate Metabolizer,Normal Metabolizer,Normal Function,2,Low
NA20894,SAS,GIH,Normal Metabolizer,Normal Metabolizer,Intermediate Metabolizer,Normal Metabolizer,Normal Function,2,Low
NA20895,SAS,GIH,Normal Metabolizer,Normal Metabolizer,Normal Metabolizer,Normal Metabolizer,Normal Function,0,Low
NA20896,SAS,GIH,Normal Metabolizer,Intermediate Metabolizer,Intermediate Metabolizer,Normal Metabolizer,Normal Function,3,Moderate
NA20897,SAS,GIH,Normal Metabolizer,Normal Metabolizer,Normal Metabolizer,Normal Metabolizer,Normal Function,0,Low
NA20899,SAS,GIH,Normal Metabolizer,Poor Metabolizer,Normal Metabolizer,Normal Metabolizer,Decreased Function,4,Moderate
NA20900,SAS,GIH,Normal Metabolizer,Normal Metabolizer,Intermediate Metabolizer,Intermediate Metabolizer,Normal Function,3,Moderate
NA20901,SAS,GIH,Normal Metabolizer,Normal Metabolizer,Intermediate Metabolizer,Normal Metabolizer,Normal Function,2,Low
NA20902,SAS,GIH,Normal Metabolizer,Normal Metabolizer,Intermediate Metabolizer,Normal Metabolizer,Normal Function,2,Low
NA20903,SAS,GIH,Normal Metabolizer,Normal Metabolizer,Normal Metabolizer,Normal Metabolizer,Normal Function,0,Low
NA20904,SAS,GIH,Normal Metabolizer,Normal Metabolizer,Normal Metabolizer,Normal Metabolizer,Normal Function,0,Low
NA20905,SAS,GIH,Normal Metabolizer,Normal Metabolizer,Normal Metabolizer,Normal Metabolizer,Normal Function,0,Low
NA20906,SAS,GIH,Normal Metabolizer,Normal Metabolizer,Intermediate Metabolizer,Normal Metabolizer,Normal Function,2,Low
NA20908,SAS,GIH,Normal Metabolizer,Normal Metabolizer,Intermediate Metabolizer,Normal Metabolizer,Normal Function,2,Low
NA20910,SAS,GIH,Normal Metabolizer,Normal Metabolizer,Intermediate Metabolizer,Normal Metabolizer,Normal Function,2,Low
NA20911,SAS,GIH,Normal Metabolizer,Normal Metabolizer,Normal Metabolizer,Normal Metabolizer,Normal Function,0,Low
NA21086,SAS,GIH,Normal Metabolizer,Normal Metabolizer,Intermediate Metabolizer,Normal Metabolizer,Normal Function,2,Low
NA21087,SAS,GIH,Normal Metabolizer,Normal Metabolizer,Normal Metabolizer,Normal Metabolizer,Normal Function,0,Low
NA21088,SAS,GIH,Normal Metabolizer,Normal Metabolizer,Intermediate Metabolizer,Normal Metabolizer,Normal Function,2,Low
NA21089,SAS,GIH,Normal Metabolizer,Intermediate Metabolizer,Normal Metabolizer,Normal Metabolizer,Normal Function,1,Low
NA21090,SAS,GIH,Normal Metabolizer,Normal Metabolizer,Normal Metabolizer,Normal Metabolizer,Normal Function,0,Low
NA21091,SAS,GIH,Normal Metabolizer,Normal Metabolizer,Normal Metabolizer,Normal Metabolizer,Normal Function,0,Low
NA21092,SAS,GIH,Normal Metabolizer,Normal Metabolizer,Normal Metabolizer,Normal Metabolizer,Normal Function,0,Low
NA21093,SAS,GIH,Normal Metabolizer,Normal Metabolizer,Intermediate Metabolizer,Normal Metabolizer,Normal Function,2,Low
NA21094,SAS,GIH,Normal Metabolizer,Normal Metabolizer,Normal Metabolizer,Normal Metabolizer,Normal Function,0,Low
NA21095,SAS,GIH,Normal Metabolizer,Normal Metabolizer,Normal Metabolizer,Normal Metabolizer,Normal Function,0,Low
NA21097,SAS,GIH,Normal Metabolizer,Normal Metabolizer,Intermediate Metabolizer,Normal Metabolizer,Normal Function,2,Low
NA21098,SAS,GIH,Normal Metabolizer,Normal Metabolizer,Intermediate Metabolizer,Normal Metabolizer,Normal Function,2,Low
NA21099,SAS,GIH,Normal Metabolizer,Normal Metabolizer,Normal Metabolizer,Normal Metabolizer,Normal Function,0,Low
NA21100,SAS,GIH,Normal Metabolizer,Normal Metabolizer,Intermediate Metabolizer,Normal Metabolizer,Normal Function,2,Low
NA21101,SAS,GIH,Normal Metabolizer,Normal Metabolizer,Normal Metabolizer,Normal Metabolizer,Normal Function,0,Low
NA21102,SAS,GIH,Normal Metabolizer,Normal Metabolizer,Normal Metabolizer,Normal Metabolizer,Decreased Function,2,Low
NA21103,SAS,GIH,Normal Metabolizer,Normal Metabolizer,Normal Metabolizer,Normal Metabolizer,Normal Function,0,Low
NA21104,SAS,GIH,Normal Metabolizer,Normal Metabolizer,Normal Metabolizer,Normal Metabolizer,Normal Function,0,Low
NA21105,SAS,GIH,Normal Metabolizer,Normal Metabolizer,Normal Metabolizer,Normal Metabolizer,Normal Function,0,Low
NA21106,SAS,GIH,Normal Metabolizer,Normal Metabolizer,Intermediate Metabolizer,Normal Metabolizer,Normal Function,2,Low
NA21107,SAS,GIH,Normal Metabolizer,Normal Metabolizer,Intermediate Metabolizer,Normal Metabolizer,Normal Function,2,Low
NA21108,SAS,GIH,Normal Metabolizer,Normal Metabolizer,Normal Metabolizer,Normal Metabolizer,Normal Function,0,Low
NA21109,SAS,GIH,Normal Metabolizer,Normal Metabolizer,Intermediate Metabolizer,Normal Metabolizer,Normal Function,2,Low
NA21110,SAS,GIH,Normal Metabolizer,Normal Metabolizer,Normal Metabolizer,Normal Metabolizer,Normal Function,0,Low
NA21111,SAS,GIH,Normal Metabolizer,Normal Metabolizer,Normal Metabolizer,Normal Metabolizer,Normal Function,0,Low
NA21112,SAS,GIH,Normal Metabolizer,Normal Metabolizer,Intermediate Metabolizer,Normal Metabolizer,Normal Function,2,Low
NA21113,SAS,GIH,Normal Metabolizer,Normal Metabolizer,Intermediate Metabolizer,Normal Metabolizer,Normal Function,2,Low
NA21114,SAS,GIH,Normal Metabolizer,Normal Metabolizer,Intermediate Metabolizer,Normal Metabolizer,Normal Function,2,Low
NA21115,SAS,GIH,Normal Metabolizer,Normal Metabolizer,Intermediate Metabolizer,Normal Metabolizer,Normal Function,2,Low
NA21116,SAS,GIH,Normal Metabolizer,Normal Metabolizer,Normal Metabolizer,Normal Metabolizer,Normal Function,0,Low
NA21117,SAS,GIH,Normal Metabolizer,Normal Metabolizer,Intermediate Metabolizer,Normal Metabolizer,Normal Function,2,Low
NA21118,SAS,GIH,Normal Metabolizer,Normal Metabolizer,Normal Metabolizer,Normal Metabolizer,Normal Function,0,Low
NA21119,SAS,GIH,Normal Metabolizer,Normal Metabolizer,Normal Metabolizer,Normal Metabolizer,Normal Function,0,Low
NA21120,SAS,GIH,Normal Metabolizer,Normal Metabolizer,Intermediate Metabolizer,Normal Metabolizer,Normal Function,2,Low
NA21122,SAS,GIH,Normal Metabolizer,Normal Metabolizer,Normal Metabolizer,Normal Metabolizer,Normal Function,0,Low
NA21123,SAS,GIH,Normal Metabolizer,Normal Metabolizer,Intermediate Metabolizer,Normal Metabolizer,Normal Function,2,Low
NA21124,SAS,GIH,Normal Metabolizer,Normal Metabolizer,Normal Metabolizer,Normal Metabolizer,Normal Function,0,Low
NA21125,SAS,GIH,Normal Metabolizer,Normal Metabolizer,Intermediate Metabolizer,Normal Metabolizer,Normal Function,2,Low
NA21126,SAS,GIH,Normal Metabolizer,Normal Metabolizer,Normal Metabolizer,Normal Metabolizer,Normal Function,0,Low
NA21127,SAS,GIH,Normal Metabolizer,Normal Metabolizer,Normal Metabolizer,Normal Metabolizer,Normal Function,0,Low
NA21128,SAS,GIH,Normal Metabolizer,Normal Metabolizer,Intermediate Metabolizer,Normal Metabolizer,Normal Function,2,Low
NA21129,SAS,GIH,Normal Metabolizer,Normal Metabolizer,Intermediate Metabolizer,Normal Metabolizer,Normal Function,2,Low
NA21130,SAS,GIH,Normal Metabolizer,Normal Metabolizer,Intermediate Metabolizer,Normal Metabolizer,Normal Function,2,Low
NA21133,SAS,GIH,Normal Metabolizer,Normal Metabolizer,Intermediate Metabolizer,Normal Metabolizer,Normal Function,2,Low
NA21135,SAS,GIH,Normal Metabolizer,Normal Metabolizer,Intermediate Metabolizer,Normal Metabolizer,Normal Function,2,Low
NA21137,SAS,GIH,Normal Metabolizer,Normal Metabolizer,Normal Metabolizer,Normal Metabolizer,Normal Function,0,Low
NA21141,SAS,GIH,Normal Metabolizer,Normal Metabolizer,Normal Metabolizer,Normal Metabolizer,Normal Function,0,Low
NA21142,SAS,GIH,Normal Metabolizer,Intermediate Metabolizer,Intermediate Metabolizer,Normal Metabolizer,Normal Function,3,Moderate
NA21143,SAS,GIH,Normal Metabolizer,Normal Metabolizer,Normal Metabolizer,Normal Metabolizer,Normal Function,0,Low
NA21144,SAS,GIH,Normal Metabolizer,Normal Metabolizer,Intermediate Metabolizer,Normal Metabolizer,Normal Function,2,Low
