Patient_ID,CYP2C19_Text,CYP2D6_Text,DPYD_Text,SLCO1B1_Text,Target_Risk_Score
P_1,Normal,Intermediate,Normal,Normal,55.0
P_2,Normal,Normal,Normal,Poor,70.0
P_3,Intermediate,Normal,Intermediate,Normal,70.0
P_4,Poor,Intermediate,Intermediate,Normal,99.0
P_5,Normal,Normal,Normal,Normal,40.0
P_6,Normal,Intermediate,Poor,Poor,99.0
P_7,Normal,Intermediate,Intermediate,Normal,70.0
P_8,Intermediate,Normal,Normal,Intermediate,70.0
P_9,Normal,Intermediate,Intermediate,Poor,99.0
P_10,Intermediate,Poor,Normal,Intermediate,99.0
P_11,Intermediate,Normal,Intermediate,Normal,70.0
P_12,Normal,Normal,Normal,Intermediate,55.0
P_13,Normal,Normal,Poor,Normal,70.0
P_14,Normal,Intermediate,Normal,Normal,55.0
P_15,Normal,Poor,Intermediate,Normal,85.0
P_16,Intermediate,Normal,Poor,Intermediate,99.0
P_17,Normal,Normal,Normal,Normal,40.0
P_18,Normal,Poor,Intermediate,Intermediate,99.0
P_19,Normal,Normal,Normal,Intermediate,55.0
P_20,Normal,Normal,Poor,Intermediate,85.0
P_21,Normal,Normal,Intermediate,Normal,55.0
P_22,Intermediate,Intermediate,Normal,Normal,70.0
P_23,Poor,Intermediate,Normal,Poor,99.0
P_24,Intermediate,Poor,Normal,Intermediate,99.0
P_25,Intermediate,Intermediate,Poor,Intermediate,99.0
P_26,Normal,Normal,Poor,Poor,99.0
P_27,Normal,Normal,Intermediate,Normal,55.0
P_28,Normal,Intermediate,Normal,Poor,85.0
P_29,Intermediate,Normal,Normal,Intermediate,70.0
P_30,Intermediate,Normal,Normal,Normal,55.0
P_31,Normal,Poor,Poor,Intermediate,99.0
P_32,Intermediate,Normal,Intermediate,Intermediate,85.0
P_33,Normal,Intermediate,Normal,Intermediate,70.0
P_34,Normal,Normal,Intermediate,Normal,55.0
P_35,Intermediate,Intermediate,Intermediate,Poor,99.0
P_36,Normal,Normal,Normal,Poor,70.0
P_37,Intermediate,Poor,Intermediate,Intermediate,99.0
P_38,Intermediate,Intermediate,Normal,Normal,70.0
P_39,Normal,Intermediate,Normal,Normal,55.0
P_40,Normal,Normal,Normal,Intermediate,55.0
P_41,Intermediate,Normal,Intermediate,Normal,70.0
P_42,Normal,Normal,Poor,Intermediate,85.0
P_43,Normal,Normal,Intermediate,Normal,55.0
P_44,Poor,Normal,Normal,Normal,70.0
P_45,Intermediate,Normal,Normal,Intermediate,70.0
P_46,Normal,Normal,Poor,Poor,99.0
P_47,Intermediate,Normal,Poor,Normal,85.0
P_48,Normal,Intermediate,Intermediate,Poor,99.0
P_49,Normal,Normal,Normal,Normal,40.0
P_50,Poor,Normal,Normal,Intermediate,85.0
P_51,Normal,Normal,Normal,Normal,40.0
P_52,Intermediate,Normal,Normal,Intermediate,70.0
P_53,Normal,Intermediate,Normal,Intermediate,70.0
P_54,Intermediate,Intermediate,Normal,Poor,99.0
P_55,Normal,Normal,Normal,Poor,70.0
P_56,Normal,Intermediate,Normal,Intermediate,70.0
P_57,Poor,Normal,Intermediate,Intermediate,99.0
P_58,Normal,Poor,Intermediate,Normal,85.0
P_59,Normal,Normal,Normal,Normal,40.0
P_60,Intermediate,Normal,Poor,Normal,85.0
P_61,Normal,Intermediate,Normal,Normal,55.0
P_62,Intermediate,Intermediate,Normal,Normal,70.0
P_63,Normal,Poor,Normal,Normal,70.0
P_64,Normal,Normal,Normal,Normal,40.0
P_65,Intermediate,Normal,Normal,Normal,55.0
P_66,Normal,Intermediate,Normal,Normal,55.0
P_67,Normal,Normal,Intermediate,Normal,55.0
P_68,Normal,Normal,Normal,Normal,40.0
P_69,Normal,Normal,Normal,Intermediate,55.0
P_70,Intermediate,Poor,Intermediate,Normal,99.0
P_71,Normal,Normal,Normal,Intermediate,55.0
P_72,Normal,Intermediate,Normal,Normal,55.0
P_73,Intermediate,Normal,Intermediate,Normal,70.0
P_74,Normal,Intermediate,Normal,Intermediate,70.0
P_75,Normal,Normal,Normal,Normal,40.0
P_76,Intermediate,Normal,Intermediate,Intermediate,85.0
P_77,Intermediate,Poor,Normal,Normal,85.0
P_78,Intermediate,Normal,Intermediate,Normal,70.0
P_79,Intermediate,Normal,Intermediate,Normal,70.0
P_80,Normal,Intermediate,Poor,Poor,99.0
P_81,Normal,Normal,Normal,Normal,40.0
P_82,Normal,Normal,Poor,Normal,70.0
P_83,Normal,Intermediate,Intermediate,Normal,70.0
P_84,Normal,Intermediate,Intermediate,Poor,99.0
P_85,Normal,Normal,Intermediate,Normal,55.0
P_86,Normal,Intermediate,Intermediate,Intermediate,85.0
P_87,Normal,Intermediate,Intermediate,Intermediate,85.0
P_88,Normal,Normal,Normal,Intermediate,55.0
P_89,Normal,Normal,Normal,Normal,40.0
P_90,Normal,Intermediate,Normal,Normal,55.0
P_91,Normal,Intermediate,Normal,Normal,55.0
P_92,Intermediate,Normal,Normal,Normal,55.0
P_93,Normal,Normal,Poor,Intermediate,85.0
P_94,Normal,Normal,Intermediate,Poor,85.0
P_95,Intermediate,Normal,Intermediate,Intermediate,85.0
P_96,Normal,Poor,Normal,Intermediate,85.0
P_97,Normal,Normal,Normal,Intermediate,55.0
P_98,Normal,Normal,Normal,Normal,40.0
P_99,Normal,Intermediate,Normal,Intermediate,70.0
P_100,Normal,Normal,Intermediate,Normal,55.0
P_101,Normal,Normal,Normal,Intermediate,55.0
P_102,Normal,Normal,Normal,Normal,40.0
P_103,Intermediate,Normal,Intermediate,Intermediate,85.0
P_104,Normal,Normal,Normal,Normal,40.0
P_105,Intermediate,Poor,Normal,Normal,85.0
P_106,Intermediate,Normal,Intermediate,Intermediate,85.0
P_107,Intermediate,Poor,Normal,Normal,85.0
P_108,Intermediate,Normal,Intermediate,Intermediate,85.0
P_109,Intermediate,Intermediate,Normal,Normal,70.0
P_110,Normal,Intermediate,Poor,Normal,85.0
P_111,Intermediate,Normal,Normal,Normal,55.0
P_112,Normal,Intermediate,Intermediate,Intermediate,85.0
P_113,Poor,Normal,Intermediate,Intermediate,99.0
P_114,Intermediate,Normal,Intermediate,Intermediate,85.0
P_115,Normal,Poor,Normal,Normal,70.0
P_116,Intermediate,Intermediate,Normal,Normal,70.0
P_117,Intermediate,Normal,Intermediate,Intermediate,85.0
P_118,Normal,Intermediate,Poor,Normal,85.0
P_119,Normal,Normal,Intermediate,Normal,55.0
P_120,Normal,Intermediate,Normal,Normal,55.0
P_121,Poor,Normal,Normal,Normal,70.0
P_122,Intermediate,Normal,Normal,Normal,55.0
P_123,Normal,Normal,Normal,Normal,40.0
P_124,Normal,Normal,Normal,Poor,70.0
P_125,Intermediate,Intermediate,Normal,Normal,70.0
P_126,Intermediate,Intermediate,Poor,Normal,99.0
P_127,Normal,Normal,Normal,Normal,40.0
P_128,Normal,Normal,Intermediate,Normal,55.0
P_129,Poor,Intermediate,Normal,Normal,85.0
P_130,Normal,Poor,Intermediate,Normal,85.0
P_131,Normal,Normal,Normal,Normal,40.0
P_132,Normal,Normal,Intermediate,Normal,55.0
P_133,Normal,Normal,Normal,Poor,70.0
P_134,Normal,Intermediate,Intermediate,Normal,70.0
P_135,Intermediate,Normal,Normal,Intermediate,70.0
P_136,Intermediate,Normal,Intermediate,Normal,70.0
P_137,Poor,Normal,Normal,Normal,70.0
P_138,Intermediate,Normal,Poor,Normal,85.0
P_139,Normal,Normal,Normal,Normal,40.0
P_140,Intermediate,Normal,Intermediate,Normal,70.0
P_141,Normal,Normal,Poor,Normal,70.0
P_142,Normal,Intermediate,Normal,Intermediate,70.0
P_143,Normal,Poor,Normal,Normal,70.0
P_144,Normal,Normal,Normal,Normal,40.0
P_145,Intermediate,Normal,Normal,Normal,55.0
P_146,Normal,Intermediate,Normal,Normal,55.0
P_147,Normal,Intermediate,Normal,Normal,55.0
P_148,Normal,Normal,Normal,Intermediate,55.0
P_149,Normal,Normal,Normal,Normal,40.0
P_150,Normal,Intermediate,Intermediate,Intermediate,85.0
P_151,Normal,Normal,Intermediate,Normal,55.0
P_152,Poor,Normal,Normal,Normal,70.0
P_153,Intermediate,Normal,Normal,Normal,55.0
P_154,Normal,Normal,Normal,Poor,70.0
P_155,Normal,Intermediate,Normal,Normal,55.0
P_156,Poor,Intermediate,Normal,Normal,85.0
P_157,Normal,Normal,Normal,Normal,40.0
P_158,Normal,Normal,Intermediate,Poor,85.0
P_159,Normal,Poor,Normal,Intermediate,85.0
P_160,Poor,Normal,Intermediate,Normal,85.0
P_161,Intermediate,Poor,Normal,Intermediate,99.0
P_162,Poor,Intermediate,Intermediate,Normal,99.0
P_163,Normal,Normal,Normal,Normal,40.0
P_164,Intermediate,Normal,Intermediate,Normal,70.0
P_165,Poor,Intermediate,Intermediate,Normal,99.0
P_166,Intermediate,Normal,Intermediate,Normal,70.0
P_167,Normal,Normal,Normal,Normal,40.0
P_168,Normal,Normal,Normal,Poor,70.0
P_169,Normal,Intermediate,Normal,Intermediate,70.0
P_170,Intermediate,Intermediate,Normal,Intermediate,85.0
P_171,Normal,Normal,Normal,Normal,40.0
P_172,Normal,Normal,Intermediate,Intermediate,70.0
P_173,Normal,Poor,Normal,Intermediate,85.0
P_174,Normal,Intermediate,Normal,Normal,55.0
P_175,Normal,Normal,Normal,Normal,40.0
P_176,Intermediate,Normal,Normal,Normal,55.0
P_177,Normal,Intermediate,Normal,Intermediate,70.0
P_178,Normal,Normal,Normal,Intermediate,55.0
P_179,Normal,Normal,Normal,Normal,40.0
P_180,Normal,Normal,Normal,Normal,40.0
P_181,Normal,Intermediate,Normal,Intermediate,70.0
P_182,Intermediate,Intermediate,Normal,Normal,70.0
P_183,Normal,Normal,Normal,Poor,70.0
P_184,Normal,Intermediate,Normal,Normal,55.0
P_185,Normal,Normal,Normal,Normal,40.0
P_186,Intermediate,Normal,Poor,Intermediate,99.0
P_187,Intermediate,Normal,Intermediate,Normal,70.0
P_188,Intermediate,Intermediate,Normal,Normal,70.0
P_189,Intermediate,Normal,Normal,Normal,55.0
P_190,Normal,Intermediate,Intermediate,Normal,70.0
P_191,Normal,Normal,Poor,Normal,70.0
P_192,Normal,Poor,Intermediate,Intermediate,99.0
P_193,Intermediate,Normal,Normal,Intermediate,70.0
P_194,Normal,Intermediate,Poor,Normal,85.0
P_195,Intermediate,Normal,Intermediate,Normal,70.0
P_196,Normal,Normal,Normal,Normal,40.0
P_197,Normal,Intermediate,Normal,Normal,55.0
P_198,Poor,Intermediate,Intermediate,Normal,99.0
P_199,Normal,Normal,Intermediate,Normal,55.0
P_200,Normal,Intermediate,Intermediate,Poor,99.0
P_201,Normal,Poor,Intermediate,Intermediate,99.0
P_202,Intermediate,Normal,Normal,Normal,55.0
P_203,Normal,Poor,Normal,Intermediate,85.0
P_204,Normal,Normal,Normal,Poor,70.0
P_205,Normal,Intermediate,Normal,Normal,55.0
P_206,Intermediate,Intermediate,Poor,Normal,99.0
P_207,Intermediate,Intermediate,Normal,Normal,70.0
P_208,Normal,Normal,Poor,Normal,70.0
P_209,Normal,Normal,Normal,Poor,70.0
P_210,Normal,Normal,Intermediate,Normal,55.0
P_211,Poor,Intermediate,Normal,Normal,85.0
P_212,Normal,Normal,Normal,Normal,40.0
P_213,Normal,Normal,Normal,Normal,40.0
P_214,Normal,Normal,Normal,Intermediate,55.0
P_215,Normal,Normal,Intermediate,Intermediate,70.0
P_216,Normal,Normal,Normal,Normal,40.0
P_217,Poor,Normal,Normal,Normal,70.0
P_218,Normal,Intermediate,Normal,Intermediate,70.0
P_219,Intermediate,Normal,Intermediate,Normal,70.0
P_220,Normal,Intermediate,Normal,Normal,55.0
P_221,Intermediate,Normal,Intermediate,Intermediate,85.0
P_222,Normal,Normal,Normal,Normal,40.0
P_223,Intermediate,Normal,Intermediate,Normal,70.0
P_224,Normal,Poor,Normal,Intermediate,85.0
P_225,Intermediate,Normal,Normal,Normal,55.0
P_226,Normal,Intermediate,Intermediate,Intermediate,85.0
P_227,Intermediate,Intermediate,Normal,Normal,70.0
P_228,Normal,Normal,Normal,Normal,40.0
P_229,Intermediate,Normal,Intermediate,Intermediate,85.0
P_230,Intermediate,Normal,Normal,Intermediate,70.0
P_231,Normal,Normal,Intermediate,Normal,55.0
P_232,Normal,Normal,Poor,Normal,70.0
P_233,Normal,Normal,Intermediate,Normal,55.0
P_234,Normal,Normal,Normal,Normal,40.0
P_235,Normal,Normal,Normal,Intermediate,55.0
P_236,Normal,Intermediate,Normal,Intermediate,70.0
P_237,Intermediate,Poor,Normal,Normal,85.0
P_238,Intermediate,Intermediate,Normal,Normal,70.0
P_239,Intermediate,Poor,Normal,Normal,85.0
P_240,Intermediate,Intermediate,Normal,Intermediate,85.0
P_241,Normal,Normal,Normal,Normal,40.0
P_242,Intermediate,Normal,Normal,Normal,55.0
P_243,Normal,Normal,Normal,Normal,40.0
P_244,Poor,Normal,Intermediate,Normal,85.0
P_245,Normal,Intermediate,Normal,Poor,85.0
P_246,Normal,Normal,Intermediate,Poor,85.0
P_247,Normal,Intermediate,Normal,Intermediate,70.0
P_248,Intermediate,Normal,Intermediate,Normal,70.0
P_249,Normal,Intermediate,Intermediate,Normal,70.0
P_250,Normal,Normal,Poor,Normal,70.0
P_251,Intermediate,Normal,Intermediate,Normal,70.0
P_252,Normal,Intermediate,Poor,Intermediate,99.0
P_253,Normal,Normal,Normal,Intermediate,55.0
P_254,Intermediate,Normal,Intermediate,Normal,70.0
P_255,Normal,Normal,Normal,Normal,40.0
P_256,Normal,Normal,Normal,Poor,70.0
P_257,Intermediate,Intermediate,Intermediate,Normal,85.0
P_258,Normal,Normal,Poor,Normal,70.0
P_259,Intermediate,Normal,Normal,Normal,55.0
P_260,Normal,Normal,Intermediate,Normal,55.0
P_261,Intermediate,Intermediate,Poor,Normal,99.0
P_262,Intermediate,Normal,Normal,Normal,55.0
P_263,Normal,Normal,Normal,Normal,40.0
P_264,Intermediate,Normal,Normal,Intermediate,70.0
P_265,Intermediate,Normal,Intermediate,Intermediate,85.0
P_266,Normal,Intermediate,Normal,Poor,85.0
P_267,Intermediate,Normal,Normal,Normal,55.0
P_268,Normal,Intermediate,Intermediate,Normal,70.0
P_269,Normal,Normal,Normal,Normal,40.0
P_270,Normal,Normal,Normal,Normal,40.0
P_271,Poor,Normal,Intermediate,Normal,85.0
P_272,Poor,Intermediate,Normal,Normal,85.0
P_273,Poor,Normal,Normal,Normal,70.0
P_274,Normal,Intermediate,Normal,Normal,55.0
P_275,Normal,Normal,Intermediate,Intermediate,70.0
P_276,Poor,Normal,Intermediate,Normal,85.0
P_277,Intermediate,Normal,Normal,Normal,55.0
P_278,Normal,Intermediate,Intermediate,Poor,99.0
P_279,Intermediate,Intermediate,Normal,Intermediate,85.0
P_280,Normal,Poor,Normal,Intermediate,85.0
P_281,Normal,Intermediate,Intermediate,Intermediate,85.0
P_282,Normal,Intermediate,Intermediate,Poor,99.0
P_283,Intermediate,Normal,Intermediate,Normal,70.0
P_284,Normal,Normal,Poor,Intermediate,85.0
P_285,Normal,Normal,Intermediate,Normal,55.0
P_286,Normal,Normal,Intermediate,Intermediate,70.0
P_287,Intermediate,Intermediate,Poor,Intermediate,99.0
P_288,Intermediate,Normal,Normal,Normal,55.0
P_289,Poor,Normal,Normal,Normal,70.0
P_290,Normal,Normal,Normal,Normal,40.0
P_291,Normal,Intermediate,Normal,Normal,55.0
P_292,Intermediate,Poor,Normal,Intermediate,99.0
P_293,Intermediate,Normal,Normal,Normal,55.0
P_294,Normal,Normal,Normal,Normal,40.0
P_295,Intermediate,Normal,Poor,Intermediate,99.0
P_296,Normal,Normal,Normal,Normal,40.0
P_297,Normal,Normal,Normal,Intermediate,55.0
P_298,Normal,Poor,Normal,Normal,70.0
P_299,Intermediate,Normal,Normal,Normal,55.0
P_300,Intermediate,Normal,Normal,Normal,55.0
P_301,Normal,Normal,Normal,Normal,40.0
P_302,Normal,Intermediate,Intermediate,Intermediate,85.0
P_303,Intermediate,Intermediate,Normal,Poor,99.0
P_304,Intermediate,Poor,Intermediate,Normal,99.0
P_305,Intermediate,Normal,Normal,Intermediate,70.0
P_306,Normal,Normal,Normal,Normal,40.0
P_307,Intermediate,Normal,Normal,Normal,55.0
P_308,Normal,Normal,Normal,Intermediate,55.0
P_309,Normal,Intermediate,Normal,Normal,55.0
P_310,Intermediate,Normal,Normal,Normal,55.0
P_311,Poor,Normal,Poor,Normal,99.0
P_312,Intermediate,Normal,Poor,Normal,85.0
P_313,Normal,Intermediate,Intermediate,Normal,70.0
P_314,Normal,Intermediate,Normal,Normal,55.0
P_315,Intermediate,Intermediate,Normal,Normal,70.0
P_316,Poor,Normal,Normal,Normal,70.0
P_317,Normal,Intermediate,Intermediate,Normal,70.0
P_318,Normal,Normal,Intermediate,Normal,55.0
P_319,Intermediate,Intermediate,Normal,Normal,70.0
P_320,Intermediate,Normal,Normal,Normal,55.0
P_321,Normal,Normal,Normal,Normal,40.0
P_322,Intermediate,Intermediate,Normal,Intermediate,85.0
P_323,Poor,Intermediate,Normal,Intermediate,99.0
P_324,Poor,Normal,Intermediate,Normal,85.0
P_325,Intermediate,Normal,Intermediate,Normal,70.0
P_326,Intermediate,Normal,Intermediate,Normal,70.0
P_327,Normal,Normal,Normal,Normal,40.0
P_328,Normal,Normal,Normal,Normal,40.0
P_329,Normal,Intermediate,Intermediate,Normal,70.0
P_330,Normal,Intermediate,Normal,Intermediate,70.0
P_331,Normal,Normal,Poor,Intermediate,85.0
P_332,Normal,Intermediate,Normal,Poor,85.0
P_333,Normal,Poor,Intermediate,Intermediate,99.0
P_334,Normal,Poor,Normal,Poor,99.0
P_335,Normal,Normal,Intermediate,Intermediate,70.0
P_336,Intermediate,Normal,Intermediate,Intermediate,85.0
P_337,Poor,Poor,Normal,Normal,99.0
P_338,Intermediate,Intermediate,Normal,Intermediate,85.0
P_339,Poor,Normal,Poor,Intermediate,99.0
P_340,Normal,Normal,Poor,Normal,70.0
P_341,Normal,Normal,Normal,Normal,40.0
P_342,Intermediate,Normal,Normal,Normal,55.0
P_343,Normal,Intermediate,Normal,Normal,55.0
P_344,Normal,Normal,Normal,Intermediate,55.0
P_345,Intermediate,Intermediate,Normal,Normal,70.0
P_346,Intermediate,Intermediate,Normal,Normal,70.0
P_347,Intermediate,Normal,Normal,Normal,55.0
P_348,Poor,Normal,Normal,Poor,99.0
P_349,Normal,Normal,Intermediate,Normal,55.0
P_350,Normal,Normal,Normal,Intermediate,55.0
P_351,Normal,Intermediate,Normal,Normal,55.0
P_352,Intermediate,Poor,Intermediate,Poor,99.0
P_353,Intermediate,Normal,Intermediate,Intermediate,85.0
P_354,Normal,Normal,Normal,Intermediate,55.0
P_355,Normal,Intermediate,Intermediate,Intermediate,85.0
P_356,Normal,Poor,Intermediate,Normal,85.0
P_357,Normal,Normal,Poor,Normal,70.0
P_358,Normal,Normal,Normal,Normal,40.0
P_359,Intermediate,Normal,Intermediate,Normal,70.0
P_360,Normal,Poor,Intermediate,Intermediate,99.0
P_361,Normal,Normal,Intermediate,Normal,55.0
P_362,Intermediate,Normal,Intermediate,Normal,70.0
P_363,Normal,Poor,Normal,Normal,70.0
P_364,Normal,Normal,Normal,Normal,40.0
P_365,Poor,Normal,Poor,Normal,99.0
P_366,Intermediate,Poor,Intermediate,Intermediate,99.0
P_367,Normal,Poor,Normal,Normal,70.0
P_368,Normal,Intermediate,Normal,Poor,85.0
P_369,Normal,Normal,Poor,Normal,70.0
P_370,Intermediate,Intermediate,Normal,Normal,70.0
P_371,Poor,Normal,Intermediate,Intermediate,99.0
P_372,Intermediate,Normal,Normal,Normal,55.0
P_373,Normal,Normal,Normal,Intermediate,55.0
P_374,Intermediate,Normal,Intermediate,Intermediate,85.0
P_375,Intermediate,Normal,Intermediate,Intermediate,85.0
P_376,Normal,Normal,Intermediate,Intermediate,70.0
P_377,Normal,Normal,Normal,Normal,40.0
P_378,Normal,Normal,Normal,Poor,70.0
P_379,Normal,Normal,Normal,Normal,40.0
P_380,Normal,Normal,Normal,Normal,40.0
P_381,Intermediate,Normal,Normal,Normal,55.0
P_382,Normal,Normal,Poor,Normal,70.0
P_383,Intermediate,Normal,Poor,Normal,85.0
P_384,Normal,Intermediate,Normal,Normal,55.0
P_385,Normal,Intermediate,Normal,Intermediate,70.0
P_386,Intermediate,Intermediate,Intermediate,Normal,85.0
P_387,Intermediate,Normal,Poor,Normal,85.0
P_388,Normal,Intermediate,Intermediate,Normal,70.0
P_389,Normal,Normal,Intermediate,Normal,55.0
P_390,Normal,Intermediate,Intermediate,Normal,70.0
P_391,Intermediate,Normal,Normal,Normal,55.0
P_392,Normal,Normal,Intermediate,Normal,55.0
P_393,Poor,Normal,Intermediate,Normal,85.0
P_394,Normal,Intermediate,Normal,Normal,55.0
P_395,Normal,Intermediate,Intermediate,Intermediate,85.0
P_396,Intermediate,Intermediate,Intermediate,Poor,99.0
P_397,Normal,Normal,Normal,Poor,70.0
P_398,Intermediate,Intermediate,Normal,Normal,70.0
P_399,Intermediate,Intermediate,Normal,Intermediate,85.0
P_400,Normal,Normal,Poor,Normal,70.0
P_401,Poor,Normal,Poor,Normal,99.0
P_402,Normal,Normal,Intermediate,Normal,55.0
P_403,Intermediate,Intermediate,Intermediate,Normal,85.0
P_404,Poor,Normal,Normal,Intermediate,85.0
P_405,Normal,Normal,Normal,Normal,40.0
P_406,Normal,Normal,Intermediate,Normal,55.0
P_407,Normal,Intermediate,Intermediate,Normal,70.0
P_408,Normal,Intermediate,Normal,Normal,55.0
P_409,Normal,Normal,Intermediate,Normal,55.0
P_410,Intermediate,Normal,Normal,Poor,85.0
P_411,Intermediate,Normal,Normal,Normal,55.0
P_412,Normal,Normal,Normal,Normal,40.0
P_413,Normal,Normal,Poor,Normal,70.0
P_414,Normal,Intermediate,Intermediate,Normal,70.0
P_415,Normal,Intermediate,Normal,Normal,55.0
P_416,Intermediate,Poor,Intermediate,Normal,99.0
P_417,Intermediate,Normal,Normal,Intermediate,70.0
P_418,Poor,Intermediate,Normal,Intermediate,99.0
P_419,Normal,Normal,Normal,Poor,70.0
P_420,Poor,Intermediate,Normal,Normal,85.0
P_421,Normal,Intermediate,Normal,Intermediate,70.0
P_422,Normal,Intermediate,Intermediate,Normal,70.0
P_423,Normal,Poor,Normal,Intermediate,85.0
P_424,Normal,Normal,Poor,Normal,70.0
P_425,Poor,Normal,Normal,Intermediate,85.0
P_426,Normal,Intermediate,Normal,Normal,55.0
P_427,Intermediate,Normal,Intermediate,Normal,70.0
P_428,Intermediate,Intermediate,Normal,Normal,70.0
P_429,Normal,Normal,Normal,Normal,40.0
P_430,Normal,Normal,Normal,Poor,70.0
P_431,Normal,Poor,Normal,Normal,70.0
P_432,Normal,Intermediate,Normal,Intermediate,70.0
P_433,Normal,Normal,Normal,Normal,40.0
P_434,Normal,Normal,Normal,Intermediate,55.0
P_435,Poor,Intermediate,Intermediate,Normal,99.0
P_436,Poor,Intermediate,Intermediate,Normal,99.0
P_437,Normal,Normal,Intermediate,Intermediate,70.0
P_438,Intermediate,Normal,Normal,Normal,55.0
P_439,Intermediate,Normal,Normal,Poor,85.0
P_440,Intermediate,Intermediate,Intermediate,Normal,85.0
P_441,Normal,Normal,Normal,Normal,40.0
P_442,Intermediate,Normal,Intermediate,Normal,70.0
P_443,Intermediate,Intermediate,Normal,Normal,70.0
P_444,Normal,Intermediate,Intermediate,Intermediate,85.0
P_445,Intermediate,Intermediate,Normal,Normal,70.0
P_446,Normal,Intermediate,Normal,Normal,55.0
P_447,Poor,Normal,Normal,Poor,99.0
P_448,Poor,Poor,Intermediate,Normal,99.0
P_449,Poor,Normal,Normal,Intermediate,85.0
P_450,Normal,Normal,Normal,Normal,40.0
P_451,Poor,Normal,Normal,Normal,70.0
P_452,Normal,Poor,Normal,Normal,70.0
P_453,Intermediate,Intermediate,Intermediate,Intermediate,99.0
P_454,Normal,Normal,Normal,Normal,40.0
P_455,Normal,Normal,Normal,Normal,40.0
P_456,Normal,Intermediate,Intermediate,Intermediate,85.0
P_457,Normal,Normal,Intermediate,Intermediate,70.0
P_458,Normal,Intermediate,Normal,Normal,55.0
P_459,Normal,Normal,Intermediate,Intermediate,70.0
P_460,Normal,Intermediate,Intermediate,Intermediate,85.0
P_461,Intermediate,Normal,Intermediate,Intermediate,85.0
P_462,Normal,Normal,Intermediate,Poor,85.0
P_463,Normal,Intermediate,Intermediate,Normal,70.0
P_464,Normal,Normal,Normal,Normal,40.0
P_465,Intermediate,Intermediate,Normal,Normal,70.0
P_466,Normal,Normal,Normal,Normal,40.0
P_467,Poor,Intermediate,Normal,Intermediate,99.0
P_468,Normal,Normal,Poor,Normal,70.0
P_469,Normal,Normal,Normal,Normal,40.0
P_470,Normal,Normal,Normal,Normal,40.0
P_471,Intermediate,Intermediate,Poor,Poor,99.0
P_472,Normal,Normal,Intermediate,Intermediate,70.0
P_473,Intermediate,Normal,Intermediate,Normal,70.0
P_474,Intermediate,Normal,Normal,Poor,85.0
P_475,Normal,Normal,Normal,Normal,40.0
P_476,Normal,Intermediate,Normal,Normal,55.0
P_477,Normal,Intermediate,Normal,Intermediate,70.0
P_478,Intermediate,Normal,Normal,Normal,55.0
P_479,Normal,Intermediate,Intermediate,Intermediate,85.0
P_480,Normal,Intermediate,Intermediate,Normal,70.0
P_481,Poor,Intermediate,Intermediate,Normal,99.0
P_482,Normal,Poor,Poor,Normal,99.0
P_483,Normal,Intermediate,Normal,Normal,55.0
P_484,Normal,Normal,Normal,Normal,40.0
P_485,Intermediate,Intermediate,Intermediate,Intermediate,99.0
P_486,Poor,Normal,Normal,Poor,99.0
P_487,Normal,Intermediate,Poor,Normal,85.0
P_488,Normal,Normal,Normal,Normal,40.0
P_489,Poor,Normal,Intermediate,Normal,85.0
P_490,Intermediate,Normal,Normal,Normal,55.0
P_491,Normal,Normal,Poor,Poor,99.0
P_492,Intermediate,Normal,Normal,Poor,85.0
P_493,Poor,Normal,Intermediate,Normal,85.0
P_494,Intermediate,Normal,Normal,Normal,55.0
P_495,Normal,Normal,Normal,Normal,40.0
P_496,Intermediate,Normal,Normal,Normal,55.0
P_497,Normal,Normal,Poor,Normal,70.0
P_498,Normal,Normal,Normal,Normal,40.0
P_499,Normal,Normal,Normal,Normal,40.0
P_500,Normal,Normal,Normal,Normal,40.0
P_501,Poor,Intermediate,Normal,Normal,85.0
P_502,Normal,Intermediate,Normal,Normal,55.0
P_503,Normal,Intermediate,Normal,Normal,55.0
P_504,Normal,Intermediate,Normal,Normal,55.0
P_505,Intermediate,Normal,Normal,Normal,55.0
P_506,Normal,Normal,Normal,Normal,40.0
P_507,Normal,Normal,Intermediate,Normal,55.0
P_508,Normal,Intermediate,Intermediate,Normal,70.0
P_509,Normal,Normal,Normal,Normal,40.0
P_510,Normal,Normal,Normal,Normal,40.0
P_511,Normal,Poor,Normal,Normal,70.0
P_512,Normal,Normal,Normal,Intermediate,55.0
P_513,Intermediate,Intermediate,Intermediate,Normal,85.0
P_514,Normal,Normal,Intermediate,Normal,55.0
P_515,Intermediate,Intermediate,Intermediate,Normal,85.0
P_516,Intermediate,Normal,Intermediate,Intermediate,85.0
P_517,Normal,Normal,Normal,Normal,40.0
P_518,Poor,Normal,Intermediate,Intermediate,99.0
P_519,Intermediate,Normal,Poor,Poor,99.0
P_520,Normal,Poor,Normal,Normal,70.0
P_521,Intermediate,Intermediate,Intermediate,Normal,85.0
P_522,Normal,Normal,Intermediate,Intermediate,70.0
P_523,Intermediate,Normal,Normal,Normal,55.0
P_524,Normal,Normal,Normal,Normal,40.0
P_525,Normal,Normal,Intermediate,Intermediate,70.0
P_526,Normal,Intermediate,Normal,Normal,55.0
P_527,Normal,Intermediate,Intermediate,Intermediate,85.0
P_528,Normal,Normal,Normal,Poor,70.0
P_529,Normal,Normal,Normal,Normal,40.0
P_530,Intermediate,Poor,Normal,Intermediate,99.0
P_531,Intermediate,Intermediate,Normal,Intermediate,85.0
P_532,Intermediate,Normal,Intermediate,Normal,70.0
P_533,Normal,Normal,Normal,Normal,40.0
P_534,Normal,Normal,Normal,Intermediate,55.0
P_535,Normal,Normal,Normal,Intermediate,55.0
P_536,Normal,Normal,Intermediate,Intermediate,70.0
P_537,Poor,Intermediate,Intermediate,Normal,99.0
P_538,Normal,Normal,Intermediate,Intermediate,70.0
P_539,Normal,Intermediate,Normal,Intermediate,70.0
P_540,Normal,Normal,Poor,Normal,70.0
P_541,Normal,Normal,Normal,Normal,40.0
P_542,Normal,Intermediate,Normal,Normal,55.0
P_543,Poor,Normal,Normal,Normal,70.0
P_544,Normal,Normal,Normal,Normal,40.0
P_545,Intermediate,Intermediate,Intermediate,Normal,85.0
P_546,Normal,Normal,Normal,Intermediate,55.0
P_547,Intermediate,Intermediate,Intermediate,Normal,85.0
P_548,Poor,Intermediate,Normal,Intermediate,99.0
P_549,Poor,Normal,Intermediate,Normal,85.0
P_550,Poor,Normal,Normal,Normal,70.0
P_551,Intermediate,Normal,Normal,Intermediate,70.0
P_552,Intermediate,Poor,Normal,Normal,85.0
P_553,Normal,Intermediate,Normal,Normal,55.0
P_554,Intermediate,Normal,Intermediate,Normal,70.0
P_555,Normal,Intermediate,Intermediate,Normal,70.0
P_556,Poor,Poor,Intermediate,Normal,99.0
P_557,Normal,Normal,Intermediate,Intermediate,70.0
P_558,Normal,Intermediate,Normal,Intermediate,70.0
P_559,Intermediate,Normal,Normal,Normal,55.0
P_560,Intermediate,Normal,Normal,Normal,55.0
P_561,Normal,Normal,Intermediate,Intermediate,70.0
P_562,Intermediate,Intermediate,Normal,Intermediate,85.0
P_563,Normal,Intermediate,Normal,Normal,55.0
P_564,Normal,Poor,Normal,Poor,99.0
P_565,Normal,Normal,Normal,Normal,40.0
P_566,Normal,Normal,Normal,Normal,40.0
P_567,Normal,Poor,Normal,Intermediate,85.0
P_568,Intermediate,Intermediate,Intermediate,Normal,85.0
P_569,Intermediate,Normal,Normal,Normal,55.0
P_570,Intermediate,Normal,Normal,Intermediate,70.0
P_571,Normal,Poor,Intermediate,Intermediate,99.0
P_572,Intermediate,Normal,Intermediate,Normal,70.0
P_573,Normal,Intermediate,Intermediate,Normal,70.0
P_574,Normal,Intermediate,Poor,Normal,85.0
P_575,Poor,Intermediate,Intermediate,Intermediate,99.0
P_576,Normal,Normal,Poor,Normal,70.0
P_577,Intermediate,Normal,Normal,Intermediate,70.0
P_578,Normal,Normal,Intermediate,Intermediate,70.0
P_579,Normal,Poor,Poor,Normal,99.0
P_580,Normal,Normal,Intermediate,Intermediate,70.0
P_581,Intermediate,Intermediate,Intermediate,Poor,99.0
P_582,Intermediate,Intermediate,Poor,Normal,99.0
P_583,Normal,Intermediate,Intermediate,Normal,70.0
P_584,Normal,Normal,Intermediate,Intermediate,70.0
P_585,Normal,Normal,Normal,Normal,40.0
P_586,Normal,Normal,Intermediate,Normal,55.0
P_587,Normal,Normal,Normal,Normal,40.0
P_588,Intermediate,Normal,Poor,Normal,85.0
P_589,Normal,Poor,Normal,Intermediate,85.0
P_590,Normal,Normal,Normal,Intermediate,55.0
P_591,Intermediate,Normal,Normal,Normal,55.0
P_592,Intermediate,Normal,Normal,Poor,85.0
P_593,Intermediate,Normal,Normal,Normal,55.0
P_594,Normal,Normal,Normal,Intermediate,55.0
P_595,Poor,Poor,Normal,Normal,99.0
P_596,Intermediate,Intermediate,Intermediate,Normal,85.0
P_597,Poor,Normal,Normal,Poor,99.0
P_598,Normal,Intermediate,Normal,Normal,55.0
P_599,Intermediate,Normal,Intermediate,Normal,70.0
P_600,Intermediate,Intermediate,Normal,Normal,70.0
P_601,Intermediate,Normal,Normal,Intermediate,70.0
P_602,Normal,Intermediate,Normal,Intermediate,70.0
P_603,Normal,Normal,Normal,Normal,40.0
P_604,Poor,Intermediate,Intermediate,Intermediate,99.0
P_605,Normal,Intermediate,Normal,Normal,55.0
P_606,Normal,Normal,Poor,Intermediate,85.0
P_607,Normal,Normal,Poor,Intermediate,85.0
P_608,Normal,Intermediate,Normal,Normal,55.0
P_609,Intermediate,Normal,Intermediate,Normal,70.0
P_610,Intermediate,Poor,Normal,Normal,85.0
P_611,Poor,Intermediate,Normal,Intermediate,99.0
P_612,Normal,Intermediate,Normal,Normal,55.0
P_613,Poor,Normal,Normal,Normal,70.0
P_614,Intermediate,Poor,Normal,Normal,85.0
P_615,Normal,Intermediate,Normal,Normal,55.0
P_616,Poor,Normal,Intermediate,Normal,85.0
P_617,Poor,Intermediate,Intermediate,Normal,99.0
P_618,Normal,Intermediate,Normal,Normal,55.0
P_619,Normal,Normal,Normal,Intermediate,55.0
P_620,Normal,Poor,Intermediate,Normal,85.0
P_621,Normal,Normal,Normal,Intermediate,55.0
P_622,Normal,Normal,Normal,Normal,40.0
P_623,Normal,Intermediate,Normal,Intermediate,70.0
P_624,Intermediate,Normal,Poor,Normal,85.0
P_625,Intermediate,Intermediate,Normal,Normal,70.0
P_626,Intermediate,Normal,Intermediate,Normal,70.0
P_627,Normal,Normal,Normal,Normal,40.0
P_628,Normal,Normal,Poor,Normal,70.0
P_629,Intermediate,Intermediate,Normal,Normal,70.0
P_630,Normal,Normal,Intermediate,Normal,55.0
P_631,Poor,Normal,Poor,Poor,99.0
P_632,Normal,Normal,Intermediate,Normal,55.0
P_633,Normal,Normal,Normal,Normal,40.0
P_634,Normal,Normal,Normal,Normal,40.0
P_635,Normal,Intermediate,Normal,Normal,55.0
P_636,Poor,Intermediate,Normal,Normal,85.0
P_637,Intermediate,Intermediate,Normal,Normal,70.0
P_638,Normal,Intermediate,Normal,Normal,55.0
P_639,Normal,Normal,Normal,Normal,40.0
P_640,Normal,Normal,Intermediate,Intermediate,70.0
P_641,Normal,Normal,Intermediate,Poor,85.0
P_642,Poor,Normal,Normal,Normal,70.0
P_643,Intermediate,Normal,Normal,Normal,55.0
P_644,Normal,Normal,Poor,Intermediate,85.0
P_645,Normal,Normal,Poor,Normal,70.0
P_646,Intermediate,Normal,Intermediate,Normal,70.0
P_647,Normal,Poor,Intermediate,Intermediate,99.0
P_648,Normal,Intermediate,Intermediate,Normal,70.0
P_649,Normal,Intermediate,Normal,Poor,85.0
P_650,Poor,Normal,Normal,Normal,70.0
P_651,Normal,Intermediate,Normal,Normal,55.0
P_652,Intermediate,Normal,Normal,Normal,55.0
P_653,Intermediate,Intermediate,Normal,Normal,70.0
P_654,Normal,Normal,Intermediate,Intermediate,70.0
P_655,Normal,Normal,Normal,Normal,40.0
P_656,Intermediate,Normal,Normal,Normal,55.0
P_657,Intermediate,Normal,Intermediate,Normal,70.0
P_658,Normal,Normal,Normal,Intermediate,55.0
P_659,Normal,Normal,Normal,Normal,40.0
P_660,Intermediate,Normal,Normal,Normal,55.0
P_661,Normal,Normal,Normal,Intermediate,55.0
P_662,Normal,Normal,Normal,Normal,40.0
P_663,Intermediate,Poor,Normal,Intermediate,99.0
P_664,Normal,Normal,Normal,Normal,40.0
P_665,Normal,Normal,Normal,Intermediate,55.0
P_666,Normal,Normal,Normal,Poor,70.0
P_667,Intermediate,Intermediate,Normal,Intermediate,85.0
P_668,Intermediate,Normal,Normal,Normal,55.0
P_669,Normal,Intermediate,Normal,Poor,85.0
P_670,Normal,Intermediate,Intermediate,Intermediate,85.0
P_671,Poor,Normal,Intermediate,Intermediate,99.0
P_672,Normal,Normal,Normal,Normal,40.0
P_673,Normal,Intermediate,Normal,Normal,55.0
P_674,Normal,Intermediate,Normal,Normal,55.0
P_675,Normal,Normal,Normal,Normal,40.0
P_676,Normal,Normal,Normal,Normal,40.0
P_677,Normal,Poor,Normal,Poor,99.0
P_678,Normal,Normal,Intermediate,Intermediate,70.0
P_679,Normal,Normal,Poor,Intermediate,85.0
P_680,Normal,Intermediate,Intermediate,Normal,70.0
P_681,Intermediate,Normal,Normal,Normal,55.0
P_682,Poor,Poor,Poor,Intermediate,99.0
P_683,Normal,Normal,Normal,Intermediate,55.0
P_684,Normal,Poor,Normal,Normal,70.0
P_685,Normal,Normal,Normal,Normal,40.0
P_686,Normal,Intermediate,Intermediate,Normal,70.0
P_687,Normal,Normal,Normal,Normal,40.0
P_688,Normal,Normal,Normal,Poor,70.0
P_689,Normal,Normal,Normal,Normal,40.0
P_690,Normal,Normal,Normal,Poor,70.0
P_691,Normal,Intermediate,Intermediate,Normal,70.0
P_692,Intermediate,Normal,Intermediate,Intermediate,85.0
P_693,Intermediate,Intermediate,Normal,Intermediate,85.0
P_694,Poor,Normal,Normal,Normal,70.0
P_695,Intermediate,Normal,Normal,Normal,55.0
P_696,Normal,Intermediate,Normal,Normal,55.0
P_697,Poor,Normal,Normal,Intermediate,85.0
P_698,Intermediate,Intermediate,Intermediate,Intermediate,99.0
P_699,Intermediate,Normal,Normal,Poor,85.0
P_700,Normal,Intermediate,Intermediate,Normal,70.0
P_701,Intermediate,Intermediate,Intermediate,Intermediate,99.0
P_702,Normal,Normal,Normal,Intermediate,55.0
P_703,Intermediate,Normal,Normal,Normal,55.0
P_704,Normal,Poor,Normal,Normal,70.0
P_705,Poor,Intermediate,Normal,Normal,85.0
P_706,Poor,Intermediate,Normal,Normal,85.0
P_707,Intermediate,Normal,Normal,Intermediate,70.0
P_708,Normal,Normal,Normal,Normal,40.0
P_709,Normal,Poor,Normal,Normal,70.0
P_710,Normal,Poor,Normal,Intermediate,85.0
P_711,Normal,Normal,Intermediate,Normal,55.0
P_712,Intermediate,Intermediate,Normal,Normal,70.0
P_713,Normal,Normal,Intermediate,Intermediate,70.0
P_714,Normal,Intermediate,Intermediate,Normal,70.0
P_715,Normal,Poor,Poor,Normal,99.0
P_716,Normal,Intermediate,Normal,Normal,55.0
P_717,Intermediate,Normal,Poor,Normal,85.0
P_718,Intermediate,Normal,Normal,Normal,55.0
P_719,Normal,Normal,Normal,Normal,40.0
P_720,Normal,Normal,Normal,Normal,40.0
P_721,Poor,Normal,Normal,Intermediate,85.0
P_722,Intermediate,Poor,Normal,Intermediate,99.0
P_723,Normal,Normal,Normal,Normal,40.0
P_724,Intermediate,Normal,Intermediate,Normal,70.0
P_725,Normal,Normal,Normal,Normal,40.0
P_726,Intermediate,Normal,Normal,Normal,55.0
P_727,Poor,Intermediate,Normal,Normal,85.0
P_728,Normal,Intermediate,Normal,Normal,55.0
P_729,Normal,Intermediate,Normal,Intermediate,70.0
P_730,Normal,Normal,Intermediate,Normal,55.0
P_731,Normal,Intermediate,Normal,Intermediate,70.0
P_732,Normal,Normal,Normal,Normal,40.0
P_733,Normal,Normal,Normal,Poor,70.0
P_734,Intermediate,Normal,Normal,Intermediate,70.0
P_735,Normal,Normal,Intermediate,Normal,55.0
P_736,Normal,Normal,Intermediate,Normal,55.0
P_737,Intermediate,Normal,Normal,Normal,55.0
P_738,Intermediate,Intermediate,Intermediate,Normal,85.0
P_739,Normal,Normal,Normal,Poor,70.0
P_740,Intermediate,Normal,Poor,Normal,85.0
P_741,Poor,Poor,Poor,Normal,99.0
P_742,Normal,Poor,Normal,Normal,70.0
P_743,Normal,Normal,Normal,Normal,40.0
P_744,Normal,Normal,Intermediate,Poor,85.0
P_745,Normal,Poor,Normal,Intermediate,85.0
P_746,Intermediate,Normal,Poor,Poor,99.0
P_747,Intermediate,Intermediate,Intermediate,Poor,99.0
P_748,Normal,Poor,Normal,Normal,70.0
P_749,Normal,Normal,Normal,Intermediate,55.0
P_750,Normal,Normal,Normal,Normal,40.0
P_751,Intermediate,Intermediate,Poor,Normal,99.0
P_752,Normal,Intermediate,Normal,Normal,55.0
P_753,Normal,Intermediate,Intermediate,Normal,70.0
P_754,Intermediate,Intermediate,Normal,Normal,70.0
P_755,Normal,Poor,Normal,Normal,70.0
P_756,Poor,Normal,Poor,Normal,99.0
P_757,Intermediate,Normal,Normal,Normal,55.0
P_758,Normal,Poor,Normal,Normal,70.0
P_759,Normal,Intermediate,Normal,Normal,55.0
P_760,Normal,Intermediate,Intermediate,Intermediate,85.0
P_761,Intermediate,Normal,Normal,Normal,55.0
P_762,Normal,Normal,Normal,Intermediate,55.0
P_763,Poor,Normal,Normal,Normal,70.0
P_764,Normal,Intermediate,Normal,Normal,55.0
P_765,Normal,Normal,Normal,Intermediate,55.0
P_766,Normal,Normal,Intermediate,Poor,85.0
P_767,Intermediate,Normal,Intermediate,Normal,70.0
P_768,Normal,Normal,Intermediate,Intermediate,70.0
P_769,Intermediate,Normal,Normal,Normal,55.0
P_770,Normal,Intermediate,Normal,Normal,55.0
P_771,Poor,Normal,Intermediate,Normal,85.0
P_772,Normal,Intermediate,Intermediate,Normal,70.0
P_773,Intermediate,Normal,Intermediate,Intermediate,85.0
P_774,Normal,Normal,Normal,Normal,40.0
P_775,Intermediate,Normal,Intermediate,Normal,70.0
P_776,Intermediate,Normal,Intermediate,Normal,70.0
P_777,Normal,Normal,Normal,Intermediate,55.0
P_778,Normal,Intermediate,Normal,Intermediate,70.0
P_779,Poor,Normal,Poor,Normal,99.0
P_780,Normal,Intermediate,Normal,Normal,55.0
P_781,Normal,Normal,Intermediate,Normal,55.0
P_782,Intermediate,Normal,Normal,Intermediate,70.0
P_783,Intermediate,Normal,Normal,Poor,85.0
P_784,Normal,Normal,Normal,Normal,40.0
P_785,Intermediate,Intermediate,Intermediate,Intermediate,99.0
P_786,Normal,Normal,Intermediate,Intermediate,70.0
P_787,Normal,Intermediate,Normal,Normal,55.0
P_788,Normal,Normal,Normal,Normal,40.0
P_789,Normal,Normal,Normal,Intermediate,55.0
P_790,Normal,Normal,Intermediate,Normal,55.0
P_791,Normal,Intermediate,Normal,Normal,55.0
P_792,Normal,Intermediate,Intermediate,Intermediate,85.0
P_793,Normal,Intermediate,Normal,Normal,55.0
P_794,Intermediate,Normal,Normal,Normal,55.0
P_795,Normal,Normal,Poor,Poor,99.0
P_796,Normal,Intermediate,Normal,Poor,85.0
P_797,Normal,Intermediate,Intermediate,Normal,70.0
P_798,Normal,Normal,Normal,Intermediate,55.0
P_799,Normal,Intermediate,Normal,Intermediate,70.0
P_800,Normal,Poor,Intermediate,Intermediate,99.0
P_801,Intermediate,Intermediate,Intermediate,Normal,85.0
P_802,Intermediate,Intermediate,Normal,Intermediate,85.0
P_803,Normal,Normal,Intermediate,Normal,55.0
P_804,Normal,Intermediate,Poor,Normal,85.0
P_805,Normal,Poor,Intermediate,Poor,99.0
P_806,Intermediate,Normal,Normal,Poor,85.0
P_807,Normal,Normal,Normal,Normal,40.0
P_808,Intermediate,Normal,Poor,Intermediate,99.0
P_809,Normal,Intermediate,Normal,Normal,55.0
P_810,Normal,Normal,Normal,Normal,40.0
P_811,Normal,Normal,Intermediate,Intermediate,70.0
P_812,Normal,Normal,Poor,Normal,70.0
P_813,Intermediate,Normal,Normal,Normal,55.0
P_814,Intermediate,Normal,Poor,Normal,85.0
P_815,Intermediate,Normal,Intermediate,Normal,70.0
P_816,Poor,Normal,Normal,Intermediate,85.0
P_817,Normal,Normal,Normal,Normal,40.0
P_818,Normal,Intermediate,Intermediate,Normal,70.0
P_819,Poor,Normal,Intermediate,Poor,99.0
P_820,Poor,Intermediate,Normal,Normal,85.0
P_821,Normal,Intermediate,Normal,Normal,55.0
P_822,Intermediate,Normal,Normal,Intermediate,70.0
P_823,Normal,Normal,Normal,Normal,40.0
P_824,Normal,Intermediate,Intermediate,Normal,70.0
P_825,Poor,Normal,Normal,Normal,70.0
P_826,Intermediate,Normal,Poor,Normal,85.0
P_827,Normal,Poor,Normal,Intermediate,85.0
P_828,Normal,Normal,Normal,Normal,40.0
P_829,Normal,Normal,Normal,Normal,40.0
P_830,Intermediate,Intermediate,Intermediate,Intermediate,99.0
P_831,Normal,Normal,Normal,Intermediate,55.0
P_832,Normal,Normal,Intermediate,Poor,85.0
P_833,Poor,Normal,Poor,Poor,99.0
P_834,Normal,Intermediate,Normal,Intermediate,70.0
P_835,Intermediate,Normal,Normal,Normal,55.0
P_836,Normal,Normal,Normal,Intermediate,55.0
P_837,Normal,Normal,Normal,Intermediate,55.0
P_838,Normal,Normal,Intermediate,Poor,85.0
P_839,Normal,Normal,Poor,Intermediate,85.0
P_840,Poor,Normal,Normal,Intermediate,85.0
P_841,Normal,Intermediate,Normal,Normal,55.0
P_842,Intermediate,Normal,Poor,Intermediate,99.0
P_843,Poor,Intermediate,Normal,Poor,99.0
P_844,Intermediate,Normal,Intermediate,Normal,70.0
P_845,Intermediate,Intermediate,Normal,Normal,70.0
P_846,Normal,Intermediate,Normal,Poor,85.0
P_847,Intermediate,Normal,Normal,Normal,55.0
P_848,Intermediate,Normal,Normal,Intermediate,70.0
P_849,Normal,Normal,Normal,Normal,40.0
P_850,Normal,Normal,Normal,Intermediate,55.0
P_851,Intermediate,Normal,Normal,Poor,85.0
P_852,Normal,Poor,Normal,Normal,70.0
P_853,Normal,Poor,Intermediate,Poor,99.0
P_854,Poor,Normal,Normal,Normal,70.0
P_855,Normal,Intermediate,Normal,Normal,55.0
P_856,Intermediate,Normal,Normal,Normal,55.0
P_857,Normal,Normal,Normal,Intermediate,55.0
P_858,Intermediate,Normal,Normal,Normal,55.0
P_859,Normal,Normal,Normal,Intermediate,55.0
P_860,Normal,Normal,Intermediate,Normal,55.0
P_861,Normal,Poor,Normal,Intermediate,85.0
P_862,Normal,Normal,Normal,Normal,40.0
P_863,Normal,Normal,Normal,Normal,40.0
P_864,Normal,Poor,Intermediate,Intermediate,99.0
P_865,Intermediate,Intermediate,Normal,Poor,99.0
P_866,Intermediate,Normal,Normal,Normal,55.0
P_867,Intermediate,Normal,Intermediate,Normal,70.0
P_868,Normal,Intermediate,Normal,Normal,55.0
P_869,Normal,Intermediate,Normal,Normal,55.0
P_870,Normal,Poor,Normal,Normal,70.0
P_871,Normal,Normal,Intermediate,Normal,55.0
P_872,Normal,Normal,Intermediate,Normal,55.0
P_873,Normal,Intermediate,Normal,Poor,85.0
P_874,Intermediate,Intermediate,Intermediate,Normal,85.0
P_875,Normal,Normal,Normal,Intermediate,55.0
P_876,Normal,Normal,Normal,Normal,40.0
P_877,Normal,Intermediate,Intermediate,Normal,70.0
P_878,Intermediate,Normal,Intermediate,Normal,70.0
P_879,Intermediate,Normal,Normal,Normal,55.0
P_880,Normal,Normal,Poor,Intermediate,85.0
P_881,Normal,Poor,Intermediate,Normal,85.0
P_882,Normal,Normal,Poor,Intermediate,85.0
P_883,Poor,Poor,Intermediate,Normal,99.0
P_884,Intermediate,Normal,Normal,Poor,85.0
P_885,Poor,Poor,Intermediate,Normal,99.0
P_886,Poor,Normal,Intermediate,Intermediate,99.0
P_887,Normal,Normal,Normal,Normal,40.0
P_888,Normal,Intermediate,Poor,Intermediate,99.0
P_889,Normal,Normal,Poor,Normal,70.0
P_890,Intermediate,Normal,Normal,Normal,55.0
P_891,Intermediate,Normal,Normal,Normal,55.0
P_892,Normal,Poor,Normal,Poor,99.0
P_893,Intermediate,Intermediate,Normal,Poor,99.0
P_894,Normal,Intermediate,Normal,Normal,55.0
P_895,Normal,Normal,Intermediate,Intermediate,70.0
P_896,Normal,Normal,Normal,Normal,40.0
P_897,Normal,Poor,Normal,Intermediate,85.0
P_898,Intermediate,Intermediate,Normal,Normal,70.0
P_899,Intermediate,Intermediate,Normal,Normal,70.0
P_900,Normal,Normal,Normal,Normal,40.0
P_901,Normal,Intermediate,Intermediate,Intermediate,85.0
P_902,Normal,Intermediate,Poor,Normal,85.0
P_903,Normal,Poor,Normal,Normal,70.0
P_904,Intermediate,Normal,Normal,Normal,55.0
P_905,Normal,Intermediate,Normal,Normal,55.0
P_906,Intermediate,Normal,Normal,Normal,55.0
P_907,Intermediate,Poor,Normal,Poor,99.0
P_908,Normal,Intermediate,Normal,Normal,55.0
P_909,Normal,Intermediate,Normal,Poor,85.0
P_910,Normal,Poor,Poor,Intermediate,99.0
P_911,Intermediate,Normal,Intermediate,Normal,70.0
P_912,Intermediate,Normal,Normal,Poor,85.0
P_913,Intermediate,Intermediate,Normal,Normal,70.0
P_914,Normal,Normal,Normal,Intermediate,55.0
P_915,Normal,Intermediate,Poor,Normal,85.0
P_916,Normal,Normal,Normal,Normal,40.0
P_917,Intermediate,Intermediate,Intermediate,Intermediate,99.0
P_918,Poor,Normal,Normal,Normal,70.0
P_919,Intermediate,Normal,Normal,Normal,55.0
P_920,Intermediate,Normal,Normal,Normal,55.0
P_921,Intermediate,Normal,Poor,Intermediate,99.0
P_922,Normal,Normal,Intermediate,Poor,85.0
P_923,Intermediate,Normal,Normal,Intermediate,70.0
P_924,Normal,Normal,Normal,Normal,40.0
P_925,Normal,Normal,Intermediate,Normal,55.0
P_926,Intermediate,Normal,Normal,Intermediate,70.0
P_927,Normal,Intermediate,Poor,Poor,99.0
P_928,Normal,Normal,Normal,Normal,40.0
P_929,Normal,Normal,Normal,Normal,40.0
P_930,Normal,Normal,Poor,Normal,70.0
P_931,Poor,Normal,Poor,Normal,99.0
P_932,Normal,Intermediate,Normal,Intermediate,70.0
P_933,Intermediate,Normal,Intermediate,Normal,70.0
P_934,Normal,Normal,Normal,Normal,40.0
P_935,Normal,Normal,Normal,Intermediate,55.0
P_936,Normal,Intermediate,Normal,Poor,85.0
P_937,Intermediate,Intermediate,Normal,Normal,70.0
P_938,Intermediate,Normal,Intermediate,Normal,70.0
P_939,Normal,Intermediate,Normal,Intermediate,70.0
P_940,Normal,Intermediate,Poor,Poor,99.0
P_941,Intermediate,Normal,Normal,Poor,85.0
P_942,Intermediate,Poor,Normal,Normal,85.0
P_943,Normal,Normal,Normal,Normal,40.0
P_944,Normal,Normal,Normal,Normal,40.0
P_945,Normal,Intermediate,Intermediate,Normal,70.0
P_946,Intermediate,Normal,Normal,Normal,55.0
P_947,Normal,Intermediate,Intermediate,Intermediate,85.0
P_948,Normal,Intermediate,Intermediate,Normal,70.0
P_949,Intermediate,Normal,Normal,Intermediate,70.0
P_950,Normal,Normal,Intermediate,Normal,55.0
P_951,Normal,Normal,Normal,Intermediate,55.0
P_952,Normal,Normal,Normal,Normal,40.0
P_953,Poor,Normal,Intermediate,Normal,85.0
P_954,Normal,Normal,Intermediate,Normal,55.0
P_955,Poor,Intermediate,Intermediate,Normal,99.0
P_956,Intermediate,Normal,Intermediate,Normal,70.0
P_957,Poor,Normal,Poor,Normal,99.0
P_958,Intermediate,Intermediate,Normal,Normal,70.0
P_959,Intermediate,Normal,Intermediate,Intermediate,85.0
P_960,Intermediate,Normal,Normal,Normal,55.0
P_961,Intermediate,Normal,Intermediate,Normal,70.0
P_962,Normal,Poor,Poor,Normal,99.0
P_963,Normal,Normal,Normal,Normal,40.0
P_964,Intermediate,Normal,Normal,Intermediate,70.0
P_965,Poor,Normal,Intermediate,Intermediate,99.0
P_966,Normal,Normal,Normal,Intermediate,55.0
P_967,Intermediate,Normal,Normal,Normal,55.0
P_968,Poor,Normal,Normal,Intermediate,85.0
P_969,Intermediate,Normal,Poor,Normal,85.0
P_970,Intermediate,Normal,Normal,Intermediate,70.0
P_971,Poor,Poor,Intermediate,Intermediate,99.0
P_972,Normal,Normal,Intermediate,Normal,55.0
P_973,Intermediate,Normal,Normal,Intermediate,70.0
P_974,Intermediate,Normal,Normal,Intermediate,70.0
P_975,Normal,Intermediate,Normal,Intermediate,70.0
P_976,Normal,Poor,Normal,Normal,70.0
P_977,Normal,Normal,Intermediate,Normal,55.0
P_978,Intermediate,Normal,Poor,Normal,85.0
P_979,Normal,Intermediate,Normal,Normal,55.0
P_980,Normal,Normal,Normal,Normal,40.0
P_981,Normal,Normal,Intermediate,Intermediate,70.0
P_982,Intermediate,Intermediate,Normal,Normal,70.0
P_983,Normal,Intermediate,Intermediate,Normal,70.0
P_984,Normal,Normal,Intermediate,Normal,55.0
P_985,Normal,Normal,Intermediate,Normal,55.0
P_986,Intermediate,Normal,Intermediate,Normal,70.0
P_987,Normal,Poor,Normal,Normal,70.0
P_988,Normal,Normal,Intermediate,Poor,85.0
P_989,Normal,Normal,Intermediate,Normal,55.0
P_990,Normal,Poor,Normal,Poor,99.0
P_991,Normal,Normal,Intermediate,Intermediate,70.0
P_992,Poor,Normal,Intermediate,Normal,85.0
P_993,Normal,Intermediate,Normal,Normal,55.0
P_994,Intermediate,Intermediate,Poor,Normal,99.0
P_995,Normal,Normal,Normal,Poor,70.0
P_996,Intermediate,Normal,Intermediate,Intermediate,85.0
P_997,Normal,Intermediate,Normal,Normal,55.0
P_998,Normal,Poor,Normal,Intermediate,85.0
P_999,Intermediate,Normal,Intermediate,Normal,70.0
P_1000,Normal,Intermediate,Normal,Normal,55.0
P_1001,Normal,Intermediate,Intermediate,Intermediate,85.0
P_1002,Normal,Normal,Intermediate,Normal,55.0
P_1003,Normal,Normal,Normal,Normal,40.0
P_1004,Intermediate,Normal,Normal,Intermediate,70.0
P_1005,Normal,Intermediate,Normal,Intermediate,70.0
P_1006,Poor,Intermediate,Normal,Normal,85.0
P_1007,Intermediate,Normal,Intermediate,Normal,70.0
P_1008,Intermediate,Normal,Intermediate,Normal,70.0
P_1009,Normal,Normal,Normal,Normal,40.0
P_1010,Normal,Normal,Normal,Poor,70.0
P_1011,Intermediate,Intermediate,Poor,Normal,99.0
P_1012,Poor,Normal,Intermediate,Intermediate,99.0
P_1013,Normal,Normal,Intermediate,Normal,55.0
P_1014,Normal,Normal,Normal,Normal,40.0
P_1015,Normal,Intermediate,Intermediate,Normal,70.0
P_1016,Intermediate,Normal,Intermediate,Normal,70.0
P_1017,Poor,Poor,Poor,Normal,99.0
P_1018,Normal,Poor,Normal,Intermediate,85.0
P_1019,Normal,Normal,Intermediate,Normal,55.0
P_1020,Intermediate,Intermediate,Normal,Normal,70.0
P_1021,Normal,Poor,Normal,Normal,70.0
P_1022,Poor,Intermediate,Intermediate,Intermediate,99.0
P_1023,Normal,Normal,Normal,Normal,40.0
P_1024,Normal,Intermediate,Intermediate,Normal,70.0
P_1025,Normal,Normal,Intermediate,Normal,55.0
P_1026,Normal,Intermediate,Normal,Normal,55.0
P_1027,Normal,Poor,Normal,Normal,70.0
P_1028,Intermediate,Intermediate,Normal,Normal,70.0
P_1029,Normal,Intermediate,Intermediate,Normal,70.0
P_1030,Intermediate,Poor,Normal,Normal,85.0
P_1031,Poor,Intermediate,Normal,Intermediate,99.0
P_1032,Intermediate,Normal,Intermediate,Normal,70.0
P_1033,Intermediate,Normal,Normal,Normal,55.0
P_1034,Intermediate,Normal,Normal,Normal,55.0
P_1035,Intermediate,Normal,Normal,Normal,55.0
P_1036,Intermediate,Normal,Normal,Normal,55.0
P_1037,Intermediate,Normal,Normal,Normal,55.0
P_1038,Intermediate,Poor,Poor,Normal,99.0
P_1039,Normal,Normal,Poor,Intermediate,85.0
P_1040,Normal,Intermediate,Poor,Normal,85.0
P_1041,Intermediate,Normal,Normal,Normal,55.0
P_1042,Intermediate,Intermediate,Normal,Normal,70.0
P_1043,Normal,Normal,Intermediate,Normal,55.0
P_1044,Intermediate,Normal,Intermediate,Intermediate,85.0
P_1045,Normal,Intermediate,Normal,Normal,55.0
P_1046,Intermediate,Normal,Poor,Intermediate,99.0
P_1047,Normal,Normal,Normal,Intermediate,55.0
P_1048,Intermediate,Normal,Intermediate,Normal,70.0
P_1049,Intermediate,Normal,Poor,Intermediate,99.0
P_1050,Intermediate,Intermediate,Normal,Normal,70.0
P_1051,Poor,Intermediate,Intermediate,Normal,99.0
P_1052,Intermediate,Normal,Normal,Normal,55.0
P_1053,Normal,Normal,Intermediate,Normal,55.0
P_1054,Poor,Poor,Normal,Normal,99.0
P_1055,Poor,Intermediate,Normal,Intermediate,99.0
P_1056,Intermediate,Intermediate,Poor,Normal,99.0
P_1057,Poor,Intermediate,Poor,Normal,99.0
P_1058,Normal,Intermediate,Normal,Normal,55.0
P_1059,Intermediate,Intermediate,Intermediate,Intermediate,99.0
P_1060,Intermediate,Poor,Normal,Intermediate,99.0
P_1061,Normal,Intermediate,Normal,Intermediate,70.0
P_1062,Normal,Intermediate,Poor,Normal,85.0
P_1063,Normal,Normal,Intermediate,Normal,55.0
P_1064,Normal,Normal,Poor,Normal,70.0
P_1065,Intermediate,Normal,Intermediate,Poor,99.0
P_1066,Intermediate,Poor,Intermediate,Intermediate,99.0
P_1067,Intermediate,Poor,Intermediate,Normal,99.0
P_1068,Normal,Intermediate,Poor,Intermediate,99.0
P_1069,Normal,Intermediate,Normal,Poor,85.0
P_1070,Intermediate,Normal,Normal,Poor,85.0
P_1071,Normal,Normal,Normal,Intermediate,55.0
P_1072,Poor,Normal,Normal,Normal,70.0
P_1073,Intermediate,Intermediate,Normal,Normal,70.0
P_1074,Poor,Normal,Normal,Poor,99.0
P_1075,Poor,Intermediate,Intermediate,Intermediate,99.0
P_1076,Normal,Normal,Normal,Intermediate,55.0
P_1077,Normal,Intermediate,Normal,Poor,85.0
P_1078,Normal,Normal,Poor,Intermediate,85.0
P_1079,Poor,Normal,Intermediate,Poor,99.0
P_1080,Normal,Normal,Poor,Poor,99.0
P_1081,Intermediate,Intermediate,Intermediate,Intermediate,99.0
P_1082,Normal,Normal,Normal,Intermediate,55.0
P_1083,Intermediate,Normal,Normal,Normal,55.0
P_1084,Normal,Normal,Normal,Normal,40.0
P_1085,Normal,Normal,Intermediate,Normal,55.0
P_1086,Normal,Intermediate,Poor,Normal,85.0
P_1087,Normal,Normal,Normal,Poor,70.0
P_1088,Normal,Normal,Poor,Intermediate,85.0
P_1089,Normal,Normal,Intermediate,Normal,55.0
P_1090,Normal,Intermediate,Intermediate,Intermediate,85.0
P_1091,Intermediate,Normal,Normal,Normal,55.0
P_1092,Intermediate,Normal,Normal,Normal,55.0
P_1093,Normal,Intermediate,Intermediate,Intermediate,85.0
P_1094,Intermediate,Intermediate,Normal,Normal,70.0
P_1095,Normal,Poor,Intermediate,Normal,85.0
P_1096,Normal,Normal,Intermediate,Normal,55.0
P_1097,Intermediate,Normal,Intermediate,Normal,70.0
P_1098,Poor,Intermediate,Intermediate,Normal,99.0
P_1099,Normal,Intermediate,Intermediate,Normal,70.0
P_1100,Intermediate,Intermediate,Intermediate,Intermediate,99.0
P_1101,Normal,Normal,Intermediate,Normal,55.0
P_1102,Normal,Normal,Normal,Normal,40.0
P_1103,Poor,Poor,Normal,Normal,99.0
P_1104,Intermediate,Intermediate,Intermediate,Normal,85.0
P_1105,Normal,Normal,Normal,Normal,40.0
P_1106,Normal,Normal,Intermediate,Normal,55.0
P_1107,Normal,Intermediate,Poor,Poor,99.0
P_1108,Normal,Normal,Normal,Intermediate,55.0
P_1109,Normal,Normal,Normal,Intermediate,55.0
P_1110,Normal,Intermediate,Intermediate,Normal,70.0
P_1111,Intermediate,Normal,Intermediate,Normal,70.0
P_1112,Normal,Intermediate,Poor,Normal,85.0
P_1113,Poor,Normal,Normal,Normal,70.0
P_1114,Normal,Intermediate,Normal,Normal,55.0
P_1115,Normal,Intermediate,Normal,Intermediate,70.0
P_1116,Normal,Poor,Normal,Poor,99.0
P_1117,Normal,Intermediate,Intermediate,Intermediate,85.0
P_1118,Normal,Normal,Normal,Intermediate,55.0
P_1119,Normal,Intermediate,Normal,Normal,55.0
P_1120,Intermediate,Normal,Normal,Normal,55.0
P_1121,Intermediate,Normal,Normal,Normal,55.0
P_1122,Normal,Normal,Normal,Poor,70.0
P_1123,Intermediate,Normal,Normal,Normal,55.0
P_1124,Intermediate,Poor,Intermediate,Normal,99.0
P_1125,Normal,Intermediate,Poor,Intermediate,99.0
P_1126,Normal,Intermediate,Normal,Normal,55.0
P_1127,Intermediate,Normal,Normal,Normal,55.0
P_1128,Poor,Normal,Normal,Intermediate,85.0
P_1129,Normal,Intermediate,Normal,Intermediate,70.0
P_1130,Normal,Intermediate,Intermediate,Intermediate,85.0
P_1131,Poor,Intermediate,Normal,Normal,85.0
P_1132,Normal,Normal,Normal,Intermediate,55.0
P_1133,Normal,Normal,Poor,Normal,70.0
P_1134,Intermediate,Normal,Normal,Normal,55.0
P_1135,Normal,Intermediate,Normal,Normal,55.0
P_1136,Normal,Normal,Normal,Normal,40.0
P_1137,Intermediate,Normal,Normal,Normal,55.0
P_1138,Intermediate,Intermediate,Normal,Intermediate,85.0
P_1139,Normal,Normal,Intermediate,Normal,55.0
P_1140,Normal,Normal,Normal,Normal,40.0
P_1141,Normal,Intermediate,Intermediate,Intermediate,85.0
P_1142,Normal,Intermediate,Intermediate,Normal,70.0
P_1143,Intermediate,Normal,Normal,Normal,55.0
P_1144,Normal,Intermediate,Normal,Intermediate,70.0
P_1145,Normal,Normal,Normal,Intermediate,55.0
P_1146,Poor,Normal,Normal,Intermediate,85.0
P_1147,Normal,Normal,Intermediate,Intermediate,70.0
P_1148,Intermediate,Normal,Normal,Normal,55.0
P_1149,Poor,Intermediate,Intermediate,Intermediate,99.0
P_1150,Normal,Normal,Normal,Normal,40.0
P_1151,Intermediate,Normal,Normal,Normal,55.0
P_1152,Normal,Normal,Intermediate,Intermediate,70.0
P_1153,Intermediate,Intermediate,Intermediate,Normal,85.0
P_1154,Normal,Normal,Normal,Intermediate,55.0
P_1155,Normal,Normal,Normal,Intermediate,55.0
P_1156,Normal,Normal,Intermediate,Intermediate,70.0
P_1157,Normal,Normal,Normal,Intermediate,55.0
P_1158,Poor,Intermediate,Normal,Intermediate,99.0
P_1159,Poor,Normal,Normal,Normal,70.0
P_1160,Normal,Poor,Intermediate,Intermediate,99.0
P_1161,Normal,Normal,Poor,Poor,99.0
P_1162,Normal,Normal,Normal,Normal,40.0
P_1163,Normal,Normal,Normal,Intermediate,55.0
P_1164,Normal,Normal,Normal,Intermediate,55.0
P_1165,Intermediate,Normal,Normal,Intermediate,70.0
P_1166,Normal,Intermediate,Normal,Intermediate,70.0
P_1167,Normal,Intermediate,Normal,Normal,55.0
P_1168,Normal,Normal,Normal,Intermediate,55.0
P_1169,Intermediate,Normal,Normal,Normal,55.0
P_1170,Normal,Intermediate,Normal,Normal,55.0
P_1171,Normal,Poor,Normal,Normal,70.0
P_1172,Normal,Poor,Normal,Intermediate,85.0
P_1173,Normal,Poor,Intermediate,Normal,85.0
P_1174,Poor,Intermediate,Normal,Normal,85.0
P_1175,Normal,Normal,Poor,Normal,70.0
P_1176,Normal,Normal,Intermediate,Normal,55.0
P_1177,Normal,Normal,Poor,Normal,70.0
P_1178,Normal,Normal,Poor,Normal,70.0
P_1179,Normal,Normal,Intermediate,Intermediate,70.0
P_1180,Intermediate,Intermediate,Normal,Intermediate,85.0
P_1181,Intermediate,Intermediate,Normal,Intermediate,85.0
P_1182,Normal,Poor,Normal,Normal,70.0
P_1183,Normal,Intermediate,Normal,Intermediate,70.0
P_1184,Normal,Normal,Intermediate,Normal,55.0
P_1185,Normal,Normal,Normal,Poor,70.0
P_1186,Normal,Intermediate,Intermediate,Normal,70.0
P_1187,Normal,Normal,Normal,Intermediate,55.0
P_1188,Normal,Normal,Intermediate,Intermediate,70.0
P_1189,Poor,Intermediate,Normal,Normal,85.0
P_1190,Normal,Normal,Intermediate,Normal,55.0
P_1191,Intermediate,Intermediate,Poor,Normal,99.0
P_1192,Intermediate,Intermediate,Poor,Normal,99.0
P_1193,Normal,Normal,Normal,Normal,40.0
P_1194,Intermediate,Normal,Intermediate,Normal,70.0
P_1195,Intermediate,Intermediate,Normal,Normal,70.0
P_1196,Normal,Normal,Poor,Normal,70.0
P_1197,Normal,Normal,Normal,Intermediate,55.0
P_1198,Poor,Normal,Intermediate,Normal,85.0
P_1199,Normal,Normal,Normal,Normal,40.0
P_1200,Normal,Normal,Intermediate,Normal,55.0
P_1201,Normal,Intermediate,Normal,Normal,55.0
P_1202,Poor,Normal,Normal,Normal,70.0
P_1203,Normal,Intermediate,Normal,Poor,85.0
P_1204,Normal,Poor,Normal,Intermediate,85.0
P_1205,Normal,Normal,Normal,Normal,40.0
P_1206,Normal,Normal,Poor,Intermediate,85.0
P_1207,Normal,Normal,Normal,Normal,40.0
P_1208,Normal,Normal,Normal,Normal,40.0
P_1209,Normal,Intermediate,Poor,Normal,85.0
P_1210,Normal,Normal,Normal,Intermediate,55.0
P_1211,Normal,Normal,Normal,Normal,40.0
P_1212,Normal,Normal,Intermediate,Intermediate,70.0
P_1213,Normal,Normal,Normal,Intermediate,55.0
P_1214,Normal,Normal,Normal,Intermediate,55.0
P_1215,Intermediate,Normal,Poor,Intermediate,99.0
P_1216,Normal,Normal,Normal,Intermediate,55.0
P_1217,Normal,Normal,Normal,Normal,40.0
P_1218,Intermediate,Intermediate,Poor,Intermediate,99.0
P_1219,Intermediate,Normal,Intermediate,Normal,70.0
P_1220,Intermediate,Intermediate,Normal,Intermediate,85.0
P_1221,Normal,Intermediate,Normal,Normal,55.0
P_1222,Intermediate,Normal,Intermediate,Normal,70.0
P_1223,Poor,Intermediate,Normal,Poor,99.0
P_1224,Normal,Normal,Normal,Intermediate,55.0
P_1225,Normal,Normal,Intermediate,Normal,55.0
P_1226,Intermediate,Intermediate,Normal,Normal,70.0
P_1227,Normal,Normal,Normal,Normal,40.0
P_1228,Poor,Normal,Poor,Normal,99.0
P_1229,Normal,Normal,Normal,Normal,40.0
P_1230,Normal,Normal,Normal,Normal,40.0
P_1231,Normal,Normal,Normal,Normal,40.0
P_1232,Normal,Normal,Normal,Normal,40.0
P_1233,Normal,Normal,Poor,Intermediate,85.0
P_1234,Intermediate,Intermediate,Normal,Normal,70.0
P_1235,Normal,Normal,Normal,Poor,70.0
P_1236,Normal,Normal,Normal,Intermediate,55.0
P_1237,Normal,Normal,Normal,Intermediate,55.0
P_1238,Normal,Normal,Intermediate,Normal,55.0
P_1239,Normal,Normal,Poor,Normal,70.0
P_1240,Intermediate,Intermediate,Poor,Poor,99.0
P_1241,Normal,Intermediate,Normal,Normal,55.0
P_1242,Intermediate,Normal,Intermediate,Normal,70.0
P_1243,Normal,Normal,Intermediate,Normal,55.0
P_1244,Intermediate,Intermediate,Normal,Intermediate,85.0
P_1245,Normal,Normal,Intermediate,Normal,55.0
P_1246,Normal,Normal,Intermediate,Intermediate,70.0
P_1247,Intermediate,Intermediate,Normal,Intermediate,85.0
P_1248,Normal,Normal,Poor,Normal,70.0
P_1249,Normal,Normal,Normal,Intermediate,55.0
P_1250,Normal,Normal,Normal,Intermediate,55.0
P_1251,Intermediate,Intermediate,Intermediate,Normal,85.0
P_1252,Normal,Normal,Normal,Normal,40.0
P_1253,Normal,Normal,Intermediate,Normal,55.0
P_1254,Normal,Poor,Normal,Intermediate,85.0
P_1255,Normal,Poor,Poor,Intermediate,99.0
P_1256,Normal,Normal,Normal,Normal,40.0
P_1257,Poor,Normal,Intermediate,Normal,85.0
P_1258,Normal,Normal,Normal,Normal,40.0
P_1259,Intermediate,Normal,Normal,Normal,55.0
P_1260,Normal,Normal,Normal,Intermediate,55.0
P_1261,Normal,Normal,Normal,Intermediate,55.0
P_1262,Normal,Intermediate,Intermediate,Normal,70.0
P_1263,Normal,Intermediate,Normal,Normal,55.0
P_1264,Normal,Normal,Normal,Normal,40.0
P_1265,Normal,Normal,Normal,Normal,40.0
P_1266,Intermediate,Normal,Normal,Normal,55.0
P_1267,Poor,Normal,Poor,Intermediate,99.0
P_1268,Intermediate,Intermediate,Intermediate,Normal,85.0
P_1269,Normal,Intermediate,Normal,Normal,55.0
P_1270,Intermediate,Normal,Intermediate,Intermediate,85.0
P_1271,Normal,Normal,Normal,Normal,40.0
P_1272,Intermediate,Normal,Poor,Intermediate,99.0
P_1273,Normal,Normal,Normal,Normal,40.0
P_1274,Intermediate,Poor,Normal,Intermediate,99.0
P_1275,Intermediate,Normal,Normal,Intermediate,70.0
P_1276,Intermediate,Normal,Normal,Normal,55.0
P_1277,Normal,Normal,Normal,Normal,40.0
P_1278,Intermediate,Intermediate,Intermediate,Normal,85.0
P_1279,Normal,Normal,Normal,Normal,40.0
P_1280,Normal,Intermediate,Normal,Normal,55.0
P_1281,Poor,Intermediate,Normal,Normal,85.0
P_1282,Normal,Intermediate,Normal,Intermediate,70.0
P_1283,Intermediate,Poor,Intermediate,Normal,99.0
P_1284,Normal,Normal,Normal,Intermediate,55.0
P_1285,Normal,Normal,Normal,Normal,40.0
P_1286,Poor,Intermediate,Normal,Intermediate,99.0
P_1287,Normal,Intermediate,Normal,Intermediate,70.0
P_1288,Normal,Intermediate,Intermediate,Poor,99.0
P_1289,Normal,Normal,Intermediate,Intermediate,70.0
P_1290,Normal,Normal,Intermediate,Intermediate,70.0
P_1291,Normal,Normal,Intermediate,Intermediate,70.0
P_1292,Intermediate,Normal,Poor,Normal,85.0
P_1293,Normal,Normal,Normal,Normal,40.0
P_1294,Normal,Normal,Normal,Normal,40.0
P_1295,Normal,Normal,Intermediate,Poor,85.0
P_1296,Normal,Normal,Normal,Normal,40.0
P_1297,Normal,Intermediate,Normal,Poor,85.0
P_1298,Normal,Intermediate,Normal,Normal,55.0
P_1299,Normal,Normal,Normal,Normal,40.0
P_1300,Poor,Poor,Poor,Normal,99.0
P_1301,Normal,Intermediate,Normal,Intermediate,70.0
P_1302,Intermediate,Normal,Intermediate,Normal,70.0
P_1303,Intermediate,Intermediate,Normal,Normal,70.0
P_1304,Normal,Normal,Normal,Normal,40.0
P_1305,Normal,Normal,Intermediate,Normal,55.0
P_1306,Normal,Normal,Normal,Poor,70.0
P_1307,Normal,Intermediate,Normal,Normal,55.0
P_1308,Poor,Normal,Intermediate,Normal,85.0
P_1309,Normal,Normal,Poor,Normal,70.0
P_1310,Poor,Normal,Normal,Normal,70.0
P_1311,Intermediate,Intermediate,Normal,Intermediate,85.0
P_1312,Normal,Poor,Intermediate,Normal,85.0
P_1313,Normal,Poor,Normal,Normal,70.0
P_1314,Normal,Normal,Intermediate,Normal,55.0
P_1315,Normal,Normal,Normal,Poor,70.0
P_1316,Normal,Normal,Normal,Normal,40.0
P_1317,Normal,Normal,Intermediate,Normal,55.0
P_1318,Intermediate,Poor,Poor,Intermediate,99.0
P_1319,Normal,Normal,Intermediate,Intermediate,70.0
P_1320,Normal,Normal,Normal,Intermediate,55.0
P_1321,Poor,Intermediate,Intermediate,Normal,99.0
P_1322,Normal,Intermediate,Normal,Intermediate,70.0
P_1323,Normal,Normal,Intermediate,Intermediate,70.0
P_1324,Normal,Normal,Intermediate,Intermediate,70.0
P_1325,Normal,Normal,Normal,Normal,40.0
P_1326,Normal,Intermediate,Normal,Normal,55.0
P_1327,Intermediate,Normal,Intermediate,Normal,70.0
P_1328,Normal,Normal,Normal,Normal,40.0
P_1329,Normal,Normal,Poor,Normal,70.0
P_1330,Normal,Normal,Intermediate,Intermediate,70.0
P_1331,Poor,Normal,Normal,Normal,70.0
P_1332,Intermediate,Normal,Normal,Normal,55.0
P_1333,Normal,Normal,Normal,Normal,40.0
P_1334,Normal,Poor,Normal,Intermediate,85.0
P_1335,Normal,Normal,Poor,Normal,70.0
P_1336,Normal,Intermediate,Normal,Normal,55.0
P_1337,Intermediate,Normal,Normal,Normal,55.0
P_1338,Normal,Intermediate,Normal,Normal,55.0
P_1339,Intermediate,Intermediate,Normal,Normal,70.0
P_1340,Normal,Normal,Intermediate,Intermediate,70.0
P_1341,Normal,Normal,Poor,Intermediate,85.0
P_1342,Poor,Normal,Normal,Normal,70.0
P_1343,Normal,Normal,Normal,Intermediate,55.0
P_1344,Intermediate,Normal,Normal,Intermediate,70.0
P_1345,Normal,Intermediate,Normal,Intermediate,70.0
P_1346,Normal,Normal,Normal,Intermediate,55.0
P_1347,Normal,Normal,Normal,Poor,70.0
P_1348,Normal,Intermediate,Poor,Poor,99.0
P_1349,Normal,Intermediate,Normal,Normal,55.0
P_1350,Normal,Normal,Poor,Poor,99.0
P_1351,Normal,Intermediate,Intermediate,Poor,99.0
P_1352,Normal,Normal,Poor,Normal,70.0
P_1353,Normal,Normal,Normal,Normal,40.0
P_1354,Intermediate,Normal,Intermediate,Intermediate,85.0
P_1355,Normal,Normal,Poor,Normal,70.0
P_1356,Normal,Intermediate,Normal,Poor,85.0
P_1357,Normal,Normal,Normal,Intermediate,55.0
P_1358,Normal,Intermediate,Intermediate,Normal,70.0
P_1359,Normal,Intermediate,Normal,Normal,55.0
P_1360,Normal,Normal,Normal,Normal,40.0
P_1361,Normal,Normal,Normal,Normal,40.0
P_1362,Intermediate,Normal,Normal,Intermediate,70.0
P_1363,Intermediate,Intermediate,Normal,Normal,70.0
P_1364,Intermediate,Normal,Intermediate,Intermediate,85.0
P_1365,Normal,Normal,Intermediate,Normal,55.0
P_1366,Normal,Normal,Intermediate,Normal,55.0
P_1367,Normal,Normal,Poor,Intermediate,85.0
P_1368,Normal,Poor,Intermediate,Normal,85.0
P_1369,Intermediate,Normal,Normal,Normal,55.0
P_1370,Normal,Intermediate,Poor,Normal,85.0
P_1371,Normal,Normal,Normal,Normal,40.0
P_1372,Normal,Intermediate,Intermediate,Intermediate,85.0
P_1373,Normal,Intermediate,Normal,Normal,55.0
P_1374,Normal,Normal,Intermediate,Normal,55.0
P_1375,Intermediate,Normal,Normal,Normal,55.0
P_1376,Intermediate,Intermediate,Normal,Normal,70.0
P_1377,Normal,Intermediate,Intermediate,Intermediate,85.0
P_1378,Intermediate,Normal,Normal,Normal,55.0
P_1379,Intermediate,Normal,Intermediate,Normal,70.0
P_1380,Intermediate,Normal,Normal,Intermediate,70.0
P_1381,Normal,Poor,Normal,Normal,70.0
P_1382,Poor,Intermediate,Normal,Poor,99.0
P_1383,Intermediate,Normal,Intermediate,Normal,70.0
P_1384,Normal,Normal,Intermediate,Normal,55.0
P_1385,Normal,Normal,Intermediate,Normal,55.0
P_1386,Intermediate,Intermediate,Intermediate,Normal,85.0
P_1387,Normal,Normal,Intermediate,Poor,85.0
P_1388,Intermediate,Normal,Normal,Normal,55.0
P_1389,Normal,Normal,Poor,Intermediate,85.0
P_1390,Intermediate,Intermediate,Normal,Normal,70.0
P_1391,Normal,Normal,Normal,Intermediate,55.0
P_1392,Intermediate,Intermediate,Poor,Normal,99.0
P_1393,Normal,Normal,Normal,Poor,70.0
P_1394,Intermediate,Normal,Intermediate,Intermediate,85.0
P_1395,Poor,Intermediate,Poor,Intermediate,99.0
P_1396,Normal,Intermediate,Intermediate,Normal,70.0
P_1397,Normal,Normal,Normal,Intermediate,55.0
P_1398,Normal,Normal,Intermediate,Normal,55.0
P_1399,Intermediate,Normal,Normal,Intermediate,70.0
P_1400,Poor,Normal,Intermediate,Normal,85.0
P_1401,Intermediate,Intermediate,Normal,Normal,70.0
P_1402,Normal,Normal,Normal,Intermediate,55.0
P_1403,Poor,Normal,Normal,Poor,99.0
P_1404,Normal,Intermediate,Normal,Intermediate,70.0
P_1405,Intermediate,Intermediate,Normal,Normal,70.0
P_1406,Normal,Intermediate,Normal,Intermediate,70.0
P_1407,Intermediate,Normal,Intermediate,Intermediate,85.0
P_1408,Normal,Normal,Normal,Intermediate,55.0
P_1409,Normal,Intermediate,Intermediate,Normal,70.0
P_1410,Normal,Normal,Intermediate,Normal,55.0
P_1411,Intermediate,Intermediate,Intermediate,Poor,99.0
P_1412,Normal,Intermediate,Normal,Normal,55.0
P_1413,Intermediate,Intermediate,Poor,Normal,99.0
P_1414,Normal,Poor,Normal,Normal,70.0
P_1415,Poor,Normal,Normal,Normal,70.0
P_1416,Normal,Normal,Normal,Normal,40.0
P_1417,Normal,Normal,Normal,Intermediate,55.0
P_1418,Normal,Poor,Normal,Intermediate,85.0
P_1419,Normal,Normal,Intermediate,Poor,85.0
P_1420,Normal,Normal,Normal,Normal,40.0
P_1421,Poor,Intermediate,Normal,Intermediate,99.0
P_1422,Normal,Normal,Normal,Normal,40.0
P_1423,Poor,Intermediate,Normal,Intermediate,99.0
P_1424,Normal,Poor,Intermediate,Normal,85.0
P_1425,Intermediate,Poor,Normal,Intermediate,99.0
P_1426,Normal,Normal,Normal,Intermediate,55.0
P_1427,Normal,Normal,Normal,Poor,70.0
P_1428,Intermediate,Poor,Normal,Intermediate,99.0
P_1429,Normal,Normal,Normal,Intermediate,55.0
P_1430,Normal,Normal,Normal,Intermediate,55.0
P_1431,Normal,Normal,Normal,Normal,40.0
P_1432,Normal,Intermediate,Poor,Normal,85.0
P_1433,Intermediate,Normal,Intermediate,Normal,70.0
P_1434,Normal,Intermediate,Intermediate,Intermediate,85.0
P_1435,Intermediate,Normal,Intermediate,Normal,70.0
P_1436,Normal,Normal,Intermediate,Intermediate,70.0
P_1437,Poor,Normal,Normal,Normal,70.0
P_1438,Intermediate,Normal,Normal,Normal,55.0
P_1439,Normal,Poor,Poor,Normal,99.0
P_1440,Intermediate,Normal,Normal,Normal,55.0
P_1441,Intermediate,Normal,Normal,Poor,85.0
P_1442,Intermediate,Intermediate,Normal,Normal,70.0
P_1443,Normal,Intermediate,Normal,Poor,85.0
P_1444,Intermediate,Intermediate,Normal,Normal,70.0
P_1445,Normal,Poor,Normal,Normal,70.0
P_1446,Poor,Intermediate,Normal,Normal,85.0
P_1447,Normal,Normal,Intermediate,Normal,55.0
P_1448,Intermediate,Normal,Normal,Normal,55.0
P_1449,Intermediate,Normal,Intermediate,Normal,70.0
P_1450,Intermediate,Normal,Normal,Normal,55.0
P_1451,Poor,Intermediate,Normal,Intermediate,99.0
P_1452,Intermediate,Normal,Normal,Intermediate,70.0
P_1453,Poor,Normal,Normal,Normal,70.0
P_1454,Intermediate,Intermediate,Normal,Normal,70.0
P_1455,Normal,Normal,Normal,Intermediate,55.0
P_1456,Normal,Intermediate,Intermediate,Normal,70.0
P_1457,Intermediate,Normal,Normal,Intermediate,70.0
P_1458,Poor,Intermediate,Normal,Intermediate,99.0
P_1459,Normal,Intermediate,Poor,Intermediate,99.0
P_1460,Normal,Poor,Poor,Normal,99.0
P_1461,Normal,Normal,Normal,Poor,70.0
P_1462,Normal,Normal,Normal,Normal,40.0
P_1463,Normal,Normal,Normal,Normal,40.0
P_1464,Intermediate,Intermediate,Intermediate,Normal,85.0
P_1465,Normal,Intermediate,Intermediate,Normal,70.0
P_1466,Poor,Normal,Intermediate,Normal,85.0
P_1467,Poor,Intermediate,Intermediate,Normal,99.0
P_1468,Normal,Normal,Normal,Normal,40.0
P_1469,Intermediate,Intermediate,Normal,Intermediate,85.0
P_1470,Normal,Normal,Normal,Intermediate,55.0
P_1471,Intermediate,Poor,Normal,Intermediate,99.0
P_1472,Intermediate,Intermediate,Normal,Normal,70.0
P_1473,Poor,Intermediate,Normal,Poor,99.0
P_1474,Normal,Intermediate,Normal,Normal,55.0
P_1475,Normal,Poor,Normal,Normal,70.0
P_1476,Normal,Intermediate,Normal,Normal,55.0
P_1477,Normal,Normal,Normal,Intermediate,55.0
P_1478,Normal,Normal,Intermediate,Normal,55.0
P_1479,Normal,Normal,Normal,Normal,40.0
P_1480,Normal,Normal,Poor,Normal,70.0
P_1481,Normal,Intermediate,Intermediate,Intermediate,85.0
P_1482,Intermediate,Normal,Intermediate,Intermediate,85.0
P_1483,Normal,Poor,Normal,Normal,70.0
P_1484,Normal,Poor,Normal,Normal,70.0
P_1485,Normal,Normal,Poor,Poor,99.0
P_1486,Normal,Intermediate,Normal,Normal,55.0
P_1487,Normal,Normal,Intermediate,Normal,55.0
P_1488,Intermediate,Intermediate,Normal,Normal,70.0
P_1489,Intermediate,Intermediate,Normal,Normal,70.0
P_1490,Normal,Normal,Normal,Normal,40.0
P_1491,Intermediate,Normal,Intermediate,Normal,70.0
P_1492,Normal,Normal,Intermediate,Intermediate,70.0
P_1493,Normal,Normal,Poor,Normal,70.0
P_1494,Normal,Normal,Normal,Normal,40.0
P_1495,Normal,Normal,Normal,Normal,40.0
P_1496,Normal,Normal,Normal,Normal,40.0
P_1497,Poor,Intermediate,Normal,Intermediate,99.0
P_1498,Intermediate,Normal,Normal,Normal,55.0
P_1499,Normal,Intermediate,Normal,Normal,55.0
P_1500,Intermediate,Intermediate,Normal,Poor,99.0
P_1501,Intermediate,Intermediate,Normal,Intermediate,85.0
P_1502,Intermediate,Normal,Normal,Normal,55.0
P_1503,Intermediate,Normal,Normal,Poor,85.0
P_1504,Normal,Normal,Normal,Normal,40.0
P_1505,Normal,Poor,Normal,Intermediate,85.0
P_1506,Normal,Intermediate,Normal,Intermediate,70.0
P_1507,Intermediate,Normal,Intermediate,Intermediate,85.0
P_1508,Normal,Normal,Intermediate,Intermediate,70.0
P_1509,Normal,Normal,Normal,Normal,40.0
P_1510,Intermediate,Normal,Normal,Normal,55.0
P_1511,Normal,Normal,Normal,Normal,40.0
P_1512,Normal,Normal,Normal,Normal,40.0
P_1513,Normal,Normal,Intermediate,Poor,85.0
P_1514,Normal,Normal,Intermediate,Normal,55.0
P_1515,Intermediate,Normal,Normal,Intermediate,70.0
P_1516,Intermediate,Poor,Normal,Normal,85.0
P_1517,Intermediate,Normal,Intermediate,Normal,70.0
P_1518,Normal,Intermediate,Intermediate,Normal,70.0
P_1519,Normal,Normal,Intermediate,Normal,55.0
P_1520,Intermediate,Intermediate,Intermediate,Normal,85.0
P_1521,Poor,Intermediate,Intermediate,Intermediate,99.0
P_1522,Intermediate,Normal,Normal,Normal,55.0
P_1523,Normal,Intermediate,Intermediate,Normal,70.0
P_1524,Intermediate,Intermediate,Poor,Intermediate,99.0
P_1525,Normal,Normal,Normal,Normal,40.0
P_1526,Intermediate,Intermediate,Normal,Normal,70.0
P_1527,Normal,Normal,Normal,Normal,40.0
P_1528,Normal,Poor,Intermediate,Normal,85.0
P_1529,Intermediate,Poor,Normal,Normal,85.0
P_1530,Intermediate,Normal,Normal,Intermediate,70.0
P_1531,Poor,Normal,Intermediate,Intermediate,99.0
P_1532,Intermediate,Normal,Intermediate,Normal,70.0
P_1533,Normal,Normal,Intermediate,Normal,55.0
P_1534,Normal,Normal,Normal,Intermediate,55.0
P_1535,Normal,Intermediate,Poor,Normal,85.0
P_1536,Poor,Normal,Normal,Normal,70.0
P_1537,Normal,Poor,Intermediate,Normal,85.0
P_1538,Intermediate,Normal,Normal,Poor,85.0
P_1539,Intermediate,Normal,Intermediate,Normal,70.0
P_1540,Poor,Normal,Normal,Intermediate,85.0
P_1541,Normal,Intermediate,Poor,Normal,85.0
P_1542,Normal,Poor,Normal,Normal,70.0
P_1543,Normal,Normal,Intermediate,Normal,55.0
P_1544,Normal,Normal,Poor,Normal,70.0
P_1545,Normal,Normal,Normal,Poor,70.0
P_1546,Intermediate,Normal,Normal,Normal,55.0
P_1547,Normal,Normal,Intermediate,Normal,55.0
P_1548,Intermediate,Poor,Intermediate,Normal,99.0
P_1549,Intermediate,Normal,Intermediate,Poor,99.0
P_1550,Poor,Normal,Intermediate,Normal,85.0
P_1551,Normal,Normal,Normal,Intermediate,55.0
P_1552,Normal,Intermediate,Intermediate,Normal,70.0
P_1553,Normal,Intermediate,Normal,Normal,55.0
P_1554,Normal,Normal,Intermediate,Normal,55.0
P_1555,Normal,Intermediate,Intermediate,Normal,70.0
P_1556,Normal,Normal,Normal,Poor,70.0
P_1557,Normal,Intermediate,Intermediate,Intermediate,85.0
P_1558,Normal,Normal,Normal,Intermediate,55.0
P_1559,Normal,Normal,Poor,Normal,70.0
P_1560,Normal,Intermediate,Normal,Normal,55.0
P_1561,Intermediate,Normal,Normal,Poor,85.0
P_1562,Intermediate,Normal,Intermediate,Intermediate,85.0
P_1563,Normal,Poor,Normal,Intermediate,85.0
P_1564,Intermediate,Normal,Intermediate,Intermediate,85.0
P_1565,Normal,Normal,Normal,Poor,70.0
P_1566,Normal,Normal,Normal,Normal,40.0
P_1567,Normal,Intermediate,Intermediate,Intermediate,85.0
P_1568,Normal,Normal,Normal,Poor,70.0
P_1569,Normal,Normal,Normal,Poor,70.0
P_1570,Poor,Normal,Normal,Intermediate,85.0
P_1571,Normal,Normal,Intermediate,Normal,55.0
P_1572,Normal,Intermediate,Normal,Intermediate,70.0
P_1573,Normal,Normal,Normal,Normal,40.0
P_1574,Intermediate,Normal,Normal,Normal,55.0
P_1575,Normal,Intermediate,Intermediate,Poor,99.0
P_1576,Normal,Intermediate,Normal,Normal,55.0
P_1577,Normal,Normal,Intermediate,Normal,55.0
P_1578,Normal,Normal,Normal,Poor,70.0
P_1579,Intermediate,Normal,Normal,Intermediate,70.0
P_1580,Poor,Poor,Normal,Intermediate,99.0
P_1581,Normal,Normal,Normal,Normal,40.0
P_1582,Intermediate,Normal,Normal,Normal,55.0
P_1583,Normal,Intermediate,Normal,Normal,55.0
P_1584,Intermediate,Normal,Normal,Normal,55.0
P_1585,Intermediate,Normal,Normal,Intermediate,70.0
P_1586,Intermediate,Normal,Intermediate,Poor,99.0
P_1587,Normal,Normal,Intermediate,Normal,55.0
P_1588,Normal,Normal,Normal,Intermediate,55.0
P_1589,Normal,Normal,Normal,Normal,40.0
P_1590,Normal,Normal,Poor,Normal,70.0
P_1591,Intermediate,Poor,Intermediate,Intermediate,99.0
P_1592,Normal,Intermediate,Intermediate,Normal,70.0
P_1593,Normal,Intermediate,Intermediate,Normal,70.0
P_1594,Normal,Intermediate,Normal,Normal,55.0
P_1595,Intermediate,Normal,Normal,Normal,55.0
P_1596,Intermediate,Poor,Normal,Intermediate,99.0
P_1597,Normal,Intermediate,Normal,Normal,55.0
P_1598,Normal,Normal,Normal,Normal,40.0
P_1599,Normal,Intermediate,Intermediate,Intermediate,85.0
P_1600,Normal,Intermediate,Normal,Normal,55.0
P_1601,Normal,Normal,Intermediate,Normal,55.0
P_1602,Intermediate,Normal,Poor,Normal,85.0
P_1603,Normal,Poor,Poor,Intermediate,99.0
P_1604,Poor,Normal,Normal,Intermediate,85.0
P_1605,Poor,Intermediate,Intermediate,Normal,99.0
P_1606,Normal,Normal,Normal,Normal,40.0
P_1607,Intermediate,Intermediate,Normal,Normal,70.0
P_1608,Intermediate,Normal,Intermediate,Normal,70.0
P_1609,Normal,Intermediate,Normal,Intermediate,70.0
P_1610,Intermediate,Normal,Normal,Normal,55.0
P_1611,Normal,Normal,Normal,Normal,40.0
P_1612,Poor,Normal,Intermediate,Intermediate,99.0
P_1613,Normal,Normal,Poor,Intermediate,85.0
P_1614,Intermediate,Normal,Normal,Normal,55.0
P_1615,Normal,Intermediate,Normal,Normal,55.0
P_1616,Intermediate,Normal,Normal,Intermediate,70.0
P_1617,Intermediate,Normal,Normal,Normal,55.0
P_1618,Normal,Normal,Normal,Normal,40.0
P_1619,Normal,Normal,Poor,Normal,70.0
P_1620,Normal,Normal,Normal,Intermediate,55.0
P_1621,Normal,Intermediate,Normal,Normal,55.0
P_1622,Normal,Normal,Intermediate,Normal,55.0
P_1623,Normal,Normal,Intermediate,Intermediate,70.0
P_1624,Normal,Poor,Normal,Normal,70.0
P_1625,Normal,Intermediate,Poor,Normal,85.0
P_1626,Poor,Normal,Intermediate,Intermediate,99.0
P_1627,Normal,Intermediate,Normal,Normal,55.0
P_1628,Intermediate,Normal,Normal,Normal,55.0
P_1629,Normal,Normal,Normal,Normal,40.0
P_1630,Normal,Poor,Normal,Intermediate,85.0
P_1631,Normal,Normal,Normal,Normal,40.0
P_1632,Intermediate,Normal,Normal,Intermediate,70.0
P_1633,Normal,Intermediate,Normal,Normal,55.0
P_1634,Intermediate,Normal,Normal,Normal,55.0
P_1635,Normal,Intermediate,Normal,Poor,85.0
P_1636,Normal,Intermediate,Normal,Normal,55.0
P_1637,Normal,Normal,Intermediate,Poor,85.0
P_1638,Normal,Poor,Normal,Normal,70.0
P_1639,Normal,Intermediate,Normal,Normal,55.0
P_1640,Normal,Intermediate,Normal,Normal,55.0
P_1641,Intermediate,Normal,Normal,Normal,55.0
P_1642,Intermediate,Normal,Intermediate,Intermediate,85.0
P_1643,Normal,Normal,Normal,Normal,40.0
P_1644,Normal,Poor,Normal,Intermediate,85.0
P_1645,Intermediate,Normal,Normal,Poor,85.0
P_1646,Poor,Normal,Normal,Intermediate,85.0
P_1647,Normal,Normal,Poor,Poor,99.0
P_1648,Normal,Poor,Normal,Intermediate,85.0
P_1649,Normal,Normal,Normal,Normal,40.0
P_1650,Normal,Normal,Normal,Normal,40.0
P_1651,Intermediate,Intermediate,Normal,Intermediate,85.0
P_1652,Normal,Intermediate,Normal,Poor,85.0
P_1653,Normal,Normal,Poor,Normal,70.0
P_1654,Normal,Normal,Intermediate,Intermediate,70.0
P_1655,Normal,Intermediate,Normal,Normal,55.0
P_1656,Intermediate,Normal,Intermediate,Normal,70.0
P_1657,Normal,Intermediate,Intermediate,Normal,70.0
P_1658,Normal,Poor,Normal,Normal,70.0
P_1659,Intermediate,Intermediate,Normal,Normal,70.0
P_1660,Normal,Intermediate,Normal,Normal,55.0
P_1661,Normal,Normal,Poor,Intermediate,85.0
P_1662,Intermediate,Intermediate,Intermediate,Intermediate,99.0
P_1663,Normal,Intermediate,Normal,Normal,55.0
P_1664,Normal,Normal,Normal,Poor,70.0
P_1665,Normal,Normal,Poor,Poor,99.0
P_1666,Normal,Poor,Intermediate,Normal,85.0
P_1667,Intermediate,Normal,Intermediate,Normal,70.0
P_1668,Normal,Intermediate,Intermediate,Normal,70.0
P_1669,Poor,Intermediate,Intermediate,Normal,99.0
P_1670,Intermediate,Intermediate,Normal,Normal,70.0
P_1671,Normal,Normal,Intermediate,Normal,55.0
P_1672,Normal,Normal,Intermediate,Intermediate,70.0
P_1673,Normal,Intermediate,Normal,Intermediate,70.0
P_1674,Intermediate,Normal,Normal,Intermediate,70.0
P_1675,Normal,Intermediate,Normal,Normal,55.0
P_1676,Normal,Intermediate,Normal,Normal,55.0
P_1677,Normal,Normal,Intermediate,Normal,55.0
P_1678,Normal,Normal,Poor,Normal,70.0
P_1679,Normal,Intermediate,Normal,Intermediate,70.0
P_1680,Normal,Intermediate,Normal,Normal,55.0
P_1681,Intermediate,Intermediate,Normal,Normal,70.0
P_1682,Intermediate,Intermediate,Intermediate,Intermediate,99.0
P_1683,Normal,Normal,Intermediate,Poor,85.0
P_1684,Poor,Normal,Normal,Intermediate,85.0
P_1685,Normal,Intermediate,Normal,Intermediate,70.0
P_1686,Normal,Normal,Normal,Intermediate,55.0
P_1687,Intermediate,Normal,Intermediate,Normal,70.0
P_1688,Normal,Normal,Normal,Normal,40.0
P_1689,Normal,Normal,Normal,Normal,40.0
P_1690,Normal,Normal,Normal,Normal,40.0
P_1691,Normal,Normal,Normal,Normal,40.0
P_1692,Normal,Normal,Normal,Intermediate,55.0
P_1693,Normal,Normal,Poor,Normal,70.0
P_1694,Intermediate,Intermediate,Intermediate,Poor,99.0
P_1695,Normal,Intermediate,Normal,Normal,55.0
P_1696,Normal,Normal,Intermediate,Normal,55.0
P_1697,Intermediate,Normal,Intermediate,Intermediate,85.0
P_1698,Intermediate,Intermediate,Intermediate,Intermediate,99.0
P_1699,Normal,Normal,Intermediate,Intermediate,70.0
P_1700,Normal,Normal,Intermediate,Normal,55.0
P_1701,Normal,Normal,Normal,Normal,40.0
P_1702,Normal,Normal,Normal,Normal,40.0
P_1703,Normal,Normal,Intermediate,Normal,55.0
P_1704,Normal,Intermediate,Normal,Poor,85.0
P_1705,Normal,Normal,Normal,Normal,40.0
P_1706,Poor,Intermediate,Normal,Normal,85.0
P_1707,Normal,Normal,Normal,Intermediate,55.0
P_1708,Intermediate,Intermediate,Intermediate,Intermediate,99.0
P_1709,Normal,Intermediate,Intermediate,Normal,70.0
P_1710,Normal,Normal,Intermediate,Intermediate,70.0
P_1711,Intermediate,Intermediate,Poor,Normal,99.0
P_1712,Intermediate,Intermediate,Normal,Poor,99.0
P_1713,Normal,Intermediate,Intermediate,Intermediate,85.0
P_1714,Poor,Poor,Normal,Intermediate,99.0
P_1715,Normal,Poor,Normal,Intermediate,85.0
P_1716,Intermediate,Normal,Poor,Normal,85.0
P_1717,Intermediate,Intermediate,Normal,Intermediate,85.0
P_1718,Normal,Intermediate,Intermediate,Normal,70.0
P_1719,Normal,Intermediate,Normal,Normal,55.0
P_1720,Normal,Normal,Poor,Intermediate,85.0
P_1721,Intermediate,Poor,Intermediate,Normal,99.0
P_1722,Intermediate,Normal,Normal,Normal,55.0
P_1723,Normal,Normal,Normal,Normal,40.0
P_1724,Normal,Normal,Intermediate,Intermediate,70.0
P_1725,Normal,Normal,Normal,Intermediate,55.0
P_1726,Normal,Normal,Normal,Normal,40.0
P_1727,Normal,Normal,Intermediate,Intermediate,70.0
P_1728,Normal,Normal,Normal,Normal,40.0
P_1729,Intermediate,Intermediate,Normal,Normal,70.0
P_1730,Poor,Normal,Normal,Normal,70.0
P_1731,Normal,Normal,Intermediate,Poor,85.0
P_1732,Normal,Normal,Intermediate,Normal,55.0
P_1733,Normal,Intermediate,Normal,Normal,55.0
P_1734,Intermediate,Normal,Normal,Normal,55.0
P_1735,Normal,Normal,Normal,Intermediate,55.0
P_1736,Normal,Normal,Intermediate,Poor,85.0
P_1737,Normal,Normal,Normal,Normal,40.0
P_1738,Intermediate,Normal,Intermediate,Intermediate,85.0
P_1739,Normal,Intermediate,Normal,Normal,55.0
P_1740,Normal,Intermediate,Normal,Intermediate,70.0
P_1741,Normal,Normal,Normal,Intermediate,55.0
P_1742,Normal,Normal,Normal,Normal,40.0
P_1743,Normal,Poor,Intermediate,Normal,85.0
P_1744,Intermediate,Normal,Normal,Intermediate,70.0
P_1745,Intermediate,Poor,Poor,Intermediate,99.0
P_1746,Normal,Normal,Normal,Normal,40.0
P_1747,Normal,Intermediate,Intermediate,Normal,70.0
P_1748,Intermediate,Intermediate,Normal,Poor,99.0
P_1749,Normal,Intermediate,Normal,Normal,55.0
P_1750,Normal,Intermediate,Poor,Intermediate,99.0
P_1751,Intermediate,Intermediate,Normal,Normal,70.0
P_1752,Normal,Normal,Normal,Normal,40.0
P_1753,Normal,Normal,Poor,Normal,70.0
P_1754,Normal,Normal,Poor,Normal,70.0
P_1755,Normal,Normal,Normal,Intermediate,55.0
P_1756,Normal,Normal,Normal,Normal,40.0
P_1757,Intermediate,Intermediate,Intermediate,Normal,85.0
P_1758,Normal,Normal,Normal,Normal,40.0
P_1759,Intermediate,Poor,Intermediate,Intermediate,99.0
P_1760,Normal,Normal,Normal,Intermediate,55.0
P_1761,Intermediate,Intermediate,Normal,Intermediate,85.0
P_1762,Intermediate,Poor,Normal,Normal,85.0
P_1763,Normal,Intermediate,Normal,Normal,55.0
P_1764,Normal,Normal,Normal,Intermediate,55.0
P_1765,Normal,Normal,Normal,Normal,40.0
P_1766,Normal,Poor,Normal,Intermediate,85.0
P_1767,Normal,Normal,Poor,Normal,70.0
P_1768,Intermediate,Normal,Normal,Normal,55.0
P_1769,Normal,Normal,Normal,Normal,40.0
P_1770,Intermediate,Poor,Normal,Normal,85.0
P_1771,Normal,Normal,Normal,Normal,40.0
P_1772,Normal,Intermediate,Normal,Normal,55.0
P_1773,Normal,Normal,Normal,Intermediate,55.0
P_1774,Normal,Intermediate,Normal,Intermediate,70.0
P_1775,Intermediate,Normal,Poor,Normal,85.0
P_1776,Intermediate,Normal,Intermediate,Intermediate,85.0
P_1777,Normal,Normal,Normal,Normal,40.0
P_1778,Normal,Intermediate,Normal,Normal,55.0
P_1779,Poor,Poor,Normal,Intermediate,99.0
P_1780,Intermediate,Normal,Normal,Poor,85.0
P_1781,Normal,Intermediate,Intermediate,Normal,70.0
P_1782,Intermediate,Intermediate,Normal,Intermediate,85.0
P_1783,Normal,Normal,Intermediate,Normal,55.0
P_1784,Intermediate,Normal,Normal,Normal,55.0
P_1785,Normal,Normal,Normal,Intermediate,55.0
P_1786,Poor,Normal,Normal,Intermediate,85.0
P_1787,Normal,Normal,Normal,Normal,40.0
P_1788,Intermediate,Intermediate,Normal,Intermediate,85.0
P_1789,Normal,Normal,Normal,Normal,40.0
P_1790,Intermediate,Normal,Intermediate,Normal,70.0
P_1791,Normal,Normal,Normal,Normal,40.0
P_1792,Normal,Normal,Intermediate,Normal,55.0
P_1793,Intermediate,Intermediate,Normal,Intermediate,85.0
P_1794,Intermediate,Normal,Normal,Intermediate,70.0
P_1795,Normal,Normal,Normal,Normal,40.0
P_1796,Poor,Normal,Normal,Normal,70.0
P_1797,Normal,Normal,Normal,Normal,40.0
P_1798,Normal,Normal,Intermediate,Normal,55.0
P_1799,Normal,Intermediate,Normal,Normal,55.0
P_1800,Intermediate,Intermediate,Normal,Intermediate,85.0
P_1801,Normal,Normal,Normal,Intermediate,55.0
P_1802,Poor,Intermediate,Intermediate,Intermediate,99.0
P_1803,Poor,Normal,Intermediate,Intermediate,99.0
P_1804,Normal,Normal,Intermediate,Poor,85.0
P_1805,Poor,Normal,Normal,Normal,70.0
P_1806,Intermediate,Poor,Poor,Normal,99.0
P_1807,Intermediate,Poor,Intermediate,Intermediate,99.0
P_1808,Normal,Intermediate,Intermediate,Intermediate,85.0
P_1809,Normal,Intermediate,Intermediate,Poor,99.0
P_1810,Normal,Normal,Intermediate,Normal,55.0
P_1811,Intermediate,Intermediate,Normal,Normal,70.0
P_1812,Normal,Intermediate,Normal,Normal,55.0
P_1813,Normal,Normal,Intermediate,Normal,55.0
P_1814,Intermediate,Intermediate,Intermediate,Intermediate,99.0
P_1815,Normal,Intermediate,Normal,Normal,55.0
P_1816,Normal,Normal,Normal,Intermediate,55.0
P_1817,Normal,Intermediate,Normal,Intermediate,70.0
P_1818,Normal,Normal,Normal,Intermediate,55.0
P_1819,Normal,Normal,Normal,Intermediate,55.0
P_1820,Intermediate,Normal,Intermediate,Normal,70.0
P_1821,Intermediate,Normal,Normal,Intermediate,70.0
P_1822,Poor,Intermediate,Intermediate,Normal,99.0
P_1823,Normal,Normal,Intermediate,Intermediate,70.0
P_1824,Intermediate,Intermediate,Intermediate,Normal,85.0
P_1825,Normal,Normal,Normal,Normal,40.0
P_1826,Intermediate,Normal,Normal,Normal,55.0
P_1827,Normal,Normal,Normal,Intermediate,55.0
P_1828,Poor,Normal,Normal,Intermediate,85.0
P_1829,Intermediate,Intermediate,Normal,Normal,70.0
P_1830,Normal,Normal,Poor,Normal,70.0
P_1831,Normal,Intermediate,Intermediate,Intermediate,85.0
P_1832,Intermediate,Intermediate,Normal,Normal,70.0
P_1833,Normal,Normal,Normal,Normal,40.0
P_1834,Intermediate,Normal,Poor,Normal,85.0
P_1835,Intermediate,Intermediate,Poor,Normal,99.0
P_1836,Poor,Intermediate,Intermediate,Normal,99.0
P_1837,Normal,Normal,Intermediate,Intermediate,70.0
P_1838,Normal,Normal,Intermediate,Normal,55.0
P_1839,Intermediate,Normal,Intermediate,Normal,70.0
P_1840,Normal,Poor,Normal,Normal,70.0
P_1841,Poor,Normal,Intermediate,Intermediate,99.0
P_1842,Normal,Normal,Normal,Normal,40.0
P_1843,Normal,Normal,Normal,Normal,40.0
P_1844,Normal,Normal,Normal,Poor,70.0
P_1845,Normal,Normal,Intermediate,Intermediate,70.0
P_1846,Normal,Poor,Normal,Normal,70.0
P_1847,Normal,Normal,Intermediate,Normal,55.0
P_1848,Intermediate,Normal,Intermediate,Normal,70.0
P_1849,Normal,Normal,Intermediate,Normal,55.0
P_1850,Normal,Normal,Normal,Normal,40.0
P_1851,Intermediate,Normal,Intermediate,Normal,70.0
P_1852,Normal,Poor,Normal,Intermediate,85.0
P_1853,Normal,Normal,Normal,Intermediate,55.0
P_1854,Poor,Normal,Normal,Normal,70.0
P_1855,Normal,Normal,Normal,Normal,40.0
P_1856,Normal,Intermediate,Intermediate,Normal,70.0
P_1857,Normal,Intermediate,Normal,Normal,55.0
P_1858,Normal,Normal,Intermediate,Intermediate,70.0
P_1859,Poor,Intermediate,Intermediate,Normal,99.0
P_1860,Normal,Normal,Normal,Normal,40.0
P_1861,Normal,Normal,Normal,Intermediate,55.0
P_1862,Normal,Normal,Normal,Normal,40.0
P_1863,Normal,Normal,Normal,Intermediate,55.0
P_1864,Normal,Normal,Intermediate,Intermediate,70.0
P_1865,Normal,Normal,Normal,Normal,40.0
P_1866,Intermediate,Normal,Intermediate,Intermediate,85.0
P_1867,Poor,Intermediate,Normal,Normal,85.0
P_1868,Normal,Normal,Normal,Normal,40.0
P_1869,Normal,Normal,Normal,Normal,40.0
P_1870,Normal,Intermediate,Intermediate,Poor,99.0
P_1871,Intermediate,Normal,Normal,Normal,55.0
P_1872,Normal,Intermediate,Normal,Normal,55.0
P_1873,Normal,Intermediate,Poor,Normal,85.0
P_1874,Normal,Intermediate,Normal,Intermediate,70.0
P_1875,Intermediate,Normal,Normal,Normal,55.0
P_1876,Intermediate,Poor,Normal,Normal,85.0
P_1877,Normal,Poor,Normal,Intermediate,85.0
P_1878,Normal,Normal,Normal,Intermediate,55.0
P_1879,Normal,Normal,Poor,Normal,70.0
P_1880,Normal,Intermediate,Normal,Normal,55.0
P_1881,Normal,Intermediate,Intermediate,Normal,70.0
P_1882,Poor,Normal,Normal,Poor,99.0
P_1883,Intermediate,Poor,Normal,Intermediate,99.0
P_1884,Normal,Intermediate,Intermediate,Normal,70.0
P_1885,Normal,Normal,Normal,Normal,40.0
P_1886,Intermediate,Normal,Normal,Normal,55.0
P_1887,Normal,Intermediate,Normal,Normal,55.0
P_1888,Normal,Intermediate,Normal,Normal,55.0
P_1889,Normal,Intermediate,Poor,Poor,99.0
P_1890,Intermediate,Intermediate,Intermediate,Poor,99.0
P_1891,Poor,Intermediate,Normal,Poor,99.0
P_1892,Intermediate,Normal,Intermediate,Poor,99.0
P_1893,Normal,Normal,Intermediate,Normal,55.0
P_1894,Normal,Normal,Normal,Normal,40.0
P_1895,Poor,Normal,Normal,Intermediate,85.0
P_1896,Normal,Normal,Normal,Normal,40.0
P_1897,Normal,Normal,Normal,Intermediate,55.0
P_1898,Intermediate,Normal,Normal,Normal,55.0
P_1899,Intermediate,Normal,Normal,Normal,55.0
P_1900,Poor,Normal,Normal,Normal,70.0
P_1901,Normal,Normal,Normal,Normal,40.0
P_1902,Normal,Intermediate,Normal,Normal,55.0
P_1903,Intermediate,Normal,Intermediate,Normal,70.0
P_1904,Intermediate,Intermediate,Poor,Normal,99.0
P_1905,Normal,Normal,Poor,Normal,70.0
P_1906,Normal,Intermediate,Intermediate,Poor,99.0
P_1907,Normal,Poor,Normal,Normal,70.0
P_1908,Normal,Intermediate,Intermediate,Poor,99.0
P_1909,Poor,Normal,Intermediate,Normal,85.0
P_1910,Normal,Normal,Intermediate,Poor,85.0
P_1911,Intermediate,Normal,Normal,Poor,85.0
P_1912,Normal,Intermediate,Normal,Normal,55.0
P_1913,Intermediate,Normal,Normal,Normal,55.0
P_1914,Poor,Intermediate,Normal,Normal,85.0
P_1915,Normal,Normal,Intermediate,Intermediate,70.0
P_1916,Normal,Intermediate,Normal,Normal,55.0
P_1917,Intermediate,Normal,Normal,Intermediate,70.0
P_1918,Normal,Normal,Normal,Normal,40.0
P_1919,Intermediate,Normal,Normal,Normal,55.0
P_1920,Normal,Poor,Normal,Normal,70.0
P_1921,Normal,Normal,Normal,Normal,40.0
P_1922,Intermediate,Poor,Intermediate,Normal,99.0
P_1923,Normal,Normal,Normal,Normal,40.0
P_1924,Intermediate,Normal,Intermediate,Intermediate,85.0
P_1925,Normal,Poor,Normal,Normal,70.0
P_1926,Intermediate,Normal,Normal,Normal,55.0
P_1927,Poor,Normal,Poor,Normal,99.0
P_1928,Normal,Poor,Normal,Poor,99.0
P_1929,Normal,Normal,Normal,Normal,40.0
P_1930,Normal,Normal,Normal,Poor,70.0
P_1931,Normal,Intermediate,Intermediate,Normal,70.0
P_1932,Normal,Intermediate,Intermediate,Normal,70.0
P_1933,Normal,Intermediate,Normal,Poor,85.0
P_1934,Normal,Normal,Intermediate,Intermediate,70.0
P_1935,Intermediate,Intermediate,Normal,Normal,70.0
P_1936,Normal,Intermediate,Normal,Normal,55.0
P_1937,Normal,Intermediate,Normal,Poor,85.0
P_1938,Normal,Normal,Intermediate,Normal,55.0
P_1939,Intermediate,Normal,Normal,Poor,85.0
P_1940,Poor,Intermediate,Poor,Normal,99.0
P_1941,Intermediate,Normal,Normal,Normal,55.0
P_1942,Intermediate,Normal,Intermediate,Normal,70.0
P_1943,Normal,Intermediate,Poor,Normal,85.0
P_1944,Normal,Normal,Poor,Normal,70.0
P_1945,Normal,Intermediate,Normal,Normal,55.0
P_1946,Intermediate,Normal,Poor,Intermediate,99.0
P_1947,Normal,Normal,Normal,Intermediate,55.0
P_1948,Poor,Normal,Normal,Intermediate,85.0
P_1949,Poor,Normal,Normal,Normal,70.0
P_1950,Poor,Intermediate,Normal,Normal,85.0
P_1951,Poor,Normal,Intermediate,Normal,85.0
P_1952,Normal,Normal,Poor,Intermediate,85.0
P_1953,Normal,Normal,Intermediate,Normal,55.0
P_1954,Intermediate,Intermediate,Normal,Normal,70.0
P_1955,Intermediate,Intermediate,Normal,Normal,70.0
P_1956,Normal,Normal,Normal,Normal,40.0
P_1957,Intermediate,Normal,Normal,Normal,55.0
P_1958,Intermediate,Poor,Normal,Normal,85.0
P_1959,Normal,Intermediate,Normal,Intermediate,70.0
P_1960,Normal,Poor,Normal,Normal,70.0
P_1961,Intermediate,Normal,Normal,Normal,55.0
P_1962,Normal,Poor,Poor,Intermediate,99.0
P_1963,Normal,Normal,Normal,Normal,40.0
P_1964,Normal,Normal,Intermediate,Normal,55.0
P_1965,Normal,Normal,Normal,Normal,40.0
P_1966,Normal,Intermediate,Intermediate,Normal,70.0
P_1967,Poor,Normal,Normal,Normal,70.0
P_1968,Poor,Normal,Normal,Intermediate,85.0
P_1969,Normal,Normal,Intermediate,Normal,55.0
P_1970,Intermediate,Intermediate,Normal,Normal,70.0
P_1971,Normal,Intermediate,Intermediate,Intermediate,85.0
P_1972,Normal,Normal,Normal,Intermediate,55.0
P_1973,Normal,Normal,Normal,Normal,40.0
P_1974,Intermediate,Intermediate,Normal,Intermediate,85.0
P_1975,Normal,Normal,Intermediate,Intermediate,70.0
P_1976,Normal,Normal,Poor,Normal,70.0
P_1977,Normal,Intermediate,Normal,Intermediate,70.0
P_1978,Intermediate,Normal,Intermediate,Normal,70.0
P_1979,Normal,Normal,Normal,Normal,40.0
P_1980,Intermediate,Normal,Poor,Poor,99.0
P_1981,Intermediate,Poor,Normal,Normal,85.0
P_1982,Normal,Intermediate,Poor,Normal,85.0
P_1983,Intermediate,Normal,Normal,Intermediate,70.0
P_1984,Intermediate,Intermediate,Intermediate,Intermediate,99.0
P_1985,Poor,Intermediate,Normal,Normal,85.0
P_1986,Normal,Normal,Normal,Normal,40.0
P_1987,Normal,Normal,Intermediate,Normal,55.0
P_1988,Normal,Poor,Intermediate,Intermediate,99.0
P_1989,Intermediate,Normal,Intermediate,Intermediate,85.0
P_1990,Poor,Intermediate,Normal,Normal,85.0
P_1991,Intermediate,Normal,Normal,Intermediate,70.0
P_1992,Normal,Intermediate,Intermediate,Poor,99.0
P_1993,Normal,Normal,Intermediate,Normal,55.0
P_1994,Normal,Normal,Normal,Normal,40.0
P_1995,Normal,Normal,Normal,Normal,40.0
P_1996,Poor,Normal,Intermediate,Normal,85.0
P_1997,Intermediate,Normal,Normal,Normal,55.0
P_1998,Intermediate,Normal,Normal,Poor,85.0
P_1999,Normal,Normal,Normal,Intermediate,55.0
P_2000,Intermediate,Normal,Normal,Normal,55.0
P_2001,Normal,Normal,Normal,Normal,40.0
P_2002,Normal,Normal,Normal,Normal,40.0
P_2003,Normal,Intermediate,Normal,Intermediate,70.0
P_2004,Intermediate,Normal,Normal,Normal,55.0
P_2005,Intermediate,Intermediate,Intermediate,Intermediate,99.0
P_2006,Intermediate,Normal,Normal,Normal,55.0
P_2007,Normal,Normal,Normal,Normal,40.0
P_2008,Intermediate,Intermediate,Intermediate,Normal,85.0
P_2009,Normal,Intermediate,Intermediate,Poor,99.0
P_2010,Intermediate,Normal,Normal,Intermediate,70.0
P_2011,Normal,Normal,Normal,Intermediate,55.0
P_2012,Intermediate,Normal,Intermediate,Intermediate,85.0
P_2013,Normal,Normal,Intermediate,Intermediate,70.0
P_2014,Intermediate,Intermediate,Normal,Normal,70.0
P_2015,Normal,Intermediate,Normal,Intermediate,70.0
P_2016,Normal,Normal,Intermediate,Intermediate,70.0
P_2017,Normal,Intermediate,Normal,Normal,55.0
P_2018,Intermediate,Normal,Normal,Normal,55.0
P_2019,Intermediate,Intermediate,Intermediate,Intermediate,99.0
P_2020,Normal,Normal,Intermediate,Poor,85.0
P_2021,Intermediate,Intermediate,Normal,Normal,70.0
P_2022,Normal,Normal,Normal,Normal,40.0
P_2023,Normal,Normal,Normal,Normal,40.0
P_2024,Intermediate,Normal,Intermediate,Normal,70.0
P_2025,Intermediate,Intermediate,Normal,Intermediate,85.0
P_2026,Intermediate,Intermediate,Intermediate,Normal,85.0
P_2027,Normal,Normal,Normal,Normal,40.0
P_2028,Normal,Intermediate,Poor,Normal,85.0
P_2029,Intermediate,Poor,Normal,Normal,85.0
P_2030,Normal,Intermediate,Poor,Poor,99.0
P_2031,Intermediate,Intermediate,Normal,Normal,70.0
P_2032,Intermediate,Normal,Normal,Normal,55.0
P_2033,Normal,Normal,Normal,Normal,40.0
P_2034,Normal,Intermediate,Normal,Normal,55.0
P_2035,Normal,Intermediate,Intermediate,Normal,70.0
P_2036,Poor,Normal,Normal,Poor,99.0
P_2037,Intermediate,Normal,Normal,Normal,55.0
P_2038,Intermediate,Poor,Normal,Normal,85.0
P_2039,Intermediate,Intermediate,Intermediate,Normal,85.0
P_2040,Normal,Normal,Intermediate,Intermediate,70.0
P_2041,Normal,Normal,Intermediate,Intermediate,70.0
P_2042,Normal,Intermediate,Intermediate,Normal,70.0
P_2043,Normal,Intermediate,Normal,Normal,55.0
P_2044,Normal,Poor,Normal,Intermediate,85.0
P_2045,Normal,Normal,Normal,Normal,40.0
P_2046,Poor,Poor,Poor,Normal,99.0
P_2047,Normal,Poor,Normal,Normal,70.0
P_2048,Intermediate,Intermediate,Intermediate,Normal,85.0
P_2049,Normal,Poor,Intermediate,Intermediate,99.0
P_2050,Normal,Normal,Normal,Poor,70.0
P_2051,Normal,Intermediate,Normal,Normal,55.0
P_2052,Normal,Intermediate,Poor,Normal,85.0
P_2053,Normal,Poor,Normal,Intermediate,85.0
P_2054,Poor,Normal,Normal,Normal,70.0
P_2055,Poor,Poor,Normal,Normal,99.0
P_2056,Intermediate,Normal,Intermediate,Normal,70.0
P_2057,Intermediate,Normal,Normal,Normal,55.0
P_2058,Normal,Normal,Intermediate,Normal,55.0
P_2059,Normal,Normal,Intermediate,Normal,55.0
P_2060,Intermediate,Intermediate,Normal,Intermediate,85.0
P_2061,Normal,Normal,Intermediate,Intermediate,70.0
P_2062,Normal,Intermediate,Normal,Normal,55.0
P_2063,Normal,Intermediate,Poor,Normal,85.0
P_2064,Intermediate,Intermediate,Normal,Intermediate,85.0
P_2065,Poor,Normal,Normal,Intermediate,85.0
P_2066,Intermediate,Intermediate,Normal,Normal,70.0
P_2067,Intermediate,Normal,Normal,Intermediate,70.0
P_2068,Intermediate,Intermediate,Intermediate,Poor,99.0
P_2069,Intermediate,Normal,Poor,Normal,85.0
P_2070,Intermediate,Normal,Normal,Normal,55.0
P_2071,Normal,Normal,Normal,Normal,40.0
P_2072,Normal,Intermediate,Intermediate,Intermediate,85.0
P_2073,Intermediate,Intermediate,Intermediate,Intermediate,99.0
P_2074,Normal,Normal,Normal,Intermediate,55.0
P_2075,Intermediate,Poor,Poor,Normal,99.0
P_2076,Intermediate,Intermediate,Normal,Intermediate,85.0
P_2077,Normal,Intermediate,Normal,Poor,85.0
P_2078,Poor,Intermediate,Normal,Normal,85.0
P_2079,Normal,Poor,Intermediate,Intermediate,99.0
P_2080,Normal,Poor,Normal,Intermediate,85.0
P_2081,Normal,Normal,Poor,Normal,70.0
P_2082,Poor,Intermediate,Normal,Intermediate,99.0
P_2083,Normal,Normal,Normal,Normal,40.0
P_2084,Normal,Intermediate,Normal,Intermediate,70.0
P_2085,Normal,Normal,Normal,Intermediate,55.0
P_2086,Intermediate,Normal,Normal,Normal,55.0
P_2087,Poor,Normal,Normal,Poor,99.0
P_2088,Normal,Intermediate,Normal,Normal,55.0
P_2089,Normal,Intermediate,Intermediate,Intermediate,85.0
P_2090,Normal,Normal,Intermediate,Normal,55.0
P_2091,Intermediate,Normal,Normal,Poor,85.0
P_2092,Intermediate,Normal,Normal,Normal,55.0
P_2093,Normal,Normal,Normal,Normal,40.0
P_2094,Poor,Normal,Poor,Intermediate,99.0
P_2095,Normal,Intermediate,Normal,Intermediate,70.0
P_2096,Poor,Normal,Normal,Normal,70.0
P_2097,Intermediate,Poor,Intermediate,Normal,99.0
P_2098,Normal,Normal,Poor,Poor,99.0
P_2099,Intermediate,Normal,Normal,Intermediate,70.0
P_2100,Poor,Normal,Poor,Poor,99.0
P_2101,Normal,Normal,Normal,Intermediate,55.0
P_2102,Normal,Poor,Normal,Normal,70.0
P_2103,Normal,Normal,Normal,Poor,70.0
P_2104,Normal,Normal,Intermediate,Normal,55.0
P_2105,Poor,Intermediate,Intermediate,Normal,99.0
P_2106,Normal,Normal,Normal,Intermediate,55.0
P_2107,Normal,Normal,Intermediate,Normal,55.0
P_2108,Normal,Intermediate,Intermediate,Normal,70.0
P_2109,Normal,Normal,Normal,Normal,40.0
P_2110,Normal,Intermediate,Intermediate,Normal,70.0
P_2111,Intermediate,Normal,Normal,Poor,85.0
P_2112,Normal,Intermediate,Normal,Intermediate,70.0
P_2113,Intermediate,Normal,Normal,Normal,55.0
P_2114,Normal,Normal,Intermediate,Normal,55.0
P_2115,Intermediate,Normal,Normal,Intermediate,70.0
P_2116,Normal,Intermediate,Normal,Intermediate,70.0
P_2117,Poor,Normal,Normal,Normal,70.0
P_2118,Normal,Normal,Poor,Normal,70.0
P_2119,Intermediate,Normal,Intermediate,Normal,70.0
P_2120,Poor,Normal,Poor,Intermediate,99.0
P_2121,Intermediate,Normal,Normal,Intermediate,70.0
P_2122,Normal,Intermediate,Normal,Normal,55.0
P_2123,Normal,Normal,Normal,Intermediate,55.0
P_2124,Normal,Intermediate,Normal,Normal,55.0
P_2125,Normal,Normal,Intermediate,Normal,55.0
P_2126,Poor,Normal,Poor,Normal,99.0
P_2127,Intermediate,Intermediate,Intermediate,Normal,85.0
P_2128,Intermediate,Normal,Normal,Normal,55.0
P_2129,Intermediate,Normal,Intermediate,Normal,70.0
P_2130,Normal,Intermediate,Poor,Normal,85.0
P_2131,Intermediate,Normal,Normal,Intermediate,70.0
P_2132,Normal,Intermediate,Poor,Intermediate,99.0
P_2133,Normal,Normal,Normal,Normal,40.0
P_2134,Normal,Intermediate,Normal,Intermediate,70.0
P_2135,Normal,Normal,Intermediate,Normal,55.0
P_2136,Normal,Intermediate,Intermediate,Normal,70.0
P_2137,Normal,Normal,Intermediate,Normal,55.0
P_2138,Normal,Intermediate,Intermediate,Normal,70.0
P_2139,Intermediate,Normal,Intermediate,Normal,70.0
P_2140,Poor,Normal,Normal,Normal,70.0
P_2141,Normal,Normal,Normal,Poor,70.0
P_2142,Normal,Intermediate,Intermediate,Poor,99.0
P_2143,Normal,Normal,Poor,Intermediate,85.0
P_2144,Normal,Intermediate,Intermediate,Normal,70.0
P_2145,Normal,Normal,Poor,Intermediate,85.0
P_2146,Normal,Normal,Normal,Normal,40.0
P_2147,Intermediate,Intermediate,Normal,Normal,70.0
P_2148,Intermediate,Intermediate,Poor,Poor,99.0
P_2149,Normal,Intermediate,Intermediate,Normal,70.0
P_2150,Normal,Normal,Poor,Normal,70.0
P_2151,Intermediate,Normal,Normal,Intermediate,70.0
P_2152,Normal,Normal,Intermediate,Poor,85.0
P_2153,Intermediate,Normal,Poor,Intermediate,99.0
P_2154,Normal,Normal,Intermediate,Normal,55.0
P_2155,Normal,Intermediate,Poor,Normal,85.0
P_2156,Intermediate,Normal,Intermediate,Normal,70.0
P_2157,Intermediate,Intermediate,Normal,Normal,70.0
P_2158,Normal,Normal,Normal,Intermediate,55.0
P_2159,Normal,Intermediate,Normal,Intermediate,70.0
P_2160,Normal,Intermediate,Normal,Intermediate,70.0
P_2161,Intermediate,Poor,Normal,Poor,99.0
P_2162,Normal,Normal,Normal,Normal,40.0
P_2163,Normal,Intermediate,Intermediate,Normal,70.0
P_2164,Intermediate,Normal,Intermediate,Poor,99.0
P_2165,Intermediate,Normal,Normal,Intermediate,70.0
P_2166,Intermediate,Normal,Normal,Poor,85.0
P_2167,Intermediate,Intermediate,Intermediate,Intermediate,99.0
P_2168,Intermediate,Normal,Intermediate,Normal,70.0
P_2169,Normal,Normal,Intermediate,Intermediate,70.0
P_2170,Normal,Intermediate,Intermediate,Normal,70.0
P_2171,Normal,Normal,Normal,Intermediate,55.0
P_2172,Intermediate,Poor,Normal,Intermediate,99.0
P_2173,Normal,Poor,Normal,Intermediate,85.0
P_2174,Normal,Normal,Normal,Intermediate,55.0
P_2175,Normal,Poor,Normal,Normal,70.0
P_2176,Intermediate,Normal,Intermediate,Normal,70.0
P_2177,Poor,Intermediate,Normal,Intermediate,99.0
P_2178,Normal,Poor,Poor,Normal,99.0
P_2179,Poor,Normal,Normal,Normal,70.0
P_2180,Normal,Normal,Normal,Normal,40.0
P_2181,Normal,Normal,Normal,Intermediate,55.0
P_2182,Normal,Normal,Poor,Normal,70.0
P_2183,Normal,Normal,Normal,Intermediate,55.0
P_2184,Normal,Normal,Intermediate,Normal,55.0
P_2185,Normal,Normal,Normal,Normal,40.0
P_2186,Normal,Normal,Normal,Normal,40.0
P_2187,Normal,Normal,Normal,Intermediate,55.0
P_2188,Normal,Normal,Normal,Normal,40.0
P_2189,Intermediate,Normal,Normal,Normal,55.0
P_2190,Normal,Intermediate,Normal,Normal,55.0
P_2191,Normal,Intermediate,Intermediate,Intermediate,85.0
P_2192,Poor,Normal,Intermediate,Normal,85.0
P_2193,Intermediate,Intermediate,Intermediate,Normal,85.0
P_2194,Normal,Normal,Poor,Normal,70.0
P_2195,Intermediate,Intermediate,Normal,Poor,99.0
P_2196,Intermediate,Normal,Normal,Normal,55.0
P_2197,Normal,Normal,Normal,Intermediate,55.0
P_2198,Normal,Poor,Intermediate,Normal,85.0
P_2199,Intermediate,Normal,Intermediate,Normal,70.0
P_2200,Poor,Intermediate,Intermediate,Normal,99.0
P_2201,Normal,Normal,Intermediate,Normal,55.0
P_2202,Intermediate,Poor,Intermediate,Normal,99.0
P_2203,Normal,Poor,Normal,Intermediate,85.0
P_2204,Intermediate,Normal,Normal,Normal,55.0
P_2205,Normal,Normal,Intermediate,Intermediate,70.0
P_2206,Poor,Normal,Normal,Normal,70.0
P_2207,Intermediate,Normal,Intermediate,Intermediate,85.0
P_2208,Normal,Normal,Normal,Normal,40.0
P_2209,Normal,Intermediate,Intermediate,Normal,70.0
P_2210,Normal,Normal,Normal,Poor,70.0
P_2211,Intermediate,Intermediate,Normal,Normal,70.0
P_2212,Intermediate,Poor,Intermediate,Normal,99.0
P_2213,Normal,Normal,Normal,Intermediate,55.0
P_2214,Intermediate,Intermediate,Normal,Normal,70.0
P_2215,Normal,Normal,Normal,Normal,40.0
P_2216,Intermediate,Normal,Poor,Normal,85.0
P_2217,Normal,Intermediate,Poor,Normal,85.0
P_2218,Poor,Normal,Normal,Intermediate,85.0
P_2219,Normal,Normal,Normal,Normal,40.0
P_2220,Normal,Poor,Intermediate,Normal,85.0
P_2221,Normal,Normal,Normal,Normal,40.0
P_2222,Poor,Normal,Normal,Normal,70.0
P_2223,Normal,Intermediate,Normal,Intermediate,70.0
P_2224,Intermediate,Normal,Normal,Intermediate,70.0
P_2225,Poor,Intermediate,Intermediate,Intermediate,99.0
P_2226,Normal,Normal,Normal,Normal,40.0
P_2227,Intermediate,Poor,Normal,Normal,85.0
P_2228,Normal,Intermediate,Normal,Intermediate,70.0
P_2229,Normal,Normal,Normal,Normal,40.0
P_2230,Poor,Normal,Normal,Normal,70.0
P_2231,Normal,Normal,Normal,Normal,40.0
P_2232,Normal,Normal,Intermediate,Intermediate,70.0
P_2233,Normal,Normal,Intermediate,Normal,55.0
P_2234,Intermediate,Normal,Normal,Intermediate,70.0
P_2235,Normal,Intermediate,Normal,Poor,85.0
P_2236,Normal,Normal,Intermediate,Intermediate,70.0
P_2237,Normal,Intermediate,Normal,Intermediate,70.0
P_2238,Intermediate,Poor,Intermediate,Poor,99.0
P_2239,Intermediate,Poor,Intermediate,Intermediate,99.0
P_2240,Normal,Intermediate,Normal,Normal,55.0
P_2241,Normal,Poor,Poor,Intermediate,99.0
P_2242,Intermediate,Intermediate,Poor,Poor,99.0
P_2243,Normal,Normal,Intermediate,Normal,55.0
P_2244,Intermediate,Normal,Normal,Intermediate,70.0
P_2245,Normal,Intermediate,Normal,Normal,55.0
P_2246,Intermediate,Poor,Normal,Normal,85.0
P_2247,Intermediate,Intermediate,Poor,Intermediate,99.0
P_2248,Normal,Normal,Normal,Poor,70.0
P_2249,Normal,Normal,Normal,Poor,70.0
P_2250,Normal,Intermediate,Intermediate,Normal,70.0
P_2251,Normal,Normal,Normal,Normal,40.0
P_2252,Normal,Normal,Normal,Normal,40.0
P_2253,Poor,Intermediate,Intermediate,Normal,99.0
P_2254,Intermediate,Intermediate,Normal,Intermediate,85.0
P_2255,Intermediate,Normal,Normal,Normal,55.0
P_2256,Normal,Intermediate,Normal,Intermediate,70.0
P_2257,Normal,Normal,Poor,Normal,70.0
P_2258,Intermediate,Intermediate,Normal,Poor,99.0
P_2259,Intermediate,Normal,Intermediate,Normal,70.0
P_2260,Normal,Normal,Intermediate,Normal,55.0
P_2261,Intermediate,Normal,Intermediate,Normal,70.0
P_2262,Intermediate,Intermediate,Normal,Poor,99.0
P_2263,Normal,Intermediate,Normal,Normal,55.0
P_2264,Intermediate,Normal,Normal,Normal,55.0
P_2265,Normal,Poor,Normal,Poor,99.0
P_2266,Intermediate,Intermediate,Normal,Normal,70.0
P_2267,Intermediate,Intermediate,Normal,Intermediate,85.0
P_2268,Poor,Poor,Normal,Normal,99.0
P_2269,Normal,Intermediate,Normal,Intermediate,70.0
P_2270,Intermediate,Normal,Intermediate,Intermediate,85.0
P_2271,Normal,Normal,Poor,Intermediate,85.0
P_2272,Normal,Normal,Normal,Normal,40.0
P_2273,Intermediate,Intermediate,Poor,Normal,99.0
P_2274,Normal,Normal,Intermediate,Normal,55.0
P_2275,Normal,Intermediate,Intermediate,Normal,70.0
P_2276,Normal,Intermediate,Normal,Poor,85.0
P_2277,Normal,Normal,Intermediate,Normal,55.0
P_2278,Normal,Intermediate,Normal,Normal,55.0
P_2279,Normal,Intermediate,Poor,Normal,85.0
P_2280,Normal,Normal,Normal,Intermediate,55.0
P_2281,Intermediate,Normal,Poor,Intermediate,99.0
P_2282,Normal,Intermediate,Poor,Normal,85.0
P_2283,Intermediate,Normal,Intermediate,Intermediate,85.0
P_2284,Intermediate,Normal,Normal,Poor,85.0
P_2285,Normal,Normal,Poor,Poor,99.0
P_2286,Normal,Normal,Intermediate,Normal,55.0
P_2287,Poor,Normal,Intermediate,Intermediate,99.0
P_2288,Normal,Normal,Intermediate,Normal,55.0
P_2289,Normal,Normal,Normal,Normal,40.0
P_2290,Poor,Normal,Normal,Normal,70.0
P_2291,Normal,Normal,Normal,Intermediate,55.0
P_2292,Intermediate,Intermediate,Normal,Intermediate,85.0
P_2293,Normal,Normal,Normal,Normal,40.0
P_2294,Normal,Intermediate,Normal,Normal,55.0
P_2295,Normal,Normal,Normal,Normal,40.0
P_2296,Normal,Normal,Intermediate,Normal,55.0
P_2297,Normal,Intermediate,Normal,Normal,55.0
P_2298,Intermediate,Normal,Intermediate,Normal,70.0
P_2299,Normal,Normal,Intermediate,Normal,55.0
P_2300,Normal,Intermediate,Normal,Poor,85.0
P_2301,Normal,Poor,Poor,Normal,99.0
P_2302,Normal,Poor,Normal,Intermediate,85.0
P_2303,Normal,Intermediate,Intermediate,Normal,70.0
P_2304,Intermediate,Normal,Normal,Normal,55.0
P_2305,Normal,Normal,Normal,Normal,40.0
P_2306,Normal,Intermediate,Normal,Normal,55.0
P_2307,Normal,Intermediate,Poor,Normal,85.0
P_2308,Normal,Normal,Normal,Normal,40.0
P_2309,Normal,Normal,Intermediate,Normal,55.0
P_2310,Normal,Poor,Normal,Normal,70.0
P_2311,Normal,Normal,Intermediate,Normal,55.0
P_2312,Intermediate,Poor,Normal,Normal,85.0
P_2313,Normal,Normal,Intermediate,Intermediate,70.0
P_2314,Intermediate,Poor,Normal,Normal,85.0
P_2315,Intermediate,Intermediate,Normal,Normal,70.0
P_2316,Intermediate,Intermediate,Intermediate,Intermediate,99.0
P_2317,Intermediate,Normal,Normal,Intermediate,70.0
P_2318,Normal,Normal,Intermediate,Normal,55.0
P_2319,Intermediate,Normal,Intermediate,Intermediate,85.0
P_2320,Normal,Normal,Normal,Normal,40.0
P_2321,Normal,Normal,Normal,Normal,40.0
P_2322,Intermediate,Intermediate,Normal,Normal,70.0
P_2323,Intermediate,Poor,Normal,Normal,85.0
P_2324,Normal,Intermediate,Intermediate,Poor,99.0
P_2325,Normal,Normal,Intermediate,Normal,55.0
P_2326,Normal,Normal,Normal,Normal,40.0
P_2327,Normal,Intermediate,Normal,Normal,55.0
P_2328,Normal,Intermediate,Normal,Intermediate,70.0
P_2329,Intermediate,Normal,Normal,Poor,85.0
P_2330,Intermediate,Normal,Intermediate,Normal,70.0
P_2331,Normal,Normal,Normal,Normal,40.0
P_2332,Normal,Normal,Normal,Intermediate,55.0
P_2333,Intermediate,Intermediate,Normal,Normal,70.0
P_2334,Normal,Normal,Intermediate,Intermediate,70.0
P_2335,Normal,Poor,Normal,Intermediate,85.0
P_2336,Intermediate,Normal,Normal,Normal,55.0
P_2337,Poor,Intermediate,Normal,Normal,85.0
P_2338,Normal,Normal,Intermediate,Intermediate,70.0
P_2339,Normal,Normal,Poor,Intermediate,85.0
P_2340,Normal,Normal,Normal,Normal,40.0
P_2341,Normal,Intermediate,Poor,Normal,85.0
P_2342,Intermediate,Normal,Intermediate,Normal,70.0
P_2343,Normal,Intermediate,Poor,Normal,85.0
P_2344,Normal,Normal,Intermediate,Normal,55.0
P_2345,Intermediate,Normal,Normal,Normal,55.0
P_2346,Normal,Poor,Normal,Intermediate,85.0
P_2347,Normal,Normal,Normal,Normal,40.0
P_2348,Normal,Normal,Normal,Normal,40.0
P_2349,Normal,Normal,Poor,Intermediate,85.0
P_2350,Intermediate,Intermediate,Intermediate,Intermediate,99.0
P_2351,Normal,Normal,Intermediate,Normal,55.0
P_2352,Poor,Intermediate,Poor,Poor,99.0
P_2353,Normal,Normal,Normal,Poor,70.0
P_2354,Normal,Normal,Normal,Normal,40.0
P_2355,Normal,Intermediate,Normal,Normal,55.0
P_2356,Intermediate,Intermediate,Normal,Normal,70.0
P_2357,Normal,Intermediate,Normal,Normal,55.0
P_2358,Normal,Normal,Normal,Normal,40.0
P_2359,Intermediate,Normal,Poor,Normal,85.0
P_2360,Normal,Poor,Poor,Normal,99.0
P_2361,Normal,Poor,Normal,Poor,99.0
P_2362,Normal,Poor,Normal,Normal,70.0
P_2363,Normal,Intermediate,Normal,Normal,55.0
P_2364,Normal,Normal,Intermediate,Intermediate,70.0
P_2365,Normal,Normal,Normal,Intermediate,55.0
P_2366,Intermediate,Intermediate,Normal,Normal,70.0
P_2367,Intermediate,Normal,Intermediate,Intermediate,85.0
P_2368,Normal,Intermediate,Intermediate,Intermediate,85.0
P_2369,Normal,Normal,Normal,Normal,40.0
P_2370,Normal,Intermediate,Normal,Normal,55.0
P_2371,Normal,Normal,Intermediate,Normal,55.0
P_2372,Normal,Normal,Intermediate,Intermediate,70.0
P_2373,Intermediate,Normal,Normal,Poor,85.0
P_2374,Intermediate,Normal,Normal,Poor,85.0
P_2375,Normal,Normal,Normal,Normal,40.0
P_2376,Intermediate,Intermediate,Poor,Normal,99.0
P_2377,Normal,Intermediate,Normal,Intermediate,70.0
P_2378,Intermediate,Normal,Normal,Normal,55.0
P_2379,Normal,Poor,Intermediate,Normal,85.0
P_2380,Normal,Normal,Normal,Normal,40.0
P_2381,Normal,Normal,Normal,Normal,40.0
P_2382,Normal,Normal,Normal,Intermediate,55.0
P_2383,Normal,Normal,Poor,Normal,70.0
P_2384,Normal,Intermediate,Intermediate,Intermediate,85.0
P_2385,Normal,Normal,Normal,Normal,40.0
P_2386,Intermediate,Intermediate,Intermediate,Normal,85.0
P_2387,Normal,Intermediate,Poor,Normal,85.0
P_2388,Normal,Normal,Normal,Normal,40.0
P_2389,Intermediate,Normal,Normal,Intermediate,70.0
P_2390,Poor,Normal,Intermediate,Intermediate,99.0
P_2391,Normal,Poor,Normal,Normal,70.0
P_2392,Intermediate,Intermediate,Normal,Normal,70.0
P_2393,Intermediate,Normal,Normal,Normal,55.0
P_2394,Normal,Normal,Intermediate,Intermediate,70.0
P_2395,Normal,Normal,Normal,Intermediate,55.0
P_2396,Normal,Normal,Normal,Normal,40.0
P_2397,Intermediate,Intermediate,Normal,Normal,70.0
P_2398,Intermediate,Intermediate,Normal,Normal,70.0
P_2399,Intermediate,Normal,Intermediate,Intermediate,85.0
P_2400,Poor,Normal,Normal,Normal,70.0
P_2401,Intermediate,Normal,Normal,Intermediate,70.0
P_2402,Normal,Intermediate,Normal,Poor,85.0
P_2403,Normal,Normal,Normal,Normal,40.0
P_2404,Normal,Normal,Normal,Normal,40.0
P_2405,Normal,Intermediate,Intermediate,Intermediate,85.0
P_2406,Normal,Normal,Intermediate,Intermediate,70.0
P_2407,Normal,Normal,Intermediate,Normal,55.0
P_2408,Poor,Normal,Intermediate,Intermediate,99.0
P_2409,Intermediate,Intermediate,Normal,Poor,99.0
P_2410,Normal,Intermediate,Intermediate,Normal,70.0
P_2411,Normal,Normal,Normal,Normal,40.0
P_2412,Normal,Normal,Normal,Normal,40.0
P_2413,Normal,Normal,Normal,Normal,40.0
P_2414,Poor,Normal,Normal,Normal,70.0
P_2415,Poor,Poor,Normal,Normal,99.0
P_2416,Normal,Normal,Intermediate,Normal,55.0
P_2417,Intermediate,Normal,Normal,Normal,55.0
P_2418,Poor,Intermediate,Poor,Normal,99.0
P_2419,Normal,Normal,Poor,Normal,70.0
P_2420,Normal,Normal,Normal,Normal,40.0
P_2421,Normal,Normal,Poor,Normal,70.0
P_2422,Normal,Intermediate,Intermediate,Normal,70.0
P_2423,Intermediate,Normal,Intermediate,Normal,70.0
P_2424,Intermediate,Normal,Intermediate,Normal,70.0
P_2425,Normal,Normal,Normal,Poor,70.0
P_2426,Intermediate,Normal,Normal,Intermediate,70.0
P_2427,Poor,Normal,Poor,Intermediate,99.0
P_2428,Intermediate,Normal,Intermediate,Normal,70.0
P_2429,Intermediate,Normal,Normal,Intermediate,70.0
P_2430,Normal,Poor,Intermediate,Intermediate,99.0
P_2431,Normal,Intermediate,Intermediate,Normal,70.0
P_2432,Intermediate,Intermediate,Intermediate,Intermediate,99.0
P_2433,Poor,Intermediate,Normal,Poor,99.0
P_2434,Normal,Intermediate,Intermediate,Intermediate,85.0
P_2435,Normal,Intermediate,Normal,Normal,55.0
P_2436,Normal,Normal,Normal,Normal,40.0
P_2437,Intermediate,Normal,Normal,Intermediate,70.0
P_2438,Poor,Normal,Intermediate,Intermediate,99.0
P_2439,Intermediate,Poor,Normal,Normal,85.0
P_2440,Intermediate,Normal,Normal,Normal,55.0
P_2441,Normal,Poor,Normal,Normal,70.0
P_2442,Normal,Normal,Normal,Normal,40.0
P_2443,Intermediate,Normal,Intermediate,Normal,70.0
P_2444,Poor,Normal,Normal,Normal,70.0
P_2445,Intermediate,Normal,Intermediate,Intermediate,85.0
P_2446,Normal,Normal,Intermediate,Poor,85.0
P_2447,Normal,Intermediate,Normal,Normal,55.0
P_2448,Poor,Intermediate,Normal,Poor,99.0
P_2449,Normal,Intermediate,Normal,Intermediate,70.0
P_2450,Normal,Poor,Normal,Normal,70.0
P_2451,Normal,Normal,Poor,Normal,70.0
P_2452,Normal,Normal,Poor,Intermediate,85.0
P_2453,Intermediate,Intermediate,Normal,Normal,70.0
P_2454,Normal,Normal,Normal,Intermediate,55.0
P_2455,Normal,Normal,Normal,Normal,40.0
P_2456,Poor,Normal,Poor,Normal,99.0
P_2457,Normal,Normal,Normal,Normal,40.0
P_2458,Normal,Intermediate,Intermediate,Normal,70.0
P_2459,Normal,Intermediate,Normal,Normal,55.0
P_2460,Normal,Normal,Intermediate,Intermediate,70.0
P_2461,Poor,Poor,Normal,Normal,99.0
P_2462,Intermediate,Normal,Intermediate,Normal,70.0
P_2463,Normal,Normal,Normal,Intermediate,55.0
P_2464,Intermediate,Normal,Normal,Intermediate,70.0
P_2465,Intermediate,Intermediate,Intermediate,Intermediate,99.0
P_2466,Normal,Normal,Normal,Intermediate,55.0
P_2467,Normal,Intermediate,Normal,Normal,55.0
P_2468,Normal,Intermediate,Intermediate,Normal,70.0
P_2469,Normal,Normal,Normal,Normal,40.0
P_2470,Normal,Intermediate,Normal,Normal,55.0
P_2471,Normal,Normal,Normal,Intermediate,55.0
P_2472,Intermediate,Normal,Intermediate,Normal,70.0
P_2473,Normal,Normal,Normal,Intermediate,55.0
P_2474,Normal,Intermediate,Normal,Poor,85.0
P_2475,Poor,Intermediate,Poor,Normal,99.0
P_2476,Normal,Normal,Normal,Intermediate,55.0
P_2477,Poor,Normal,Normal,Intermediate,85.0
P_2478,Normal,Normal,Normal,Intermediate,55.0
P_2479,Intermediate,Normal,Normal,Normal,55.0
P_2480,Normal,Normal,Normal,Normal,40.0
P_2481,Intermediate,Poor,Normal,Intermediate,99.0
P_2482,Normal,Poor,Normal,Intermediate,85.0
P_2483,Normal,Poor,Normal,Intermediate,85.0
P_2484,Normal,Intermediate,Normal,Intermediate,70.0
P_2485,Normal,Normal,Normal,Normal,40.0
P_2486,Normal,Intermediate,Normal,Normal,55.0
P_2487,Normal,Normal,Intermediate,Intermediate,70.0
P_2488,Normal,Normal,Poor,Intermediate,85.0
P_2489,Normal,Poor,Normal,Intermediate,85.0
P_2490,Normal,Normal,Normal,Poor,70.0
P_2491,Normal,Normal,Normal,Intermediate,55.0
P_2492,Poor,Normal,Normal,Normal,70.0
P_2493,Intermediate,Normal,Normal,Normal,55.0
P_2494,Normal,Normal,Normal,Intermediate,55.0
P_2495,Normal,Intermediate,Normal,Normal,55.0
P_2496,Normal,Normal,Normal,Intermediate,55.0
P_2497,Intermediate,Normal,Normal,Intermediate,70.0
P_2498,Intermediate,Normal,Normal,Intermediate,70.0
P_2499,Normal,Normal,Normal,Normal,40.0
P_2500,Normal,Normal,Normal,Normal,40.0
P_2501,Normal,Poor,Normal,Normal,70.0
P_2502,Normal,Normal,Normal,Normal,40.0
P_2503,Normal,Normal,Normal,Poor,70.0
P_2504,Poor,Normal,Poor,Poor,99.0
P_2505,Intermediate,Poor,Intermediate,Intermediate,99.0
P_2506,Normal,Normal,Intermediate,Normal,55.0
P_2507,Normal,Intermediate,Normal,Normal,55.0
P_2508,Normal,Normal,Intermediate,Poor,85.0
P_2509,Normal,Normal,Intermediate,Intermediate,70.0
P_2510,Normal,Normal,Intermediate,Intermediate,70.0
P_2511,Poor,Normal,Normal,Normal,70.0
P_2512,Intermediate,Normal,Normal,Normal,55.0
P_2513,Intermediate,Normal,Normal,Normal,55.0
P_2514,Normal,Normal,Poor,Normal,70.0
P_2515,Normal,Poor,Poor,Normal,99.0
P_2516,Poor,Normal,Normal,Intermediate,85.0
P_2517,Normal,Normal,Normal,Intermediate,55.0
P_2518,Intermediate,Normal,Normal,Normal,55.0
P_2519,Normal,Normal,Normal,Intermediate,55.0
P_2520,Normal,Intermediate,Normal,Intermediate,70.0
P_2521,Normal,Normal,Poor,Intermediate,85.0
P_2522,Normal,Poor,Normal,Normal,70.0
P_2523,Normal,Normal,Normal,Normal,40.0
P_2524,Normal,Normal,Normal,Intermediate,55.0
P_2525,Intermediate,Normal,Normal,Normal,55.0
P_2526,Intermediate,Normal,Intermediate,Normal,70.0
P_2527,Intermediate,Poor,Normal,Intermediate,99.0
P_2528,Normal,Normal,Normal,Normal,40.0
P_2529,Normal,Normal,Intermediate,Normal,55.0
P_2530,Normal,Intermediate,Intermediate,Intermediate,85.0
P_2531,Normal,Normal,Intermediate,Intermediate,70.0
P_2532,Intermediate,Normal,Normal,Normal,55.0
P_2533,Poor,Intermediate,Normal,Intermediate,99.0
P_2534,Intermediate,Normal,Normal,Normal,55.0
P_2535,Normal,Intermediate,Normal,Normal,55.0
P_2536,Normal,Intermediate,Normal,Normal,55.0
P_2537,Intermediate,Normal,Poor,Normal,85.0
P_2538,Intermediate,Intermediate,Intermediate,Intermediate,99.0
P_2539,Normal,Normal,Normal,Intermediate,55.0
P_2540,Intermediate,Intermediate,Normal,Normal,70.0
P_2541,Intermediate,Intermediate,Normal,Normal,70.0
P_2542,Intermediate,Intermediate,Normal,Normal,70.0
P_2543,Normal,Normal,Normal,Intermediate,55.0
P_2544,Normal,Intermediate,Intermediate,Intermediate,85.0
P_2545,Normal,Poor,Intermediate,Normal,85.0
P_2546,Intermediate,Normal,Intermediate,Poor,99.0
P_2547,Normal,Normal,Normal,Normal,40.0
P_2548,Intermediate,Normal,Intermediate,Normal,70.0
P_2549,Normal,Normal,Normal,Normal,40.0
P_2550,Normal,Normal,Intermediate,Intermediate,70.0
P_2551,Normal,Intermediate,Normal,Normal,55.0
P_2552,Intermediate,Normal,Intermediate,Normal,70.0
P_2553,Intermediate,Normal,Normal,Normal,55.0
P_2554,Intermediate,Normal,Normal,Normal,55.0
P_2555,Intermediate,Intermediate,Normal,Normal,70.0
P_2556,Poor,Normal,Normal,Intermediate,85.0
P_2557,Normal,Intermediate,Poor,Intermediate,99.0
P_2558,Intermediate,Normal,Poor,Poor,99.0
P_2559,Poor,Poor,Normal,Normal,99.0
P_2560,Intermediate,Normal,Poor,Intermediate,99.0
P_2561,Normal,Intermediate,Intermediate,Normal,70.0
P_2562,Intermediate,Normal,Normal,Normal,55.0
P_2563,Poor,Poor,Normal,Normal,99.0
P_2564,Intermediate,Intermediate,Intermediate,Poor,99.0
P_2565,Normal,Normal,Normal,Normal,40.0
P_2566,Normal,Normal,Normal,Poor,70.0
P_2567,Intermediate,Normal,Normal,Intermediate,70.0
P_2568,Normal,Normal,Intermediate,Normal,55.0
P_2569,Intermediate,Intermediate,Intermediate,Normal,85.0
P_2570,Normal,Intermediate,Normal,Intermediate,70.0
P_2571,Normal,Intermediate,Normal,Normal,55.0
P_2572,Normal,Normal,Normal,Normal,40.0
P_2573,Intermediate,Normal,Normal,Intermediate,70.0
P_2574,Intermediate,Intermediate,Normal,Normal,70.0
P_2575,Normal,Intermediate,Poor,Intermediate,99.0
P_2576,Intermediate,Normal,Normal,Normal,55.0
P_2577,Intermediate,Normal,Normal,Normal,55.0
P_2578,Normal,Poor,Normal,Normal,70.0
P_2579,Normal,Normal,Intermediate,Normal,55.0
P_2580,Normal,Intermediate,Normal,Intermediate,70.0
P_2581,Intermediate,Normal,Normal,Normal,55.0
P_2582,Normal,Normal,Normal,Intermediate,55.0
P_2583,Intermediate,Normal,Normal,Normal,55.0
P_2584,Intermediate,Normal,Normal,Normal,55.0
P_2585,Intermediate,Normal,Poor,Normal,85.0
P_2586,Normal,Intermediate,Normal,Intermediate,70.0
P_2587,Normal,Normal,Normal,Poor,70.0
P_2588,Poor,Normal,Normal,Normal,70.0
P_2589,Normal,Intermediate,Normal,Intermediate,70.0
P_2590,Normal,Poor,Normal,Intermediate,85.0
P_2591,Normal,Normal,Normal,Normal,40.0
P_2592,Normal,Normal,Normal,Normal,40.0
P_2593,Normal,Intermediate,Normal,Normal,55.0
P_2594,Normal,Normal,Normal,Normal,40.0
P_2595,Normal,Normal,Normal,Poor,70.0
P_2596,Normal,Normal,Intermediate,Normal,55.0
P_2597,Normal,Intermediate,Intermediate,Normal,70.0
P_2598,Normal,Poor,Intermediate,Intermediate,99.0
P_2599,Normal,Normal,Normal,Normal,40.0
P_2600,Normal,Normal,Normal,Normal,40.0
P_2601,Intermediate,Intermediate,Normal,Normal,70.0
P_2602,Intermediate,Normal,Intermediate,Intermediate,85.0
P_2603,Normal,Intermediate,Intermediate,Normal,70.0
P_2604,Poor,Normal,Normal,Intermediate,85.0
P_2605,Normal,Normal,Poor,Normal,70.0
P_2606,Poor,Intermediate,Intermediate,Normal,99.0
P_2607,Intermediate,Normal,Normal,Normal,55.0
P_2608,Normal,Intermediate,Normal,Intermediate,70.0
P_2609,Normal,Normal,Normal,Intermediate,55.0
P_2610,Normal,Normal,Normal,Normal,40.0
P_2611,Normal,Intermediate,Normal,Intermediate,70.0
P_2612,Intermediate,Normal,Normal,Normal,55.0
P_2613,Normal,Poor,Intermediate,Normal,85.0
P_2614,Normal,Poor,Normal,Normal,70.0
P_2615,Normal,Normal,Normal,Normal,40.0
P_2616,Normal,Normal,Normal,Normal,40.0
P_2617,Normal,Normal,Normal,Normal,40.0
P_2618,Normal,Intermediate,Normal,Normal,55.0
P_2619,Poor,Normal,Normal,Intermediate,85.0
P_2620,Normal,Poor,Normal,Normal,70.0
P_2621,Normal,Intermediate,Normal,Normal,55.0
P_2622,Normal,Poor,Intermediate,Normal,85.0
P_2623,Normal,Normal,Normal,Normal,40.0
P_2624,Normal,Intermediate,Intermediate,Intermediate,85.0
P_2625,Normal,Normal,Intermediate,Normal,55.0
P_2626,Normal,Normal,Normal,Normal,40.0
P_2627,Normal,Normal,Poor,Intermediate,85.0
P_2628,Normal,Intermediate,Normal,Normal,55.0
P_2629,Normal,Poor,Intermediate,Intermediate,99.0
P_2630,Intermediate,Normal,Poor,Normal,85.0
P_2631,Normal,Intermediate,Normal,Intermediate,70.0
P_2632,Poor,Normal,Normal,Normal,70.0
P_2633,Poor,Normal,Normal,Intermediate,85.0
P_2634,Intermediate,Normal,Normal,Intermediate,70.0
P_2635,Normal,Intermediate,Normal,Intermediate,70.0
P_2636,Intermediate,Normal,Normal,Poor,85.0
P_2637,Poor,Normal,Normal,Normal,70.0
P_2638,Intermediate,Intermediate,Intermediate,Normal,85.0
P_2639,Normal,Normal,Intermediate,Normal,55.0
P_2640,Normal,Intermediate,Normal,Normal,55.0
P_2641,Intermediate,Normal,Intermediate,Normal,70.0
P_2642,Normal,Normal,Intermediate,Normal,55.0
P_2643,Intermediate,Poor,Intermediate,Intermediate,99.0
P_2644,Normal,Normal,Normal,Normal,40.0
P_2645,Intermediate,Normal,Intermediate,Normal,70.0
P_2646,Intermediate,Poor,Normal,Intermediate,99.0
P_2647,Normal,Normal,Poor,Normal,70.0
P_2648,Intermediate,Normal,Intermediate,Normal,70.0
P_2649,Intermediate,Intermediate,Intermediate,Intermediate,99.0
P_2650,Normal,Normal,Normal,Normal,40.0
P_2651,Normal,Poor,Normal,Normal,70.0
P_2652,Intermediate,Normal,Intermediate,Normal,70.0
P_2653,Normal,Normal,Normal,Intermediate,55.0
P_2654,Poor,Normal,Normal,Normal,70.0
P_2655,Intermediate,Intermediate,Poor,Normal,99.0
P_2656,Normal,Normal,Normal,Poor,70.0
P_2657,Intermediate,Normal,Normal,Normal,55.0
P_2658,Normal,Normal,Intermediate,Normal,55.0
P_2659,Normal,Normal,Intermediate,Normal,55.0
P_2660,Intermediate,Normal,Normal,Normal,55.0
P_2661,Intermediate,Intermediate,Intermediate,Normal,85.0
P_2662,Normal,Normal,Intermediate,Intermediate,70.0
P_2663,Normal,Poor,Poor,Normal,99.0
P_2664,Normal,Normal,Normal,Normal,40.0
P_2665,Intermediate,Normal,Normal,Normal,55.0
P_2666,Normal,Poor,Normal,Normal,70.0
P_2667,Normal,Poor,Poor,Intermediate,99.0
P_2668,Normal,Normal,Normal,Normal,40.0
P_2669,Normal,Normal,Normal,Normal,40.0
P_2670,Normal,Intermediate,Normal,Normal,55.0
P_2671,Normal,Intermediate,Normal,Intermediate,70.0
P_2672,Intermediate,Normal,Normal,Normal,55.0
P_2673,Poor,Poor,Intermediate,Normal,99.0
P_2674,Poor,Intermediate,Normal,Poor,99.0
P_2675,Intermediate,Intermediate,Intermediate,Intermediate,99.0
P_2676,Poor,Intermediate,Intermediate,Normal,99.0
P_2677,Normal,Normal,Normal,Intermediate,55.0
P_2678,Normal,Poor,Normal,Intermediate,85.0
P_2679,Normal,Intermediate,Intermediate,Normal,70.0
P_2680,Normal,Normal,Normal,Normal,40.0
P_2681,Normal,Intermediate,Normal,Normal,55.0
P_2682,Normal,Intermediate,Intermediate,Normal,70.0
P_2683,Normal,Intermediate,Normal,Normal,55.0
P_2684,Normal,Poor,Normal,Normal,70.0
P_2685,Normal,Poor,Normal,Poor,99.0
P_2686,Normal,Normal,Poor,Intermediate,85.0
P_2687,Normal,Intermediate,Intermediate,Normal,70.0
P_2688,Intermediate,Normal,Normal,Poor,85.0
P_2689,Normal,Normal,Normal,Normal,40.0
P_2690,Poor,Normal,Normal,Normal,70.0
P_2691,Normal,Normal,Normal,Poor,70.0
P_2692,Normal,Intermediate,Poor,Normal,85.0
P_2693,Intermediate,Normal,Normal,Normal,55.0
P_2694,Normal,Normal,Normal,Intermediate,55.0
P_2695,Normal,Normal,Intermediate,Normal,55.0
P_2696,Intermediate,Normal,Intermediate,Normal,70.0
P_2697,Intermediate,Intermediate,Intermediate,Poor,99.0
P_2698,Intermediate,Normal,Poor,Intermediate,99.0
P_2699,Normal,Intermediate,Intermediate,Normal,70.0
P_2700,Normal,Normal,Intermediate,Poor,85.0
P_2701,Intermediate,Normal,Normal,Normal,55.0
P_2702,Normal,Normal,Normal,Normal,40.0
P_2703,Normal,Intermediate,Intermediate,Intermediate,85.0
P_2704,Normal,Normal,Normal,Normal,40.0
P_2705,Normal,Normal,Normal,Normal,40.0
P_2706,Normal,Normal,Intermediate,Normal,55.0
P_2707,Poor,Normal,Normal,Normal,70.0
P_2708,Intermediate,Normal,Intermediate,Normal,70.0
P_2709,Intermediate,Intermediate,Intermediate,Normal,85.0
P_2710,Poor,Intermediate,Normal,Intermediate,99.0
P_2711,Normal,Normal,Intermediate,Intermediate,70.0
P_2712,Intermediate,Normal,Intermediate,Normal,70.0
P_2713,Intermediate,Intermediate,Normal,Intermediate,85.0
P_2714,Intermediate,Intermediate,Normal,Normal,70.0
P_2715,Intermediate,Poor,Normal,Intermediate,99.0
P_2716,Normal,Normal,Normal,Normal,40.0
P_2717,Normal,Normal,Normal,Normal,40.0
P_2718,Normal,Normal,Normal,Intermediate,55.0
P_2719,Normal,Normal,Normal,Intermediate,55.0
P_2720,Normal,Normal,Normal,Normal,40.0
P_2721,Intermediate,Intermediate,Intermediate,Intermediate,99.0
P_2722,Normal,Normal,Normal,Normal,40.0
P_2723,Intermediate,Normal,Normal,Normal,55.0
P_2724,Poor,Normal,Normal,Normal,70.0
P_2725,Normal,Normal,Normal,Intermediate,55.0
P_2726,Poor,Normal,Normal,Normal,70.0
P_2727,Poor,Normal,Intermediate,Intermediate,99.0
P_2728,Normal,Intermediate,Intermediate,Intermediate,85.0
P_2729,Normal,Intermediate,Normal,Normal,55.0
P_2730,Normal,Normal,Normal,Intermediate,55.0
P_2731,Normal,Normal,Normal,Normal,40.0
P_2732,Normal,Normal,Normal,Intermediate,55.0
P_2733,Normal,Normal,Normal,Intermediate,55.0
P_2734,Intermediate,Normal,Intermediate,Normal,70.0
P_2735,Normal,Normal,Normal,Normal,40.0
P_2736,Normal,Intermediate,Normal,Normal,55.0
P_2737,Normal,Normal,Poor,Intermediate,85.0
P_2738,Normal,Normal,Normal,Normal,40.0
P_2739,Poor,Poor,Normal,Normal,99.0
P_2740,Intermediate,Normal,Normal,Normal,55.0
P_2741,Intermediate,Normal,Normal,Poor,85.0
P_2742,Normal,Poor,Normal,Normal,70.0
P_2743,Normal,Intermediate,Normal,Normal,55.0
P_2744,Intermediate,Normal,Intermediate,Intermediate,85.0
P_2745,Normal,Normal,Normal,Normal,40.0
P_2746,Normal,Poor,Intermediate,Normal,85.0
P_2747,Normal,Intermediate,Normal,Normal,55.0
P_2748,Poor,Intermediate,Normal,Intermediate,99.0
P_2749,Normal,Normal,Poor,Normal,70.0
P_2750,Intermediate,Normal,Intermediate,Poor,99.0
P_2751,Intermediate,Intermediate,Intermediate,Poor,99.0
P_2752,Normal,Normal,Normal,Normal,40.0
P_2753,Normal,Normal,Poor,Intermediate,85.0
P_2754,Poor,Normal,Intermediate,Intermediate,99.0
P_2755,Normal,Normal,Normal,Normal,40.0
P_2756,Normal,Normal,Normal,Normal,40.0
P_2757,Normal,Normal,Poor,Normal,70.0
P_2758,Poor,Normal,Normal,Normal,70.0
P_2759,Normal,Normal,Normal,Poor,70.0
P_2760,Normal,Poor,Poor,Normal,99.0
P_2761,Normal,Normal,Normal,Intermediate,55.0
P_2762,Normal,Normal,Normal,Intermediate,55.0
P_2763,Normal,Intermediate,Normal,Normal,55.0
P_2764,Normal,Normal,Normal,Normal,40.0
P_2765,Normal,Normal,Normal,Normal,40.0
P_2766,Normal,Intermediate,Intermediate,Normal,70.0
P_2767,Normal,Normal,Poor,Normal,70.0
P_2768,Intermediate,Normal,Normal,Normal,55.0
P_2769,Intermediate,Normal,Normal,Poor,85.0
P_2770,Intermediate,Normal,Normal,Normal,55.0
P_2771,Intermediate,Normal,Intermediate,Intermediate,85.0
P_2772,Normal,Intermediate,Normal,Normal,55.0
P_2773,Poor,Intermediate,Normal,Normal,85.0
P_2774,Intermediate,Normal,Normal,Normal,55.0
P_2775,Intermediate,Poor,Normal,Poor,99.0
P_2776,Intermediate,Intermediate,Normal,Intermediate,85.0
P_2777,Normal,Normal,Normal,Poor,70.0
P_2778,Normal,Normal,Normal,Intermediate,55.0
P_2779,Normal,Normal,Intermediate,Intermediate,70.0
P_2780,Normal,Normal,Normal,Poor,70.0
P_2781,Normal,Normal,Intermediate,Normal,55.0
P_2782,Poor,Normal,Normal,Normal,70.0
P_2783,Normal,Normal,Intermediate,Normal,55.0
P_2784,Intermediate,Normal,Normal,Normal,55.0
P_2785,Normal,Poor,Normal,Normal,70.0
P_2786,Normal,Normal,Normal,Normal,40.0
P_2787,Normal,Normal,Intermediate,Normal,55.0
P_2788,Intermediate,Intermediate,Normal,Poor,99.0
P_2789,Poor,Normal,Normal,Intermediate,85.0
P_2790,Normal,Normal,Normal,Normal,40.0
P_2791,Normal,Normal,Poor,Intermediate,85.0
P_2792,Intermediate,Normal,Intermediate,Normal,70.0
P_2793,Normal,Normal,Normal,Normal,40.0
P_2794,Normal,Normal,Intermediate,Normal,55.0
P_2795,Normal,Intermediate,Poor,Intermediate,99.0
P_2796,Normal,Normal,Poor,Intermediate,85.0
P_2797,Poor,Normal,Normal,Normal,70.0
P_2798,Normal,Normal,Normal,Normal,40.0
P_2799,Normal,Normal,Normal,Normal,40.0
P_2800,Normal,Intermediate,Intermediate,Normal,70.0
P_2801,Intermediate,Intermediate,Poor,Intermediate,99.0
P_2802,Normal,Normal,Normal,Poor,70.0
P_2803,Normal,Intermediate,Normal,Normal,55.0
P_2804,Intermediate,Intermediate,Intermediate,Normal,85.0
P_2805,Intermediate,Poor,Normal,Normal,85.0
P_2806,Normal,Normal,Intermediate,Intermediate,70.0
P_2807,Normal,Intermediate,Intermediate,Normal,70.0
P_2808,Normal,Intermediate,Normal,Intermediate,70.0
P_2809,Normal,Poor,Intermediate,Poor,99.0
P_2810,Intermediate,Intermediate,Intermediate,Normal,85.0
P_2811,Normal,Normal,Normal,Normal,40.0
P_2812,Normal,Intermediate,Normal,Poor,85.0
P_2813,Intermediate,Normal,Normal,Normal,55.0
P_2814,Normal,Poor,Normal,Poor,99.0
P_2815,Normal,Normal,Normal,Normal,40.0
P_2816,Normal,Intermediate,Normal,Normal,55.0
P_2817,Normal,Intermediate,Intermediate,Normal,70.0
P_2818,Normal,Intermediate,Normal,Normal,55.0
P_2819,Intermediate,Poor,Intermediate,Normal,99.0
P_2820,Intermediate,Normal,Intermediate,Intermediate,85.0
P_2821,Normal,Poor,Intermediate,Normal,85.0
P_2822,Intermediate,Poor,Normal,Intermediate,99.0
P_2823,Normal,Normal,Intermediate,Intermediate,70.0
P_2824,Normal,Poor,Intermediate,Normal,85.0
P_2825,Intermediate,Normal,Normal,Intermediate,70.0
P_2826,Intermediate,Normal,Intermediate,Intermediate,85.0
P_2827,Normal,Intermediate,Poor,Normal,85.0
P_2828,Normal,Intermediate,Intermediate,Normal,70.0
P_2829,Normal,Intermediate,Normal,Intermediate,70.0
P_2830,Normal,Normal,Intermediate,Normal,55.0
P_2831,Intermediate,Normal,Intermediate,Poor,99.0
P_2832,Poor,Intermediate,Intermediate,Normal,99.0
P_2833,Poor,Intermediate,Normal,Normal,85.0
P_2834,Intermediate,Normal,Normal,Normal,55.0
P_2835,Normal,Intermediate,Intermediate,Normal,70.0
P_2836,Normal,Intermediate,Normal,Normal,55.0
P_2837,Poor,Intermediate,Normal,Normal,85.0
P_2838,Intermediate,Normal,Normal,Normal,55.0
P_2839,Normal,Intermediate,Poor,Normal,85.0
P_2840,Poor,Intermediate,Intermediate,Intermediate,99.0
P_2841,Intermediate,Intermediate,Normal,Normal,70.0
P_2842,Normal,Normal,Normal,Normal,40.0
P_2843,Normal,Normal,Poor,Normal,70.0
P_2844,Normal,Intermediate,Intermediate,Normal,70.0
P_2845,Intermediate,Poor,Normal,Normal,85.0
P_2846,Normal,Normal,Intermediate,Normal,55.0
P_2847,Poor,Normal,Normal,Poor,99.0
P_2848,Intermediate,Intermediate,Intermediate,Intermediate,99.0
P_2849,Normal,Normal,Normal,Intermediate,55.0
P_2850,Normal,Poor,Normal,Intermediate,85.0
P_2851,Normal,Intermediate,Normal,Normal,55.0
P_2852,Normal,Normal,Intermediate,Normal,55.0
P_2853,Intermediate,Intermediate,Intermediate,Normal,85.0
P_2854,Normal,Normal,Intermediate,Normal,55.0
P_2855,Normal,Normal,Intermediate,Intermediate,70.0
P_2856,Normal,Intermediate,Intermediate,Normal,70.0
P_2857,Poor,Normal,Intermediate,Intermediate,99.0
P_2858,Normal,Normal,Normal,Poor,70.0
P_2859,Normal,Intermediate,Normal,Intermediate,70.0
P_2860,Poor,Normal,Normal,Intermediate,85.0
P_2861,Normal,Normal,Intermediate,Intermediate,70.0
P_2862,Normal,Normal,Intermediate,Intermediate,70.0
P_2863,Normal,Normal,Normal,Normal,40.0
P_2864,Poor,Normal,Normal,Intermediate,85.0
P_2865,Intermediate,Intermediate,Normal,Poor,99.0
P_2866,Normal,Normal,Normal,Normal,40.0
P_2867,Poor,Normal,Normal,Normal,70.0
P_2868,Normal,Intermediate,Normal,Normal,55.0
P_2869,Poor,Intermediate,Normal,Normal,85.0
P_2870,Normal,Intermediate,Normal,Normal,55.0
P_2871,Normal,Intermediate,Intermediate,Normal,70.0
P_2872,Normal,Normal,Normal,Intermediate,55.0
P_2873,Normal,Normal,Intermediate,Normal,55.0
P_2874,Normal,Normal,Normal,Normal,40.0
P_2875,Normal,Normal,Normal,Intermediate,55.0
P_2876,Poor,Normal,Normal,Intermediate,85.0
P_2877,Intermediate,Intermediate,Poor,Normal,99.0
P_2878,Normal,Normal,Normal,Normal,40.0
P_2879,Normal,Normal,Normal,Normal,40.0
P_2880,Intermediate,Normal,Intermediate,Normal,70.0
P_2881,Intermediate,Normal,Normal,Normal,55.0
P_2882,Normal,Normal,Normal,Poor,70.0
P_2883,Normal,Normal,Normal,Intermediate,55.0
P_2884,Normal,Intermediate,Intermediate,Intermediate,85.0
P_2885,Normal,Poor,Normal,Intermediate,85.0
P_2886,Intermediate,Intermediate,Normal,Normal,70.0
P_2887,Intermediate,Normal,Normal,Normal,55.0
P_2888,Intermediate,Normal,Normal,Normal,55.0
P_2889,Normal,Normal,Normal,Normal,40.0
P_2890,Intermediate,Normal,Normal,Intermediate,70.0
P_2891,Poor,Intermediate,Normal,Poor,99.0
P_2892,Intermediate,Normal,Normal,Normal,55.0
P_2893,Intermediate,Normal,Normal,Intermediate,70.0
P_2894,Poor,Normal,Normal,Normal,70.0
P_2895,Normal,Intermediate,Normal,Intermediate,70.0
P_2896,Normal,Intermediate,Poor,Normal,85.0
P_2897,Normal,Normal,Intermediate,Normal,55.0
P_2898,Normal,Intermediate,Normal,Intermediate,70.0
P_2899,Intermediate,Intermediate,Normal,Normal,70.0
P_2900,Normal,Intermediate,Intermediate,Normal,70.0
P_2901,Normal,Normal,Intermediate,Intermediate,70.0
P_2902,Intermediate,Intermediate,Intermediate,Normal,85.0
P_2903,Normal,Normal,Normal,Normal,40.0
P_2904,Normal,Normal,Intermediate,Intermediate,70.0
P_2905,Poor,Poor,Normal,Normal,99.0
P_2906,Intermediate,Normal,Normal,Intermediate,70.0
P_2907,Normal,Normal,Normal,Intermediate,55.0
P_2908,Normal,Normal,Intermediate,Intermediate,70.0
P_2909,Normal,Normal,Intermediate,Normal,55.0
P_2910,Normal,Intermediate,Intermediate,Intermediate,85.0
P_2911,Normal,Intermediate,Normal,Normal,55.0
P_2912,Intermediate,Normal,Intermediate,Normal,70.0
P_2913,Normal,Normal,Normal,Normal,40.0
P_2914,Normal,Intermediate,Normal,Normal,55.0
P_2915,Normal,Poor,Intermediate,Poor,99.0
P_2916,Normal,Normal,Poor,Intermediate,85.0
P_2917,Normal,Intermediate,Intermediate,Intermediate,85.0
P_2918,Normal,Intermediate,Normal,Normal,55.0
P_2919,Normal,Normal,Intermediate,Intermediate,70.0
P_2920,Poor,Intermediate,Normal,Normal,85.0
P_2921,Intermediate,Intermediate,Normal,Intermediate,85.0
P_2922,Intermediate,Normal,Intermediate,Intermediate,85.0
P_2923,Normal,Intermediate,Normal,Intermediate,70.0
P_2924,Normal,Normal,Intermediate,Poor,85.0
P_2925,Normal,Intermediate,Normal,Normal,55.0
P_2926,Intermediate,Normal,Normal,Normal,55.0
P_2927,Intermediate,Intermediate,Normal,Normal,70.0
P_2928,Poor,Intermediate,Normal,Normal,85.0
P_2929,Normal,Normal,Normal,Normal,40.0
P_2930,Normal,Normal,Intermediate,Normal,55.0
P_2931,Normal,Poor,Normal,Intermediate,85.0
P_2932,Normal,Normal,Normal,Normal,40.0
P_2933,Normal,Intermediate,Normal,Intermediate,70.0
P_2934,Intermediate,Poor,Normal,Normal,85.0
P_2935,Normal,Normal,Intermediate,Normal,55.0
P_2936,Normal,Poor,Intermediate,Intermediate,99.0
P_2937,Normal,Poor,Intermediate,Normal,85.0
P_2938,Intermediate,Normal,Intermediate,Normal,70.0
P_2939,Normal,Normal,Normal,Intermediate,55.0
P_2940,Normal,Intermediate,Normal,Normal,55.0
P_2941,Normal,Normal,Poor,Poor,99.0
P_2942,Normal,Intermediate,Intermediate,Poor,99.0
P_2943,Intermediate,Normal,Normal,Intermediate,70.0
P_2944,Intermediate,Normal,Normal,Intermediate,70.0
P_2945,Intermediate,Intermediate,Normal,Normal,70.0
P_2946,Intermediate,Normal,Poor,Normal,85.0
P_2947,Intermediate,Normal,Normal,Intermediate,70.0
P_2948,Normal,Intermediate,Normal,Normal,55.0
P_2949,Normal,Intermediate,Normal,Normal,55.0
P_2950,Intermediate,Normal,Intermediate,Normal,70.0
P_2951,Normal,Intermediate,Normal,Intermediate,70.0
P_2952,Normal,Intermediate,Normal,Normal,55.0
P_2953,Normal,Normal,Normal,Intermediate,55.0
P_2954,Normal,Normal,Normal,Normal,40.0
P_2955,Normal,Intermediate,Poor,Poor,99.0
P_2956,Normal,Poor,Normal,Intermediate,85.0
P_2957,Normal,Intermediate,Normal,Normal,55.0
P_2958,Normal,Normal,Normal,Poor,70.0
P_2959,Normal,Normal,Intermediate,Intermediate,70.0
P_2960,Intermediate,Normal,Normal,Normal,55.0
P_2961,Normal,Poor,Normal,Normal,70.0
P_2962,Intermediate,Normal,Normal,Poor,85.0
P_2963,Normal,Normal,Normal,Intermediate,55.0
P_2964,Normal,Intermediate,Normal,Poor,85.0
P_2965,Normal,Normal,Intermediate,Normal,55.0
P_2966,Intermediate,Intermediate,Intermediate,Intermediate,99.0
P_2967,Normal,Intermediate,Normal,Intermediate,70.0
P_2968,Normal,Normal,Poor,Normal,70.0
P_2969,Normal,Normal,Intermediate,Intermediate,70.0
P_2970,Poor,Normal,Poor,Normal,99.0
P_2971,Intermediate,Intermediate,Intermediate,Normal,85.0
P_2972,Poor,Normal,Intermediate,Normal,85.0
P_2973,Normal,Normal,Intermediate,Poor,85.0
P_2974,Normal,Normal,Normal,Intermediate,55.0
P_2975,Intermediate,Intermediate,Normal,Normal,70.0
P_2976,Normal,Intermediate,Intermediate,Normal,70.0
P_2977,Normal,Normal,Normal,Intermediate,55.0
P_2978,Poor,Normal,Intermediate,Intermediate,99.0
P_2979,Normal,Normal,Intermediate,Normal,55.0
P_2980,Normal,Normal,Intermediate,Intermediate,70.0
P_2981,Normal,Poor,Intermediate,Normal,85.0
P_2982,Intermediate,Intermediate,Normal,Normal,70.0
P_2983,Normal,Normal,Normal,Normal,40.0
P_2984,Intermediate,Normal,Normal,Normal,55.0
P_2985,Normal,Normal,Intermediate,Intermediate,70.0
P_2986,Normal,Normal,Normal,Normal,40.0
P_2987,Intermediate,Intermediate,Normal,Normal,70.0
P_2988,Intermediate,Normal,Normal,Normal,55.0
P_2989,Normal,Normal,Normal,Normal,40.0
P_2990,Normal,Normal,Normal,Normal,40.0
P_2991,Intermediate,Normal,Normal,Intermediate,70.0
P_2992,Normal,Normal,Normal,Intermediate,55.0
P_2993,Poor,Normal,Intermediate,Normal,85.0
P_2994,Normal,Normal,Normal,Normal,40.0
P_2995,Intermediate,Normal,Intermediate,Normal,70.0
P_2996,Normal,Normal,Normal,Poor,70.0
P_2997,Normal,Normal,Normal,Intermediate,55.0
P_2998,Normal,Normal,Normal,Normal,40.0
P_2999,Normal,Normal,Normal,Intermediate,55.0
P_3000,Normal,Normal,Normal,Poor,70.0
P_3001,Normal,Normal,Intermediate,Intermediate,70.0
P_3002,Normal,Normal,Intermediate,Intermediate,70.0
P_3003,Normal,Normal,Normal,Normal,40.0
P_3004,Normal,Intermediate,Normal,Normal,55.0
P_3005,Intermediate,Intermediate,Intermediate,Poor,99.0
P_3006,Normal,Intermediate,Poor,Normal,85.0
P_3007,Intermediate,Intermediate,Normal,Normal,70.0
P_3008,Normal,Normal,Normal,Normal,40.0
P_3009,Normal,Normal,Poor,Poor,99.0
P_3010,Normal,Poor,Intermediate,Normal,85.0
P_3011,Normal,Intermediate,Intermediate,Normal,70.0
P_3012,Intermediate,Normal,Intermediate,Intermediate,85.0
P_3013,Normal,Intermediate,Intermediate,Normal,70.0
P_3014,Intermediate,Normal,Normal,Normal,55.0
P_3015,Normal,Normal,Intermediate,Normal,55.0
P_3016,Normal,Normal,Normal,Normal,40.0
P_3017,Normal,Normal,Poor,Normal,70.0
P_3018,Normal,Intermediate,Normal,Normal,55.0
P_3019,Normal,Normal,Normal,Intermediate,55.0
P_3020,Poor,Intermediate,Poor,Normal,99.0
P_3021,Poor,Poor,Normal,Normal,99.0
P_3022,Intermediate,Intermediate,Normal,Normal,70.0
P_3023,Normal,Intermediate,Normal,Intermediate,70.0
P_3024,Normal,Normal,Intermediate,Normal,55.0
P_3025,Intermediate,Normal,Normal,Intermediate,70.0
P_3026,Intermediate,Normal,Poor,Poor,99.0
P_3027,Intermediate,Poor,Intermediate,Poor,99.0
P_3028,Normal,Normal,Normal,Poor,70.0
P_3029,Poor,Normal,Normal,Normal,70.0
P_3030,Normal,Normal,Poor,Normal,70.0
P_3031,Intermediate,Intermediate,Intermediate,Intermediate,99.0
P_3032,Normal,Normal,Normal,Intermediate,55.0
P_3033,Normal,Intermediate,Normal,Poor,85.0
P_3034,Normal,Normal,Normal,Poor,70.0
P_3035,Intermediate,Intermediate,Normal,Intermediate,85.0
P_3036,Intermediate,Normal,Normal,Poor,85.0
P_3037,Intermediate,Normal,Intermediate,Intermediate,85.0
P_3038,Normal,Normal,Poor,Poor,99.0
P_3039,Intermediate,Normal,Normal,Intermediate,70.0
P_3040,Normal,Normal,Normal,Intermediate,55.0
P_3041,Normal,Normal,Normal,Normal,40.0
P_3042,Normal,Normal,Intermediate,Intermediate,70.0
P_3043,Normal,Normal,Normal,Normal,40.0
P_3044,Normal,Normal,Normal,Normal,40.0
P_3045,Intermediate,Intermediate,Intermediate,Intermediate,99.0
P_3046,Intermediate,Intermediate,Normal,Normal,70.0
P_3047,Intermediate,Normal,Poor,Normal,85.0
P_3048,Normal,Normal,Poor,Normal,70.0
P_3049,Intermediate,Normal,Poor,Intermediate,99.0
P_3050,Normal,Normal,Normal,Normal,40.0
P_3051,Normal,Poor,Normal,Intermediate,85.0
P_3052,Normal,Normal,Normal,Poor,70.0
P_3053,Normal,Normal,Poor,Poor,99.0
P_3054,Normal,Normal,Poor,Normal,70.0
P_3055,Normal,Poor,Normal,Normal,70.0
P_3056,Normal,Normal,Intermediate,Intermediate,70.0
P_3057,Normal,Normal,Normal,Normal,40.0
P_3058,Normal,Intermediate,Intermediate,Intermediate,85.0
P_3059,Intermediate,Intermediate,Normal,Normal,70.0
P_3060,Normal,Intermediate,Intermediate,Normal,70.0
P_3061,Intermediate,Normal,Normal,Normal,55.0
P_3062,Normal,Poor,Normal,Intermediate,85.0
P_3063,Poor,Intermediate,Normal,Normal,85.0
P_3064,Normal,Normal,Normal,Poor,70.0
P_3065,Poor,Poor,Poor,Normal,99.0
P_3066,Normal,Normal,Normal,Poor,70.0
P_3067,Normal,Normal,Poor,Normal,70.0
P_3068,Normal,Normal,Normal,Intermediate,55.0
P_3069,Normal,Intermediate,Normal,Normal,55.0
P_3070,Intermediate,Intermediate,Normal,Intermediate,85.0
P_3071,Poor,Poor,Normal,Intermediate,99.0
P_3072,Normal,Normal,Intermediate,Poor,85.0
P_3073,Normal,Intermediate,Normal,Normal,55.0
P_3074,Normal,Normal,Poor,Poor,99.0
P_3075,Normal,Intermediate,Normal,Normal,55.0
P_3076,Normal,Intermediate,Normal,Intermediate,70.0
P_3077,Normal,Normal,Intermediate,Normal,55.0
P_3078,Normal,Normal,Normal,Poor,70.0
P_3079,Poor,Intermediate,Normal,Intermediate,99.0
P_3080,Normal,Normal,Intermediate,Normal,55.0
P_3081,Poor,Intermediate,Normal,Normal,85.0
P_3082,Normal,Normal,Intermediate,Poor,85.0
P_3083,Normal,Normal,Normal,Poor,70.0
P_3084,Normal,Normal,Normal,Normal,40.0
P_3085,Normal,Normal,Normal,Intermediate,55.0
P_3086,Normal,Intermediate,Intermediate,Intermediate,85.0
P_3087,Normal,Normal,Normal,Normal,40.0
P_3088,Intermediate,Intermediate,Normal,Poor,99.0
P_3089,Normal,Poor,Intermediate,Normal,85.0
P_3090,Normal,Intermediate,Normal,Normal,55.0
P_3091,Intermediate,Normal,Intermediate,Normal,70.0
P_3092,Normal,Normal,Normal,Normal,40.0
P_3093,Normal,Poor,Normal,Intermediate,85.0
P_3094,Intermediate,Normal,Normal,Intermediate,70.0
P_3095,Intermediate,Normal,Normal,Poor,85.0
P_3096,Normal,Normal,Normal,Normal,40.0
P_3097,Normal,Normal,Normal,Poor,70.0
P_3098,Normal,Intermediate,Poor,Intermediate,99.0
P_3099,Normal,Intermediate,Normal,Normal,55.0
P_3100,Poor,Normal,Normal,Intermediate,85.0
P_3101,Normal,Normal,Intermediate,Intermediate,70.0
P_3102,Intermediate,Normal,Normal,Intermediate,70.0
P_3103,Normal,Intermediate,Normal,Normal,55.0
P_3104,Normal,Normal,Intermediate,Normal,55.0
P_3105,Poor,Normal,Normal,Intermediate,85.0
P_3106,Intermediate,Normal,Normal,Intermediate,70.0
P_3107,Poor,Normal,Normal,Intermediate,85.0
P_3108,Normal,Poor,Intermediate,Normal,85.0
P_3109,Poor,Normal,Intermediate,Normal,85.0
P_3110,Poor,Poor,Normal,Normal,99.0
P_3111,Normal,Normal,Normal,Normal,40.0
P_3112,Normal,Normal,Normal,Normal,40.0
P_3113,Intermediate,Intermediate,Normal,Poor,99.0
P_3114,Normal,Intermediate,Normal,Normal,55.0
P_3115,Normal,Normal,Poor,Poor,99.0
P_3116,Normal,Poor,Normal,Normal,70.0
P_3117,Normal,Normal,Normal,Intermediate,55.0
P_3118,Poor,Normal,Intermediate,Intermediate,99.0
P_3119,Normal,Intermediate,Normal,Poor,85.0
P_3120,Normal,Normal,Normal,Normal,40.0
P_3121,Intermediate,Normal,Intermediate,Intermediate,85.0
P_3122,Normal,Normal,Normal,Intermediate,55.0
P_3123,Poor,Normal,Normal,Intermediate,85.0
P_3124,Normal,Poor,Intermediate,Intermediate,99.0
P_3125,Normal,Normal,Normal,Normal,40.0
P_3126,Intermediate,Normal,Intermediate,Intermediate,85.0
P_3127,Normal,Intermediate,Normal,Intermediate,70.0
P_3128,Normal,Normal,Normal,Intermediate,55.0
P_3129,Poor,Normal,Normal,Intermediate,85.0
P_3130,Poor,Normal,Intermediate,Intermediate,99.0
P_3131,Intermediate,Intermediate,Intermediate,Normal,85.0
P_3132,Intermediate,Normal,Intermediate,Normal,70.0
P_3133,Intermediate,Normal,Normal,Normal,55.0
P_3134,Normal,Normal,Normal,Normal,40.0
P_3135,Poor,Normal,Poor,Intermediate,99.0
P_3136,Normal,Normal,Intermediate,Normal,55.0
P_3137,Intermediate,Intermediate,Intermediate,Normal,85.0
P_3138,Normal,Intermediate,Normal,Poor,85.0
P_3139,Normal,Intermediate,Normal,Intermediate,70.0
P_3140,Normal,Normal,Intermediate,Normal,55.0
P_3141,Normal,Intermediate,Poor,Normal,85.0
P_3142,Intermediate,Intermediate,Normal,Normal,70.0
P_3143,Normal,Normal,Normal,Normal,40.0
P_3144,Intermediate,Normal,Normal,Normal,55.0
P_3145,Normal,Intermediate,Intermediate,Poor,99.0
P_3146,Normal,Poor,Poor,Normal,99.0
P_3147,Normal,Normal,Normal,Normal,40.0
P_3148,Intermediate,Intermediate,Normal,Normal,70.0
P_3149,Normal,Normal,Normal,Normal,40.0
P_3150,Normal,Normal,Intermediate,Normal,55.0
P_3151,Intermediate,Intermediate,Intermediate,Intermediate,99.0
P_3152,Normal,Normal,Normal,Normal,40.0
P_3153,Normal,Normal,Normal,Normal,40.0
P_3154,Normal,Normal,Intermediate,Normal,55.0
P_3155,Normal,Normal,Normal,Intermediate,55.0
P_3156,Normal,Normal,Intermediate,Normal,55.0
P_3157,Normal,Intermediate,Normal,Normal,55.0
P_3158,Normal,Normal,Normal,Intermediate,55.0
P_3159,Intermediate,Normal,Normal,Intermediate,70.0
P_3160,Normal,Poor,Normal,Normal,70.0
P_3161,Normal,Intermediate,Normal,Intermediate,70.0
P_3162,Normal,Normal,Normal,Normal,40.0
P_3163,Intermediate,Normal,Normal,Intermediate,70.0
P_3164,Normal,Intermediate,Intermediate,Intermediate,85.0
P_3165,Normal,Normal,Normal,Normal,40.0
P_3166,Normal,Intermediate,Normal,Intermediate,70.0
P_3167,Normal,Normal,Poor,Intermediate,85.0
P_3168,Intermediate,Normal,Normal,Intermediate,70.0
P_3169,Normal,Normal,Normal,Normal,40.0
P_3170,Normal,Poor,Intermediate,Intermediate,99.0
P_3171,Poor,Normal,Normal,Normal,70.0
P_3172,Poor,Normal,Normal,Normal,70.0
P_3173,Normal,Normal,Normal,Normal,40.0
P_3174,Intermediate,Intermediate,Normal,Normal,70.0
P_3175,Normal,Poor,Intermediate,Normal,85.0
P_3176,Poor,Normal,Normal,Intermediate,85.0
P_3177,Normal,Normal,Normal,Intermediate,55.0
P_3178,Intermediate,Normal,Intermediate,Intermediate,85.0
P_3179,Intermediate,Intermediate,Normal,Poor,99.0
P_3180,Normal,Intermediate,Normal,Intermediate,70.0
P_3181,Normal,Normal,Normal,Normal,40.0
P_3182,Intermediate,Intermediate,Normal,Normal,70.0
P_3183,Normal,Normal,Normal,Intermediate,55.0
P_3184,Normal,Normal,Normal,Normal,40.0
P_3185,Normal,Intermediate,Intermediate,Normal,70.0
P_3186,Poor,Normal,Normal,Normal,70.0
P_3187,Normal,Normal,Normal,Normal,40.0
P_3188,Intermediate,Poor,Normal,Intermediate,99.0
P_3189,Intermediate,Intermediate,Intermediate,Poor,99.0
P_3190,Normal,Intermediate,Normal,Normal,55.0
P_3191,Normal,Normal,Intermediate,Normal,55.0
P_3192,Intermediate,Normal,Normal,Intermediate,70.0
P_3193,Normal,Intermediate,Intermediate,Intermediate,85.0
P_3194,Normal,Normal,Normal,Poor,70.0
P_3195,Intermediate,Normal,Normal,Poor,85.0
P_3196,Normal,Normal,Normal,Normal,40.0
P_3197,Normal,Intermediate,Intermediate,Normal,70.0
P_3198,Normal,Intermediate,Intermediate,Normal,70.0
P_3199,Normal,Poor,Normal,Normal,70.0
P_3200,Normal,Normal,Poor,Normal,70.0
P_3201,Normal,Intermediate,Poor,Normal,85.0
P_3202,Intermediate,Intermediate,Normal,Intermediate,85.0
P_3203,Intermediate,Intermediate,Intermediate,Poor,99.0
P_3204,Normal,Intermediate,Normal,Normal,55.0
P_3205,Intermediate,Intermediate,Normal,Intermediate,85.0
P_3206,Normal,Normal,Normal,Normal,40.0
P_3207,Intermediate,Normal,Normal,Normal,55.0
P_3208,Poor,Normal,Normal,Poor,99.0
P_3209,Intermediate,Normal,Normal,Normal,55.0
P_3210,Normal,Normal,Normal,Normal,40.0
P_3211,Normal,Poor,Normal,Intermediate,85.0
P_3212,Intermediate,Normal,Normal,Normal,55.0
P_3213,Intermediate,Intermediate,Intermediate,Normal,85.0
P_3214,Normal,Normal,Normal,Normal,40.0
P_3215,Intermediate,Normal,Poor,Normal,85.0
P_3216,Normal,Normal,Poor,Intermediate,85.0
P_3217,Normal,Poor,Normal,Intermediate,85.0
P_3218,Normal,Normal,Normal,Poor,70.0
P_3219,Normal,Normal,Poor,Normal,70.0
P_3220,Intermediate,Normal,Intermediate,Normal,70.0
P_3221,Intermediate,Normal,Intermediate,Intermediate,85.0
P_3222,Normal,Intermediate,Poor,Normal,85.0
P_3223,Intermediate,Intermediate,Normal,Normal,70.0
P_3224,Normal,Normal,Intermediate,Intermediate,70.0
P_3225,Poor,Normal,Poor,Intermediate,99.0
P_3226,Normal,Intermediate,Normal,Normal,55.0
P_3227,Intermediate,Normal,Intermediate,Normal,70.0
P_3228,Normal,Intermediate,Normal,Normal,55.0
P_3229,Normal,Normal,Normal,Normal,40.0
P_3230,Normal,Normal,Normal,Intermediate,55.0
P_3231,Intermediate,Normal,Poor,Normal,85.0
P_3232,Normal,Normal,Poor,Poor,99.0
P_3233,Normal,Normal,Normal,Normal,40.0
P_3234,Intermediate,Normal,Normal,Normal,55.0
P_3235,Intermediate,Intermediate,Normal,Poor,99.0
P_3236,Poor,Intermediate,Normal,Poor,99.0
P_3237,Normal,Intermediate,Normal,Intermediate,70.0
P_3238,Normal,Normal,Normal,Poor,70.0
P_3239,Intermediate,Normal,Normal,Normal,55.0
P_3240,Normal,Normal,Normal,Intermediate,55.0
P_3241,Normal,Intermediate,Normal,Intermediate,70.0
P_3242,Intermediate,Normal,Normal,Poor,85.0
P_3243,Normal,Intermediate,Intermediate,Normal,70.0
P_3244,Normal,Normal,Normal,Normal,40.0
P_3245,Intermediate,Normal,Normal,Normal,55.0
P_3246,Normal,Intermediate,Normal,Intermediate,70.0
P_3247,Normal,Normal,Normal,Intermediate,55.0
P_3248,Intermediate,Normal,Intermediate,Normal,70.0
P_3249,Normal,Normal,Normal,Normal,40.0
P_3250,Poor,Intermediate,Normal,Normal,85.0
P_3251,Normal,Normal,Normal,Poor,70.0
P_3252,Normal,Intermediate,Poor,Normal,85.0
P_3253,Normal,Poor,Normal,Normal,70.0
P_3254,Normal,Normal,Intermediate,Normal,55.0
P_3255,Intermediate,Normal,Intermediate,Normal,70.0
P_3256,Normal,Normal,Normal,Normal,40.0
P_3257,Intermediate,Normal,Normal,Normal,55.0
P_3258,Intermediate,Poor,Normal,Normal,85.0
P_3259,Normal,Normal,Intermediate,Intermediate,70.0
P_3260,Normal,Normal,Poor,Normal,70.0
P_3261,Normal,Normal,Normal,Normal,40.0
P_3262,Normal,Normal,Intermediate,Intermediate,70.0
P_3263,Normal,Poor,Intermediate,Normal,85.0
P_3264,Poor,Normal,Poor,Intermediate,99.0
P_3265,Normal,Normal,Normal,Intermediate,55.0
P_3266,Normal,Normal,Normal,Normal,40.0
P_3267,Normal,Intermediate,Normal,Normal,55.0
P_3268,Normal,Normal,Normal,Normal,40.0
P_3269,Normal,Normal,Poor,Normal,70.0
P_3270,Intermediate,Normal,Normal,Intermediate,70.0
P_3271,Intermediate,Intermediate,Normal,Normal,70.0
P_3272,Normal,Normal,Normal,Normal,40.0
P_3273,Intermediate,Normal,Intermediate,Poor,99.0
P_3274,Intermediate,Normal,Normal,Normal,55.0
P_3275,Normal,Normal,Intermediate,Normal,55.0
P_3276,Poor,Normal,Normal,Poor,99.0
P_3277,Intermediate,Intermediate,Normal,Normal,70.0
P_3278,Normal,Normal,Normal,Normal,40.0
P_3279,Normal,Normal,Intermediate,Normal,55.0
P_3280,Intermediate,Normal,Normal,Poor,85.0
P_3281,Normal,Normal,Normal,Poor,70.0
P_3282,Normal,Intermediate,Normal,Poor,85.0
P_3283,Normal,Poor,Normal,Intermediate,85.0
P_3284,Poor,Intermediate,Normal,Intermediate,99.0
P_3285,Normal,Normal,Normal,Normal,40.0
P_3286,Normal,Intermediate,Normal,Normal,55.0
P_3287,Normal,Normal,Normal,Normal,40.0
P_3288,Normal,Normal,Normal,Normal,40.0
P_3289,Intermediate,Normal,Normal,Poor,85.0
P_3290,Normal,Normal,Poor,Normal,70.0
P_3291,Poor,Normal,Intermediate,Poor,99.0
P_3292,Intermediate,Normal,Normal,Normal,55.0
P_3293,Normal,Normal,Intermediate,Normal,55.0
P_3294,Intermediate,Intermediate,Intermediate,Normal,85.0
P_3295,Normal,Intermediate,Normal,Normal,55.0
P_3296,Normal,Poor,Poor,Normal,99.0
P_3297,Poor,Normal,Intermediate,Normal,85.0
P_3298,Intermediate,Normal,Normal,Poor,85.0
P_3299,Intermediate,Intermediate,Normal,Normal,70.0
P_3300,Normal,Normal,Poor,Intermediate,85.0
P_3301,Normal,Intermediate,Poor,Normal,85.0
P_3302,Normal,Normal,Normal,Poor,70.0
P_3303,Intermediate,Poor,Normal,Normal,85.0
P_3304,Intermediate,Intermediate,Poor,Intermediate,99.0
P_3305,Poor,Normal,Normal,Normal,70.0
P_3306,Normal,Normal,Normal,Intermediate,55.0
P_3307,Normal,Normal,Intermediate,Normal,55.0
P_3308,Normal,Normal,Poor,Normal,70.0
P_3309,Normal,Normal,Normal,Poor,70.0
P_3310,Normal,Normal,Normal,Normal,40.0
P_3311,Normal,Normal,Intermediate,Intermediate,70.0
P_3312,Normal,Intermediate,Normal,Normal,55.0
P_3313,Normal,Intermediate,Normal,Normal,55.0
P_3314,Intermediate,Poor,Normal,Normal,85.0
P_3315,Normal,Normal,Normal,Normal,40.0
P_3316,Intermediate,Normal,Intermediate,Normal,70.0
P_3317,Normal,Intermediate,Intermediate,Intermediate,85.0
P_3318,Intermediate,Normal,Intermediate,Normal,70.0
P_3319,Poor,Intermediate,Normal,Normal,85.0
P_3320,Intermediate,Intermediate,Normal,Intermediate,85.0
P_3321,Normal,Intermediate,Normal,Intermediate,70.0
P_3322,Intermediate,Normal,Normal,Normal,55.0
P_3323,Intermediate,Intermediate,Poor,Intermediate,99.0
P_3324,Normal,Normal,Intermediate,Intermediate,70.0
P_3325,Poor,Normal,Normal,Intermediate,85.0
P_3326,Intermediate,Normal,Normal,Poor,85.0
P_3327,Intermediate,Normal,Normal,Normal,55.0
P_3328,Normal,Normal,Intermediate,Normal,55.0
P_3329,Normal,Intermediate,Normal,Normal,55.0
P_3330,Intermediate,Normal,Intermediate,Intermediate,85.0
P_3331,Normal,Intermediate,Normal,Intermediate,70.0
P_3332,Intermediate,Normal,Intermediate,Normal,70.0
P_3333,Intermediate,Normal,Normal,Normal,55.0
P_3334,Normal,Intermediate,Intermediate,Normal,70.0
P_3335,Poor,Normal,Normal,Normal,70.0
P_3336,Poor,Normal,Normal,Intermediate,85.0
P_3337,Normal,Normal,Poor,Normal,70.0
P_3338,Normal,Normal,Intermediate,Intermediate,70.0
P_3339,Normal,Normal,Normal,Normal,40.0
P_3340,Normal,Normal,Normal,Intermediate,55.0
P_3341,Normal,Intermediate,Intermediate,Normal,70.0
P_3342,Normal,Normal,Normal,Normal,40.0
P_3343,Normal,Normal,Normal,Normal,40.0
P_3344,Normal,Normal,Normal,Intermediate,55.0
P_3345,Poor,Intermediate,Normal,Poor,99.0
P_3346,Normal,Normal,Normal,Poor,70.0
P_3347,Intermediate,Normal,Normal,Intermediate,70.0
P_3348,Normal,Intermediate,Intermediate,Normal,70.0
P_3349,Intermediate,Normal,Normal,Intermediate,70.0
P_3350,Normal,Normal,Poor,Normal,70.0
P_3351,Normal,Normal,Poor,Intermediate,85.0
P_3352,Poor,Normal,Normal,Normal,70.0
P_3353,Poor,Intermediate,Normal,Normal,85.0
P_3354,Intermediate,Normal,Normal,Normal,55.0
P_3355,Normal,Normal,Normal,Normal,40.0
P_3356,Normal,Normal,Normal,Poor,70.0
P_3357,Normal,Poor,Normal,Normal,70.0
P_3358,Normal,Intermediate,Normal,Normal,55.0
P_3359,Normal,Normal,Poor,Normal,70.0
P_3360,Normal,Intermediate,Intermediate,Normal,70.0
P_3361,Normal,Intermediate,Intermediate,Intermediate,85.0
P_3362,Normal,Normal,Normal,Normal,40.0
P_3363,Normal,Intermediate,Intermediate,Normal,70.0
P_3364,Normal,Intermediate,Normal,Normal,55.0
P_3365,Normal,Normal,Normal,Intermediate,55.0
P_3366,Intermediate,Normal,Normal,Poor,85.0
P_3367,Normal,Normal,Normal,Normal,40.0
P_3368,Normal,Normal,Intermediate,Poor,85.0
P_3369,Normal,Normal,Intermediate,Poor,85.0
P_3370,Intermediate,Normal,Normal,Normal,55.0
P_3371,Normal,Normal,Intermediate,Intermediate,70.0
P_3372,Intermediate,Intermediate,Intermediate,Intermediate,99.0
P_3373,Normal,Poor,Intermediate,Normal,85.0
P_3374,Intermediate,Normal,Normal,Normal,55.0
P_3375,Normal,Intermediate,Normal,Normal,55.0
P_3376,Poor,Poor,Normal,Normal,99.0
P_3377,Normal,Normal,Intermediate,Intermediate,70.0
P_3378,Normal,Normal,Normal,Intermediate,55.0
P_3379,Normal,Normal,Intermediate,Normal,55.0
P_3380,Intermediate,Intermediate,Intermediate,Normal,85.0
P_3381,Normal,Poor,Normal,Intermediate,85.0
P_3382,Intermediate,Normal,Normal,Normal,55.0
P_3383,Normal,Intermediate,Intermediate,Intermediate,85.0
P_3384,Normal,Intermediate,Intermediate,Intermediate,85.0
P_3385,Normal,Intermediate,Normal,Normal,55.0
P_3386,Normal,Intermediate,Normal,Intermediate,70.0
P_3387,Normal,Normal,Normal,Intermediate,55.0
P_3388,Poor,Normal,Normal,Intermediate,85.0
P_3389,Normal,Normal,Intermediate,Normal,55.0
P_3390,Intermediate,Normal,Normal,Intermediate,70.0
P_3391,Poor,Normal,Normal,Normal,70.0
P_3392,Normal,Normal,Intermediate,Normal,55.0
P_3393,Normal,Poor,Intermediate,Normal,85.0
P_3394,Normal,Normal,Intermediate,Normal,55.0
P_3395,Normal,Normal,Intermediate,Normal,55.0
P_3396,Intermediate,Normal,Normal,Intermediate,70.0
P_3397,Intermediate,Intermediate,Normal,Normal,70.0
P_3398,Normal,Normal,Normal,Intermediate,55.0
P_3399,Normal,Intermediate,Intermediate,Intermediate,85.0
P_3400,Poor,Normal,Intermediate,Normal,85.0
P_3401,Normal,Poor,Normal,Normal,70.0
P_3402,Normal,Intermediate,Normal,Normal,55.0
P_3403,Intermediate,Intermediate,Intermediate,Normal,85.0
P_3404,Normal,Intermediate,Poor,Normal,85.0
P_3405,Intermediate,Intermediate,Normal,Normal,70.0
P_3406,Normal,Intermediate,Normal,Intermediate,70.0
P_3407,Poor,Normal,Normal,Intermediate,85.0
P_3408,Poor,Intermediate,Intermediate,Normal,99.0
P_3409,Intermediate,Intermediate,Normal,Normal,70.0
P_3410,Poor,Normal,Poor,Normal,99.0
P_3411,Normal,Normal,Normal,Normal,40.0
P_3412,Intermediate,Intermediate,Normal,Poor,99.0
P_3413,Intermediate,Normal,Poor,Normal,85.0
P_3414,Normal,Intermediate,Poor,Normal,85.0
P_3415,Normal,Normal,Normal,Normal,40.0
P_3416,Normal,Intermediate,Normal,Normal,55.0
P_3417,Normal,Normal,Intermediate,Poor,85.0
P_3418,Normal,Intermediate,Poor,Normal,85.0
P_3419,Normal,Normal,Normal,Poor,70.0
P_3420,Normal,Intermediate,Normal,Normal,55.0
P_3421,Normal,Normal,Normal,Intermediate,55.0
P_3422,Normal,Intermediate,Normal,Intermediate,70.0
P_3423,Poor,Normal,Normal,Normal,70.0
P_3424,Normal,Normal,Normal,Intermediate,55.0
P_3425,Intermediate,Normal,Intermediate,Normal,70.0
P_3426,Intermediate,Normal,Normal,Poor,85.0
P_3427,Intermediate,Normal,Intermediate,Poor,99.0
P_3428,Intermediate,Normal,Normal,Normal,55.0
P_3429,Normal,Intermediate,Normal,Normal,55.0
P_3430,Normal,Intermediate,Intermediate,Intermediate,85.0
P_3431,Normal,Intermediate,Poor,Intermediate,99.0
P_3432,Normal,Intermediate,Intermediate,Normal,70.0
P_3433,Poor,Poor,Intermediate,Intermediate,99.0
P_3434,Intermediate,Intermediate,Normal,Intermediate,85.0
P_3435,Normal,Normal,Normal,Normal,40.0
P_3436,Intermediate,Normal,Intermediate,Normal,70.0
P_3437,Normal,Normal,Normal,Normal,40.0
P_3438,Intermediate,Normal,Normal,Normal,55.0
P_3439,Normal,Poor,Intermediate,Normal,85.0
P_3440,Normal,Normal,Normal,Normal,40.0
P_3441,Intermediate,Normal,Intermediate,Normal,70.0
P_3442,Normal,Intermediate,Normal,Normal,55.0
P_3443,Normal,Normal,Intermediate,Intermediate,70.0
P_3444,Intermediate,Normal,Normal,Intermediate,70.0
P_3445,Poor,Normal,Intermediate,Normal,85.0
P_3446,Poor,Normal,Intermediate,Normal,85.0
P_3447,Normal,Normal,Intermediate,Normal,55.0
P_3448,Intermediate,Normal,Intermediate,Intermediate,85.0
P_3449,Normal,Normal,Normal,Normal,40.0
P_3450,Normal,Normal,Poor,Intermediate,85.0
P_3451,Normal,Normal,Normal,Intermediate,55.0
P_3452,Normal,Normal,Normal,Poor,70.0
P_3453,Normal,Intermediate,Normal,Normal,55.0
P_3454,Normal,Intermediate,Normal,Normal,55.0
P_3455,Intermediate,Normal,Poor,Normal,85.0
P_3456,Normal,Intermediate,Normal,Normal,55.0
P_3457,Intermediate,Normal,Normal,Intermediate,70.0
P_3458,Normal,Normal,Poor,Normal,70.0
P_3459,Normal,Normal,Normal,Normal,40.0
P_3460,Normal,Intermediate,Intermediate,Normal,70.0
P_3461,Poor,Intermediate,Normal,Normal,85.0
P_3462,Normal,Intermediate,Normal,Normal,55.0
P_3463,Normal,Intermediate,Normal,Normal,55.0
P_3464,Intermediate,Normal,Intermediate,Normal,70.0
P_3465,Poor,Normal,Normal,Normal,70.0
P_3466,Normal,Intermediate,Normal,Normal,55.0
P_3467,Intermediate,Poor,Normal,Normal,85.0
P_3468,Poor,Poor,Intermediate,Poor,99.0
P_3469,Normal,Normal,Normal,Normal,40.0
P_3470,Normal,Intermediate,Normal,Normal,55.0
P_3471,Intermediate,Intermediate,Normal,Normal,70.0
P_3472,Normal,Intermediate,Normal,Normal,55.0
P_3473,Normal,Normal,Normal,Normal,40.0
P_3474,Normal,Normal,Normal,Normal,40.0
P_3475,Normal,Normal,Intermediate,Normal,55.0
P_3476,Intermediate,Normal,Intermediate,Normal,70.0
P_3477,Intermediate,Normal,Intermediate,Normal,70.0
P_3478,Normal,Poor,Intermediate,Normal,85.0
P_3479,Intermediate,Normal,Normal,Normal,55.0
P_3480,Intermediate,Normal,Poor,Intermediate,99.0
P_3481,Intermediate,Intermediate,Normal,Intermediate,85.0
P_3482,Intermediate,Normal,Normal,Intermediate,70.0
P_3483,Intermediate,Intermediate,Normal,Intermediate,85.0
P_3484,Normal,Intermediate,Normal,Poor,85.0
P_3485,Intermediate,Normal,Intermediate,Poor,99.0
P_3486,Intermediate,Normal,Intermediate,Poor,99.0
P_3487,Intermediate,Intermediate,Normal,Normal,70.0
P_3488,Poor,Normal,Normal,Intermediate,85.0
P_3489,Normal,Intermediate,Normal,Intermediate,70.0
P_3490,Normal,Normal,Poor,Normal,70.0
P_3491,Normal,Intermediate,Normal,Intermediate,70.0
P_3492,Normal,Intermediate,Normal,Normal,55.0
P_3493,Normal,Normal,Intermediate,Intermediate,70.0
P_3494,Intermediate,Normal,Poor,Normal,85.0
P_3495,Normal,Normal,Normal,Normal,40.0
P_3496,Normal,Normal,Normal,Normal,40.0
P_3497,Intermediate,Poor,Intermediate,Normal,99.0
P_3498,Normal,Normal,Intermediate,Intermediate,70.0
P_3499,Normal,Normal,Intermediate,Normal,55.0
P_3500,Normal,Intermediate,Normal,Poor,85.0
P_3501,Intermediate,Normal,Normal,Intermediate,70.0
P_3502,Normal,Normal,Normal,Normal,40.0
P_3503,Intermediate,Normal,Normal,Intermediate,70.0
P_3504,Normal,Intermediate,Normal,Intermediate,70.0
P_3505,Intermediate,Normal,Intermediate,Normal,70.0
P_3506,Poor,Normal,Normal,Poor,99.0
P_3507,Intermediate,Normal,Intermediate,Normal,70.0
P_3508,Normal,Intermediate,Normal,Intermediate,70.0
P_3509,Normal,Normal,Normal,Intermediate,55.0
P_3510,Intermediate,Intermediate,Normal,Normal,70.0
P_3511,Intermediate,Normal,Intermediate,Normal,70.0
P_3512,Intermediate,Normal,Intermediate,Intermediate,85.0
P_3513,Normal,Intermediate,Normal,Intermediate,70.0
P_3514,Intermediate,Poor,Normal,Intermediate,99.0
P_3515,Intermediate,Normal,Poor,Normal,85.0
P_3516,Normal,Normal,Intermediate,Normal,55.0
P_3517,Intermediate,Intermediate,Normal,Normal,70.0
P_3518,Intermediate,Normal,Normal,Normal,55.0
P_3519,Intermediate,Normal,Normal,Normal,55.0
P_3520,Intermediate,Normal,Normal,Poor,85.0
P_3521,Normal,Intermediate,Normal,Normal,55.0
P_3522,Normal,Intermediate,Normal,Normal,55.0
P_3523,Intermediate,Normal,Normal,Intermediate,70.0
P_3524,Normal,Normal,Intermediate,Normal,55.0
P_3525,Intermediate,Intermediate,Normal,Normal,70.0
P_3526,Normal,Normal,Normal,Normal,40.0
P_3527,Normal,Intermediate,Intermediate,Normal,70.0
P_3528,Intermediate,Intermediate,Normal,Normal,70.0
P_3529,Intermediate,Normal,Normal,Normal,55.0
P_3530,Intermediate,Normal,Normal,Normal,55.0
P_3531,Normal,Normal,Poor,Normal,70.0
P_3532,Intermediate,Poor,Intermediate,Normal,99.0
P_3533,Intermediate,Normal,Normal,Poor,85.0
P_3534,Normal,Normal,Intermediate,Normal,55.0
P_3535,Normal,Normal,Normal,Intermediate,55.0
P_3536,Intermediate,Normal,Normal,Normal,55.0
P_3537,Normal,Intermediate,Intermediate,Normal,70.0
P_3538,Intermediate,Normal,Intermediate,Intermediate,85.0
P_3539,Poor,Normal,Intermediate,Normal,85.0
P_3540,Normal,Normal,Normal,Normal,40.0
P_3541,Normal,Normal,Intermediate,Normal,55.0
P_3542,Normal,Normal,Normal,Normal,40.0
P_3543,Poor,Normal,Intermediate,Normal,85.0
P_3544,Normal,Normal,Normal,Intermediate,55.0
P_3545,Normal,Normal,Normal,Normal,40.0
P_3546,Normal,Intermediate,Normal,Normal,55.0
P_3547,Normal,Normal,Intermediate,Normal,55.0
P_3548,Normal,Normal,Normal,Normal,40.0
P_3549,Intermediate,Normal,Normal,Intermediate,70.0
P_3550,Intermediate,Intermediate,Intermediate,Normal,85.0
P_3551,Normal,Normal,Intermediate,Normal,55.0
P_3552,Normal,Normal,Normal,Intermediate,55.0
P_3553,Normal,Poor,Intermediate,Normal,85.0
P_3554,Normal,Normal,Normal,Intermediate,55.0
P_3555,Poor,Normal,Intermediate,Normal,85.0
P_3556,Normal,Normal,Normal,Poor,70.0
P_3557,Intermediate,Normal,Normal,Normal,55.0
P_3558,Normal,Poor,Normal,Poor,99.0
P_3559,Normal,Normal,Normal,Normal,40.0
P_3560,Normal,Intermediate,Normal,Normal,55.0
P_3561,Intermediate,Normal,Intermediate,Intermediate,85.0
P_3562,Intermediate,Normal,Normal,Normal,55.0
P_3563,Normal,Normal,Normal,Normal,40.0
P_3564,Normal,Poor,Intermediate,Normal,85.0
P_3565,Normal,Normal,Normal,Intermediate,55.0
P_3566,Normal,Normal,Normal,Intermediate,55.0
P_3567,Normal,Normal,Intermediate,Poor,85.0
P_3568,Intermediate,Normal,Poor,Intermediate,99.0
P_3569,Normal,Normal,Intermediate,Poor,85.0
P_3570,Intermediate,Normal,Intermediate,Intermediate,85.0
P_3571,Normal,Normal,Normal,Intermediate,55.0
P_3572,Normal,Normal,Normal,Normal,40.0
P_3573,Normal,Normal,Normal,Normal,40.0
P_3574,Intermediate,Normal,Normal,Intermediate,70.0
P_3575,Normal,Intermediate,Normal,Normal,55.0
P_3576,Normal,Normal,Normal,Normal,40.0
P_3577,Intermediate,Intermediate,Poor,Normal,99.0
P_3578,Intermediate,Normal,Poor,Intermediate,99.0
P_3579,Normal,Normal,Normal,Normal,40.0
P_3580,Normal,Normal,Intermediate,Normal,55.0
P_3581,Intermediate,Poor,Intermediate,Normal,99.0
P_3582,Normal,Normal,Intermediate,Poor,85.0
P_3583,Normal,Poor,Normal,Intermediate,85.0
P_3584,Normal,Intermediate,Intermediate,Intermediate,85.0
P_3585,Intermediate,Poor,Intermediate,Intermediate,99.0
P_3586,Poor,Normal,Poor,Intermediate,99.0
P_3587,Normal,Normal,Poor,Normal,70.0
P_3588,Intermediate,Normal,Normal,Intermediate,70.0
P_3589,Normal,Intermediate,Normal,Normal,55.0
P_3590,Intermediate,Intermediate,Normal,Normal,70.0
P_3591,Poor,Normal,Normal,Normal,70.0
P_3592,Normal,Poor,Intermediate,Normal,85.0
P_3593,Normal,Normal,Intermediate,Poor,85.0
P_3594,Normal,Normal,Normal,Intermediate,55.0
P_3595,Normal,Normal,Intermediate,Intermediate,70.0
P_3596,Intermediate,Normal,Intermediate,Normal,70.0
P_3597,Normal,Intermediate,Normal,Intermediate,70.0
P_3598,Poor,Normal,Intermediate,Intermediate,99.0
P_3599,Normal,Normal,Normal,Normal,40.0
P_3600,Normal,Normal,Normal,Normal,40.0
P_3601,Normal,Intermediate,Normal,Normal,55.0
P_3602,Intermediate,Normal,Normal,Normal,55.0
P_3603,Intermediate,Normal,Normal,Normal,55.0
P_3604,Normal,Intermediate,Normal,Intermediate,70.0
P_3605,Intermediate,Normal,Poor,Intermediate,99.0
P_3606,Intermediate,Normal,Normal,Normal,55.0
P_3607,Intermediate,Normal,Normal,Intermediate,70.0
P_3608,Intermediate,Normal,Poor,Intermediate,99.0
P_3609,Intermediate,Intermediate,Intermediate,Normal,85.0
P_3610,Normal,Normal,Intermediate,Intermediate,70.0
P_3611,Poor,Normal,Normal,Normal,70.0
P_3612,Normal,Intermediate,Normal,Normal,55.0
P_3613,Normal,Normal,Normal,Normal,40.0
P_3614,Normal,Intermediate,Intermediate,Normal,70.0
P_3615,Intermediate,Normal,Normal,Normal,55.0
P_3616,Poor,Normal,Normal,Poor,99.0
P_3617,Normal,Poor,Poor,Normal,99.0
P_3618,Normal,Normal,Normal,Normal,40.0
P_3619,Poor,Normal,Poor,Normal,99.0
P_3620,Normal,Normal,Normal,Normal,40.0
P_3621,Intermediate,Normal,Normal,Normal,55.0
P_3622,Normal,Normal,Normal,Normal,40.0
P_3623,Normal,Intermediate,Intermediate,Intermediate,85.0
P_3624,Normal,Intermediate,Normal,Intermediate,70.0
P_3625,Intermediate,Normal,Poor,Normal,85.0
P_3626,Normal,Normal,Normal,Normal,40.0
P_3627,Intermediate,Normal,Normal,Normal,55.0
P_3628,Intermediate,Normal,Normal,Poor,85.0
P_3629,Intermediate,Normal,Poor,Intermediate,99.0
P_3630,Normal,Normal,Intermediate,Normal,55.0
P_3631,Poor,Intermediate,Normal,Poor,99.0
P_3632,Poor,Normal,Normal,Poor,99.0
P_3633,Normal,Normal,Normal,Normal,40.0
P_3634,Intermediate,Poor,Poor,Normal,99.0
P_3635,Intermediate,Poor,Normal,Intermediate,99.0
P_3636,Poor,Normal,Poor,Normal,99.0
P_3637,Normal,Normal,Normal,Normal,40.0
P_3638,Normal,Normal,Intermediate,Normal,55.0
P_3639,Normal,Poor,Poor,Poor,99.0
P_3640,Intermediate,Normal,Normal,Intermediate,70.0
P_3641,Normal,Poor,Normal,Normal,70.0
P_3642,Intermediate,Intermediate,Poor,Intermediate,99.0
P_3643,Intermediate,Intermediate,Normal,Intermediate,85.0
P_3644,Poor,Intermediate,Normal,Intermediate,99.0
P_3645,Normal,Intermediate,Normal,Intermediate,70.0
P_3646,Normal,Normal,Poor,Intermediate,85.0
P_3647,Normal,Intermediate,Poor,Intermediate,99.0
P_3648,Poor,Intermediate,Normal,Intermediate,99.0
P_3649,Normal,Normal,Intermediate,Normal,55.0
P_3650,Normal,Normal,Poor,Normal,70.0
P_3651,Normal,Normal,Normal,Normal,40.0
P_3652,Normal,Intermediate,Normal,Intermediate,70.0
P_3653,Poor,Intermediate,Normal,Normal,85.0
P_3654,Intermediate,Normal,Intermediate,Normal,70.0
P_3655,Normal,Normal,Normal,Normal,40.0
P_3656,Intermediate,Normal,Normal,Normal,55.0
P_3657,Normal,Normal,Intermediate,Normal,55.0
P_3658,Normal,Normal,Normal,Normal,40.0
P_3659,Intermediate,Normal,Intermediate,Normal,70.0
P_3660,Normal,Normal,Normal,Intermediate,55.0
P_3661,Normal,Poor,Normal,Normal,70.0
P_3662,Intermediate,Intermediate,Normal,Normal,70.0
P_3663,Normal,Normal,Normal,Intermediate,55.0
P_3664,Normal,Normal,Normal,Normal,40.0
P_3665,Normal,Intermediate,Poor,Poor,99.0
P_3666,Poor,Normal,Normal,Poor,99.0
P_3667,Poor,Normal,Normal,Normal,70.0
P_3668,Normal,Intermediate,Normal,Poor,85.0
P_3669,Intermediate,Intermediate,Normal,Normal,70.0
P_3670,Poor,Intermediate,Intermediate,Normal,99.0
P_3671,Intermediate,Poor,Normal,Normal,85.0
P_3672,Normal,Normal,Normal,Intermediate,55.0
P_3673,Normal,Intermediate,Normal,Intermediate,70.0
P_3674,Intermediate,Intermediate,Poor,Intermediate,99.0
P_3675,Intermediate,Normal,Normal,Normal,55.0
P_3676,Intermediate,Normal,Normal,Intermediate,70.0
P_3677,Poor,Poor,Intermediate,Normal,99.0
P_3678,Normal,Normal,Normal,Intermediate,55.0
P_3679,Poor,Intermediate,Intermediate,Intermediate,99.0
P_3680,Normal,Normal,Intermediate,Normal,55.0
P_3681,Intermediate,Normal,Normal,Normal,55.0
P_3682,Normal,Intermediate,Intermediate,Normal,70.0
P_3683,Normal,Intermediate,Intermediate,Poor,99.0
P_3684,Normal,Normal,Poor,Normal,70.0
P_3685,Poor,Normal,Intermediate,Normal,85.0
P_3686,Intermediate,Intermediate,Normal,Normal,70.0
P_3687,Intermediate,Normal,Intermediate,Intermediate,85.0
P_3688,Poor,Normal,Normal,Normal,70.0
P_3689,Normal,Poor,Poor,Normal,99.0
P_3690,Intermediate,Normal,Normal,Normal,55.0
P_3691,Normal,Normal,Poor,Normal,70.0
P_3692,Intermediate,Normal,Intermediate,Normal,70.0
P_3693,Normal,Poor,Normal,Normal,70.0
P_3694,Normal,Normal,Intermediate,Intermediate,70.0
P_3695,Normal,Normal,Normal,Normal,40.0
P_3696,Normal,Poor,Intermediate,Poor,99.0
P_3697,Intermediate,Poor,Normal,Intermediate,99.0
P_3698,Normal,Intermediate,Normal,Normal,55.0
P_3699,Intermediate,Intermediate,Normal,Normal,70.0
P_3700,Normal,Normal,Normal,Normal,40.0
P_3701,Normal,Intermediate,Normal,Intermediate,70.0
P_3702,Normal,Normal,Intermediate,Normal,55.0
P_3703,Intermediate,Normal,Intermediate,Normal,70.0
P_3704,Normal,Normal,Intermediate,Normal,55.0
P_3705,Intermediate,Normal,Normal,Normal,55.0
P_3706,Normal,Normal,Normal,Normal,40.0
P_3707,Normal,Normal,Intermediate,Normal,55.0
P_3708,Poor,Normal,Normal,Normal,70.0
P_3709,Normal,Normal,Normal,Normal,40.0
P_3710,Normal,Normal,Poor,Normal,70.0
P_3711,Normal,Intermediate,Intermediate,Normal,70.0
P_3712,Normal,Normal,Normal,Intermediate,55.0
P_3713,Normal,Normal,Intermediate,Poor,85.0
P_3714,Normal,Intermediate,Normal,Intermediate,70.0
P_3715,Intermediate,Normal,Intermediate,Normal,70.0
P_3716,Normal,Normal,Normal,Intermediate,55.0
P_3717,Intermediate,Normal,Normal,Normal,55.0
P_3718,Intermediate,Normal,Normal,Intermediate,70.0
P_3719,Normal,Normal,Normal,Intermediate,55.0
P_3720,Normal,Intermediate,Normal,Intermediate,70.0
P_3721,Normal,Poor,Intermediate,Intermediate,99.0
P_3722,Intermediate,Normal,Normal,Normal,55.0
P_3723,Normal,Poor,Normal,Normal,70.0
P_3724,Normal,Normal,Normal,Intermediate,55.0
P_3725,Normal,Normal,Intermediate,Normal,55.0
P_3726,Normal,Normal,Normal,Intermediate,55.0
P_3727,Poor,Intermediate,Normal,Normal,85.0
P_3728,Normal,Normal,Intermediate,Normal,55.0
P_3729,Intermediate,Intermediate,Normal,Poor,99.0
P_3730,Normal,Normal,Poor,Intermediate,85.0
P_3731,Intermediate,Normal,Normal,Normal,55.0
P_3732,Intermediate,Intermediate,Normal,Normal,70.0
P_3733,Intermediate,Normal,Intermediate,Normal,70.0
P_3734,Poor,Normal,Intermediate,Intermediate,99.0
P_3735,Intermediate,Intermediate,Normal,Normal,70.0
P_3736,Normal,Normal,Poor,Poor,99.0
P_3737,Normal,Normal,Intermediate,Normal,55.0
P_3738,Normal,Normal,Intermediate,Normal,55.0
P_3739,Intermediate,Poor,Normal,Normal,85.0
P_3740,Normal,Intermediate,Intermediate,Normal,70.0
P_3741,Poor,Normal,Normal,Normal,70.0
P_3742,Normal,Intermediate,Normal,Poor,85.0
P_3743,Intermediate,Intermediate,Intermediate,Normal,85.0
P_3744,Normal,Intermediate,Intermediate,Normal,70.0
P_3745,Intermediate,Intermediate,Normal,Intermediate,85.0
P_3746,Normal,Normal,Normal,Intermediate,55.0
P_3747,Normal,Normal,Poor,Normal,70.0
P_3748,Intermediate,Normal,Normal,Intermediate,70.0
P_3749,Normal,Normal,Normal,Intermediate,55.0
P_3750,Normal,Intermediate,Intermediate,Normal,70.0
P_3751,Intermediate,Normal,Intermediate,Intermediate,85.0
P_3752,Poor,Poor,Normal,Poor,99.0
P_3753,Normal,Intermediate,Normal,Poor,85.0
P_3754,Intermediate,Normal,Intermediate,Normal,70.0
P_3755,Normal,Normal,Normal,Normal,40.0
P_3756,Normal,Normal,Intermediate,Intermediate,70.0
P_3757,Intermediate,Intermediate,Normal,Normal,70.0
P_3758,Normal,Normal,Normal,Normal,40.0
P_3759,Normal,Normal,Intermediate,Intermediate,70.0
P_3760,Intermediate,Intermediate,Intermediate,Normal,85.0
P_3761,Intermediate,Intermediate,Normal,Normal,70.0
P_3762,Normal,Intermediate,Normal,Normal,55.0
P_3763,Intermediate,Intermediate,Intermediate,Poor,99.0
P_3764,Poor,Normal,Normal,Normal,70.0
P_3765,Normal,Normal,Poor,Intermediate,85.0
P_3766,Normal,Intermediate,Intermediate,Intermediate,85.0
P_3767,Normal,Normal,Poor,Poor,99.0
P_3768,Intermediate,Normal,Normal,Normal,55.0
P_3769,Normal,Normal,Normal,Poor,70.0
P_3770,Intermediate,Normal,Normal,Intermediate,70.0
P_3771,Normal,Normal,Intermediate,Normal,55.0
P_3772,Normal,Poor,Normal,Intermediate,85.0
P_3773,Intermediate,Normal,Intermediate,Intermediate,85.0
P_3774,Poor,Intermediate,Poor,Normal,99.0
P_3775,Intermediate,Intermediate,Intermediate,Normal,85.0
P_3776,Normal,Intermediate,Poor,Normal,85.0
P_3777,Normal,Normal,Intermediate,Normal,55.0
P_3778,Poor,Normal,Intermediate,Normal,85.0
P_3779,Normal,Intermediate,Normal,Poor,85.0
P_3780,Normal,Normal,Intermediate,Poor,85.0
P_3781,Intermediate,Poor,Normal,Normal,85.0
P_3782,Normal,Normal,Normal,Normal,40.0
P_3783,Intermediate,Poor,Normal,Normal,85.0
P_3784,Normal,Normal,Intermediate,Normal,55.0
P_3785,Intermediate,Intermediate,Intermediate,Normal,85.0
P_3786,Intermediate,Intermediate,Intermediate,Intermediate,99.0
P_3787,Normal,Intermediate,Normal,Intermediate,70.0
P_3788,Normal,Normal,Normal,Normal,40.0
P_3789,Normal,Normal,Intermediate,Normal,55.0
P_3790,Normal,Intermediate,Normal,Normal,55.0
P_3791,Intermediate,Normal,Normal,Normal,55.0
P_3792,Normal,Normal,Intermediate,Poor,85.0
P_3793,Normal,Normal,Normal,Normal,40.0
P_3794,Normal,Normal,Normal,Intermediate,55.0
P_3795,Normal,Intermediate,Normal,Intermediate,70.0
P_3796,Intermediate,Poor,Intermediate,Normal,99.0
P_3797,Intermediate,Normal,Poor,Normal,85.0
P_3798,Intermediate,Normal,Intermediate,Intermediate,85.0
P_3799,Poor,Intermediate,Normal,Normal,85.0
P_3800,Intermediate,Intermediate,Normal,Normal,70.0
P_3801,Normal,Normal,Poor,Intermediate,85.0
P_3802,Normal,Intermediate,Normal,Poor,85.0
P_3803,Intermediate,Poor,Intermediate,Poor,99.0
P_3804,Normal,Normal,Intermediate,Intermediate,70.0
P_3805,Normal,Normal,Normal,Intermediate,55.0
P_3806,Intermediate,Intermediate,Intermediate,Normal,85.0
P_3807,Intermediate,Intermediate,Poor,Intermediate,99.0
P_3808,Intermediate,Normal,Intermediate,Normal,70.0
P_3809,Normal,Normal,Intermediate,Intermediate,70.0
P_3810,Normal,Normal,Normal,Normal,40.0
P_3811,Normal,Intermediate,Poor,Normal,85.0
P_3812,Intermediate,Normal,Normal,Normal,55.0
P_3813,Intermediate,Normal,Intermediate,Intermediate,85.0
P_3814,Normal,Normal,Poor,Intermediate,85.0
P_3815,Intermediate,Normal,Normal,Normal,55.0
P_3816,Normal,Intermediate,Normal,Normal,55.0
P_3817,Intermediate,Poor,Intermediate,Intermediate,99.0
P_3818,Normal,Normal,Intermediate,Intermediate,70.0
P_3819,Normal,Normal,Normal,Intermediate,55.0
P_3820,Normal,Intermediate,Intermediate,Intermediate,85.0
P_3821,Normal,Normal,Poor,Normal,70.0
P_3822,Poor,Poor,Normal,Normal,99.0
P_3823,Normal,Intermediate,Normal,Poor,85.0
P_3824,Normal,Poor,Intermediate,Intermediate,99.0
P_3825,Normal,Intermediate,Intermediate,Normal,70.0
P_3826,Intermediate,Normal,Intermediate,Normal,70.0
P_3827,Normal,Intermediate,Intermediate,Normal,70.0
P_3828,Normal,Normal,Normal,Poor,70.0
P_3829,Poor,Intermediate,Intermediate,Normal,99.0
P_3830,Poor,Normal,Normal,Normal,70.0
P_3831,Normal,Poor,Normal,Poor,99.0
P_3832,Intermediate,Normal,Intermediate,Intermediate,85.0
P_3833,Intermediate,Normal,Normal,Intermediate,70.0
P_3834,Intermediate,Poor,Intermediate,Intermediate,99.0
P_3835,Poor,Intermediate,Poor,Normal,99.0
P_3836,Intermediate,Intermediate,Intermediate,Intermediate,99.0
P_3837,Normal,Intermediate,Poor,Intermediate,99.0
P_3838,Normal,Intermediate,Intermediate,Normal,70.0
P_3839,Normal,Intermediate,Intermediate,Intermediate,85.0
P_3840,Normal,Intermediate,Intermediate,Normal,70.0
P_3841,Poor,Intermediate,Normal,Normal,85.0
P_3842,Normal,Intermediate,Normal,Normal,55.0
P_3843,Normal,Intermediate,Normal,Intermediate,70.0
P_3844,Normal,Poor,Normal,Normal,70.0
P_3845,Normal,Normal,Normal,Normal,40.0
P_3846,Normal,Normal,Poor,Normal,70.0
P_3847,Normal,Normal,Normal,Normal,40.0
P_3848,Normal,Normal,Normal,Normal,40.0
P_3849,Intermediate,Poor,Normal,Normal,85.0
P_3850,Normal,Intermediate,Normal,Intermediate,70.0
P_3851,Intermediate,Normal,Intermediate,Normal,70.0
P_3852,Intermediate,Intermediate,Normal,Normal,70.0
P_3853,Normal,Intermediate,Normal,Normal,55.0
P_3854,Normal,Normal,Poor,Intermediate,85.0
P_3855,Normal,Poor,Normal,Intermediate,85.0
P_3856,Normal,Intermediate,Poor,Normal,85.0
P_3857,Intermediate,Normal,Intermediate,Poor,99.0
P_3858,Normal,Normal,Poor,Normal,70.0
P_3859,Intermediate,Normal,Intermediate,Intermediate,85.0
P_3860,Poor,Intermediate,Intermediate,Normal,99.0
P_3861,Intermediate,Normal,Intermediate,Intermediate,85.0
P_3862,Normal,Intermediate,Normal,Normal,55.0
P_3863,Normal,Normal,Intermediate,Intermediate,70.0
P_3864,Poor,Intermediate,Normal,Poor,99.0
P_3865,Intermediate,Intermediate,Intermediate,Intermediate,99.0
P_3866,Intermediate,Normal,Normal,Normal,55.0
P_3867,Intermediate,Normal,Normal,Intermediate,70.0
P_3868,Normal,Normal,Normal,Normal,40.0
P_3869,Normal,Intermediate,Intermediate,Intermediate,85.0
P_3870,Normal,Intermediate,Normal,Normal,55.0
P_3871,Normal,Normal,Poor,Normal,70.0
P_3872,Normal,Normal,Normal,Poor,70.0
P_3873,Intermediate,Intermediate,Intermediate,Intermediate,99.0
P_3874,Normal,Intermediate,Normal,Intermediate,70.0
P_3875,Normal,Normal,Intermediate,Normal,55.0
P_3876,Poor,Normal,Normal,Normal,70.0
P_3877,Normal,Intermediate,Normal,Normal,55.0
P_3878,Intermediate,Normal,Normal,Poor,85.0
P_3879,Normal,Intermediate,Normal,Intermediate,70.0
P_3880,Normal,Normal,Normal,Poor,70.0
P_3881,Intermediate,Poor,Normal,Normal,85.0
P_3882,Normal,Intermediate,Poor,Poor,99.0
P_3883,Intermediate,Normal,Poor,Normal,85.0
P_3884,Normal,Intermediate,Normal,Normal,55.0
P_3885,Intermediate,Normal,Intermediate,Intermediate,85.0
P_3886,Normal,Normal,Intermediate,Normal,55.0
P_3887,Normal,Poor,Normal,Normal,70.0
P_3888,Poor,Normal,Normal,Normal,70.0
P_3889,Normal,Normal,Poor,Normal,70.0
P_3890,Normal,Intermediate,Intermediate,Normal,70.0
P_3891,Normal,Normal,Normal,Normal,40.0
P_3892,Normal,Normal,Normal,Intermediate,55.0
P_3893,Poor,Intermediate,Normal,Normal,85.0
P_3894,Intermediate,Normal,Normal,Intermediate,70.0
P_3895,Intermediate,Normal,Intermediate,Normal,70.0
P_3896,Normal,Intermediate,Normal,Normal,55.0
P_3897,Poor,Intermediate,Intermediate,Poor,99.0
P_3898,Intermediate,Normal,Normal,Intermediate,70.0
P_3899,Normal,Normal,Normal,Normal,40.0
P_3900,Intermediate,Intermediate,Normal,Intermediate,85.0
P_3901,Intermediate,Normal,Normal,Normal,55.0
P_3902,Normal,Normal,Normal,Normal,40.0
P_3903,Normal,Poor,Normal,Normal,70.0
P_3904,Intermediate,Normal,Normal,Normal,55.0
P_3905,Normal,Normal,Intermediate,Normal,55.0
P_3906,Intermediate,Normal,Normal,Intermediate,70.0
P_3907,Poor,Normal,Intermediate,Normal,85.0
P_3908,Normal,Poor,Poor,Normal,99.0
P_3909,Normal,Intermediate,Intermediate,Normal,70.0
P_3910,Normal,Normal,Normal,Normal,40.0
P_3911,Normal,Normal,Normal,Normal,40.0
P_3912,Normal,Normal,Normal,Normal,40.0
P_3913,Normal,Normal,Intermediate,Poor,85.0
P_3914,Normal,Intermediate,Normal,Normal,55.0
P_3915,Normal,Normal,Normal,Normal,40.0
P_3916,Intermediate,Normal,Normal,Normal,55.0
P_3917,Normal,Normal,Normal,Normal,40.0
P_3918,Intermediate,Intermediate,Normal,Intermediate,85.0
P_3919,Poor,Normal,Intermediate,Poor,99.0
P_3920,Normal,Normal,Poor,Normal,70.0
P_3921,Normal,Normal,Poor,Intermediate,85.0
P_3922,Normal,Intermediate,Intermediate,Intermediate,85.0
P_3923,Intermediate,Normal,Normal,Normal,55.0
P_3924,Intermediate,Poor,Normal,Normal,85.0
P_3925,Intermediate,Normal,Poor,Normal,85.0
P_3926,Intermediate,Normal,Normal,Normal,55.0
P_3927,Normal,Intermediate,Normal,Normal,55.0
P_3928,Normal,Poor,Normal,Normal,70.0
P_3929,Intermediate,Intermediate,Intermediate,Normal,85.0
P_3930,Normal,Normal,Normal,Normal,40.0
P_3931,Normal,Normal,Normal,Normal,40.0
P_3932,Normal,Normal,Normal,Intermediate,55.0
P_3933,Intermediate,Intermediate,Normal,Normal,70.0
P_3934,Normal,Normal,Normal,Intermediate,55.0
P_3935,Normal,Normal,Intermediate,Intermediate,70.0
P_3936,Intermediate,Poor,Normal,Intermediate,99.0
P_3937,Normal,Normal,Normal,Poor,70.0
P_3938,Normal,Normal,Normal,Poor,70.0
P_3939,Intermediate,Intermediate,Normal,Normal,70.0
P_3940,Intermediate,Normal,Poor,Normal,85.0
P_3941,Normal,Normal,Normal,Normal,40.0
P_3942,Normal,Normal,Poor,Normal,70.0
P_3943,Intermediate,Intermediate,Intermediate,Normal,85.0
P_3944,Normal,Normal,Normal,Intermediate,55.0
P_3945,Intermediate,Intermediate,Normal,Normal,70.0
P_3946,Intermediate,Intermediate,Intermediate,Normal,85.0
P_3947,Intermediate,Normal,Intermediate,Normal,70.0
P_3948,Normal,Intermediate,Intermediate,Normal,70.0
P_3949,Poor,Normal,Normal,Intermediate,85.0
P_3950,Normal,Normal,Intermediate,Normal,55.0
P_3951,Intermediate,Intermediate,Normal,Normal,70.0
P_3952,Poor,Normal,Normal,Poor,99.0
P_3953,Normal,Normal,Intermediate,Intermediate,70.0
P_3954,Normal,Intermediate,Normal,Normal,55.0
P_3955,Poor,Intermediate,Normal,Normal,85.0
P_3956,Intermediate,Poor,Intermediate,Normal,99.0
P_3957,Normal,Poor,Normal,Poor,99.0
P_3958,Poor,Normal,Intermediate,Poor,99.0
P_3959,Normal,Intermediate,Normal,Normal,55.0
P_3960,Intermediate,Normal,Poor,Poor,99.0
P_3961,Normal,Poor,Normal,Normal,70.0
P_3962,Normal,Intermediate,Normal,Normal,55.0
P_3963,Intermediate,Intermediate,Intermediate,Normal,85.0
P_3964,Normal,Normal,Normal,Poor,70.0
P_3965,Normal,Normal,Intermediate,Normal,55.0
P_3966,Normal,Normal,Intermediate,Normal,55.0
P_3967,Normal,Normal,Normal,Normal,40.0
P_3968,Normal,Normal,Normal,Normal,40.0
P_3969,Normal,Poor,Intermediate,Normal,85.0
P_3970,Normal,Normal,Normal,Poor,70.0
P_3971,Normal,Normal,Intermediate,Intermediate,70.0
P_3972,Normal,Intermediate,Normal,Poor,85.0
P_3973,Intermediate,Normal,Intermediate,Normal,70.0
P_3974,Normal,Intermediate,Normal,Normal,55.0
P_3975,Intermediate,Intermediate,Normal,Normal,70.0
P_3976,Normal,Poor,Intermediate,Normal,85.0
P_3977,Intermediate,Normal,Normal,Normal,55.0
P_3978,Poor,Normal,Normal,Normal,70.0
P_3979,Normal,Normal,Normal,Normal,40.0
P_3980,Poor,Normal,Intermediate,Intermediate,99.0
P_3981,Intermediate,Normal,Intermediate,Poor,99.0
P_3982,Intermediate,Normal,Intermediate,Normal,70.0
P_3983,Normal,Normal,Intermediate,Intermediate,70.0
P_3984,Intermediate,Poor,Normal,Normal,85.0
P_3985,Normal,Normal,Intermediate,Normal,55.0
P_3986,Normal,Intermediate,Intermediate,Normal,70.0
P_3987,Normal,Intermediate,Poor,Intermediate,99.0
P_3988,Normal,Normal,Normal,Intermediate,55.0
P_3989,Normal,Intermediate,Intermediate,Intermediate,85.0
P_3990,Intermediate,Normal,Normal,Normal,55.0
P_3991,Normal,Normal,Intermediate,Poor,85.0
P_3992,Normal,Intermediate,Normal,Normal,55.0
P_3993,Intermediate,Normal,Normal,Normal,55.0
P_3994,Normal,Poor,Intermediate,Normal,85.0
P_3995,Intermediate,Intermediate,Normal,Normal,70.0
P_3996,Intermediate,Normal,Intermediate,Normal,70.0
P_3997,Normal,Normal,Normal,Poor,70.0
P_3998,Poor,Normal,Normal,Normal,70.0
P_3999,Normal,Normal,Intermediate,Normal,55.0
P_4000,Intermediate,Intermediate,Intermediate,Normal,85.0
P_4001,Normal,Normal,Normal,Normal,40.0
P_4002,Normal,Poor,Normal,Intermediate,85.0
P_4003,Normal,Normal,Normal,Intermediate,55.0
P_4004,Normal,Normal,Normal,Intermediate,55.0
P_4005,Intermediate,Intermediate,Intermediate,Normal,85.0
P_4006,Poor,Normal,Normal,Intermediate,85.0
P_4007,Normal,Normal,Poor,Normal,70.0
P_4008,Normal,Normal,Normal,Normal,40.0
P_4009,Normal,Normal,Normal,Poor,70.0
P_4010,Normal,Poor,Intermediate,Intermediate,99.0
P_4011,Poor,Intermediate,Normal,Normal,85.0
P_4012,Normal,Intermediate,Intermediate,Normal,70.0
P_4013,Poor,Normal,Normal,Normal,70.0
P_4014,Normal,Normal,Poor,Poor,99.0
P_4015,Intermediate,Normal,Intermediate,Normal,70.0
P_4016,Poor,Normal,Normal,Intermediate,85.0
P_4017,Normal,Intermediate,Poor,Poor,99.0
P_4018,Normal,Normal,Normal,Intermediate,55.0
P_4019,Normal,Normal,Normal,Poor,70.0
P_4020,Intermediate,Intermediate,Intermediate,Normal,85.0
P_4021,Normal,Normal,Normal,Intermediate,55.0
P_4022,Intermediate,Intermediate,Normal,Intermediate,85.0
P_4023,Normal,Poor,Normal,Normal,70.0
P_4024,Normal,Normal,Poor,Normal,70.0
P_4025,Intermediate,Normal,Intermediate,Intermediate,85.0
P_4026,Normal,Normal,Intermediate,Intermediate,70.0
P_4027,Normal,Normal,Normal,Normal,40.0
P_4028,Normal,Normal,Intermediate,Poor,85.0
P_4029,Intermediate,Normal,Intermediate,Intermediate,85.0
P_4030,Normal,Intermediate,Normal,Poor,85.0
P_4031,Intermediate,Normal,Normal,Normal,55.0
P_4032,Intermediate,Normal,Normal,Normal,55.0
P_4033,Normal,Normal,Normal,Normal,40.0
P_4034,Normal,Intermediate,Normal,Normal,55.0
P_4035,Normal,Intermediate,Intermediate,Normal,70.0
P_4036,Normal,Normal,Normal,Intermediate,55.0
P_4037,Normal,Normal,Normal,Normal,40.0
P_4038,Normal,Intermediate,Intermediate,Normal,70.0
P_4039,Normal,Normal,Normal,Intermediate,55.0
P_4040,Normal,Normal,Intermediate,Normal,55.0
P_4041,Poor,Normal,Normal,Normal,70.0
P_4042,Normal,Normal,Normal,Intermediate,55.0
P_4043,Intermediate,Normal,Normal,Intermediate,70.0
P_4044,Normal,Normal,Normal,Normal,40.0
P_4045,Normal,Normal,Intermediate,Intermediate,70.0
P_4046,Intermediate,Normal,Normal,Normal,55.0
P_4047,Normal,Intermediate,Intermediate,Normal,70.0
P_4048,Intermediate,Intermediate,Intermediate,Normal,85.0
P_4049,Normal,Normal,Normal,Normal,40.0
P_4050,Normal,Intermediate,Intermediate,Intermediate,85.0
P_4051,Normal,Intermediate,Normal,Normal,55.0
P_4052,Normal,Intermediate,Intermediate,Normal,70.0
P_4053,Intermediate,Normal,Normal,Poor,85.0
P_4054,Normal,Intermediate,Intermediate,Normal,70.0
P_4055,Intermediate,Normal,Normal,Normal,55.0
P_4056,Normal,Intermediate,Normal,Normal,55.0
P_4057,Intermediate,Normal,Normal,Normal,55.0
P_4058,Intermediate,Normal,Normal,Intermediate,70.0
P_4059,Intermediate,Normal,Normal,Intermediate,70.0
P_4060,Poor,Normal,Normal,Poor,99.0
P_4061,Normal,Normal,Poor,Normal,70.0
P_4062,Normal,Poor,Normal,Poor,99.0
P_4063,Normal,Intermediate,Intermediate,Normal,70.0
P_4064,Intermediate,Normal,Normal,Normal,55.0
P_4065,Intermediate,Normal,Normal,Normal,55.0
P_4066,Normal,Intermediate,Normal,Intermediate,70.0
P_4067,Intermediate,Normal,Normal,Intermediate,70.0
P_4068,Poor,Intermediate,Normal,Intermediate,99.0
P_4069,Normal,Intermediate,Normal,Intermediate,70.0
P_4070,Intermediate,Poor,Normal,Normal,85.0
P_4071,Intermediate,Normal,Intermediate,Normal,70.0
P_4072,Normal,Normal,Normal,Intermediate,55.0
P_4073,Intermediate,Intermediate,Normal,Intermediate,85.0
P_4074,Intermediate,Normal,Normal,Intermediate,70.0
P_4075,Intermediate,Poor,Intermediate,Normal,99.0
P_4076,Normal,Normal,Intermediate,Normal,55.0
P_4077,Intermediate,Intermediate,Normal,Intermediate,85.0
P_4078,Intermediate,Poor,Normal,Normal,85.0
P_4079,Poor,Intermediate,Intermediate,Normal,99.0
P_4080,Intermediate,Intermediate,Normal,Normal,70.0
P_4081,Intermediate,Normal,Normal,Normal,55.0
P_4082,Normal,Normal,Normal,Normal,40.0
P_4083,Poor,Poor,Poor,Normal,99.0
P_4084,Intermediate,Intermediate,Normal,Intermediate,85.0
P_4085,Poor,Normal,Normal,Intermediate,85.0
P_4086,Normal,Intermediate,Normal,Normal,55.0
P_4087,Normal,Normal,Normal,Normal,40.0
P_4088,Normal,Normal,Poor,Intermediate,85.0
P_4089,Intermediate,Intermediate,Normal,Normal,70.0
P_4090,Intermediate,Normal,Poor,Normal,85.0
P_4091,Intermediate,Normal,Normal,Normal,55.0
P_4092,Intermediate,Poor,Intermediate,Normal,99.0
P_4093,Normal,Normal,Normal,Intermediate,55.0
P_4094,Normal,Normal,Normal,Intermediate,55.0
P_4095,Normal,Normal,Normal,Intermediate,55.0
P_4096,Intermediate,Normal,Normal,Intermediate,70.0
P_4097,Normal,Intermediate,Normal,Normal,55.0
P_4098,Normal,Intermediate,Normal,Poor,85.0
P_4099,Intermediate,Normal,Poor,Poor,99.0
P_4100,Normal,Normal,Normal,Intermediate,55.0
P_4101,Poor,Normal,Intermediate,Normal,85.0
P_4102,Normal,Normal,Normal,Intermediate,55.0
P_4103,Intermediate,Normal,Normal,Normal,55.0
P_4104,Poor,Normal,Intermediate,Intermediate,99.0
P_4105,Normal,Normal,Normal,Intermediate,55.0
P_4106,Normal,Intermediate,Poor,Normal,85.0
P_4107,Normal,Normal,Intermediate,Normal,55.0
P_4108,Normal,Normal,Intermediate,Poor,85.0
P_4109,Normal,Normal,Poor,Normal,70.0
P_4110,Normal,Intermediate,Poor,Intermediate,99.0
P_4111,Intermediate,Normal,Normal,Poor,85.0
P_4112,Normal,Normal,Normal,Intermediate,55.0
P_4113,Normal,Normal,Normal,Intermediate,55.0
P_4114,Intermediate,Normal,Normal,Poor,85.0
P_4115,Normal,Normal,Normal,Normal,40.0
P_4116,Normal,Normal,Intermediate,Normal,55.0
P_4117,Normal,Intermediate,Normal,Normal,55.0
P_4118,Normal,Intermediate,Normal,Intermediate,70.0
P_4119,Normal,Poor,Intermediate,Normal,85.0
P_4120,Normal,Normal,Normal,Normal,40.0
P_4121,Normal,Normal,Normal,Normal,40.0
P_4122,Normal,Intermediate,Normal,Intermediate,70.0
P_4123,Normal,Normal,Normal,Normal,40.0
P_4124,Intermediate,Intermediate,Poor,Intermediate,99.0
P_4125,Normal,Intermediate,Normal,Intermediate,70.0
P_4126,Intermediate,Normal,Normal,Intermediate,70.0
P_4127,Intermediate,Normal,Poor,Normal,85.0
P_4128,Normal,Normal,Intermediate,Poor,85.0
P_4129,Intermediate,Poor,Intermediate,Normal,99.0
P_4130,Normal,Normal,Normal,Intermediate,55.0
P_4131,Normal,Intermediate,Normal,Poor,85.0
P_4132,Intermediate,Normal,Normal,Normal,55.0
P_4133,Normal,Intermediate,Intermediate,Normal,70.0
P_4134,Intermediate,Intermediate,Intermediate,Intermediate,99.0
P_4135,Normal,Normal,Normal,Normal,40.0
P_4136,Normal,Intermediate,Normal,Intermediate,70.0
P_4137,Poor,Poor,Normal,Normal,99.0
P_4138,Normal,Normal,Poor,Normal,70.0
P_4139,Normal,Normal,Intermediate,Normal,55.0
P_4140,Normal,Intermediate,Intermediate,Poor,99.0
P_4141,Intermediate,Normal,Poor,Normal,85.0
P_4142,Normal,Normal,Normal,Intermediate,55.0
P_4143,Normal,Normal,Intermediate,Normal,55.0
P_4144,Poor,Normal,Poor,Intermediate,99.0
P_4145,Normal,Intermediate,Normal,Normal,55.0
P_4146,Poor,Intermediate,Intermediate,Intermediate,99.0
P_4147,Normal,Normal,Intermediate,Normal,55.0
P_4148,Normal,Intermediate,Intermediate,Normal,70.0
P_4149,Intermediate,Intermediate,Normal,Intermediate,85.0
P_4150,Normal,Normal,Normal,Poor,70.0
P_4151,Normal,Intermediate,Intermediate,Normal,70.0
P_4152,Normal,Poor,Normal,Normal,70.0
P_4153,Normal,Intermediate,Normal,Normal,55.0
P_4154,Normal,Intermediate,Normal,Normal,55.0
P_4155,Normal,Normal,Intermediate,Poor,85.0
P_4156,Poor,Poor,Normal,Intermediate,99.0
P_4157,Normal,Intermediate,Poor,Intermediate,99.0
P_4158,Normal,Normal,Normal,Normal,40.0
P_4159,Intermediate,Normal,Poor,Normal,85.0
P_4160,Normal,Normal,Intermediate,Normal,55.0
P_4161,Poor,Intermediate,Normal,Normal,85.0
P_4162,Intermediate,Normal,Intermediate,Intermediate,85.0
P_4163,Normal,Normal,Intermediate,Normal,55.0
P_4164,Intermediate,Normal,Normal,Normal,55.0
P_4165,Normal,Intermediate,Normal,Normal,55.0
P_4166,Normal,Normal,Poor,Intermediate,85.0
P_4167,Normal,Poor,Normal,Normal,70.0
P_4168,Normal,Normal,Normal,Intermediate,55.0
P_4169,Normal,Normal,Intermediate,Normal,55.0
P_4170,Poor,Poor,Normal,Intermediate,99.0
P_4171,Intermediate,Normal,Intermediate,Normal,70.0
P_4172,Normal,Normal,Intermediate,Normal,55.0
P_4173,Normal,Normal,Intermediate,Normal,55.0
P_4174,Normal,Intermediate,Intermediate,Normal,70.0
P_4175,Normal,Intermediate,Intermediate,Normal,70.0
P_4176,Intermediate,Normal,Intermediate,Normal,70.0
P_4177,Normal,Normal,Intermediate,Intermediate,70.0
P_4178,Poor,Normal,Intermediate,Poor,99.0
P_4179,Intermediate,Intermediate,Normal,Normal,70.0
P_4180,Normal,Normal,Normal,Normal,40.0
P_4181,Normal,Normal,Normal,Poor,70.0
P_4182,Normal,Poor,Normal,Normal,70.0
P_4183,Intermediate,Intermediate,Intermediate,Intermediate,99.0
P_4184,Intermediate,Normal,Intermediate,Normal,70.0
P_4185,Intermediate,Poor,Normal,Normal,85.0
P_4186,Normal,Poor,Normal,Normal,70.0
P_4187,Normal,Poor,Normal,Normal,70.0
P_4188,Intermediate,Normal,Normal,Intermediate,70.0
P_4189,Normal,Intermediate,Normal,Intermediate,70.0
P_4190,Normal,Normal,Normal,Poor,70.0
P_4191,Normal,Normal,Poor,Normal,70.0
P_4192,Normal,Intermediate,Intermediate,Normal,70.0
P_4193,Intermediate,Poor,Normal,Normal,85.0
P_4194,Normal,Intermediate,Normal,Normal,55.0
P_4195,Normal,Normal,Normal,Intermediate,55.0
P_4196,Intermediate,Intermediate,Normal,Normal,70.0
P_4197,Intermediate,Normal,Intermediate,Normal,70.0
P_4198,Normal,Intermediate,Normal,Normal,55.0
P_4199,Normal,Normal,Normal,Normal,40.0
P_4200,Normal,Normal,Normal,Normal,40.0
P_4201,Normal,Intermediate,Normal,Normal,55.0
P_4202,Intermediate,Normal,Normal,Intermediate,70.0
P_4203,Intermediate,Normal,Intermediate,Normal,70.0
P_4204,Intermediate,Intermediate,Normal,Intermediate,85.0
P_4205,Normal,Intermediate,Intermediate,Normal,70.0
P_4206,Normal,Normal,Poor,Intermediate,85.0
P_4207,Normal,Normal,Normal,Normal,40.0
P_4208,Normal,Normal,Intermediate,Intermediate,70.0
P_4209,Normal,Intermediate,Normal,Intermediate,70.0
P_4210,Normal,Intermediate,Intermediate,Intermediate,85.0
P_4211,Normal,Intermediate,Poor,Normal,85.0
P_4212,Normal,Poor,Poor,Normal,99.0
P_4213,Intermediate,Normal,Intermediate,Normal,70.0
P_4214,Poor,Normal,Poor,Normal,99.0
P_4215,Intermediate,Normal,Intermediate,Normal,70.0
P_4216,Intermediate,Intermediate,Normal,Normal,70.0
P_4217,Poor,Normal,Normal,Normal,70.0
P_4218,Normal,Normal,Normal,Normal,40.0
P_4219,Intermediate,Normal,Normal,Normal,55.0
P_4220,Normal,Normal,Normal,Poor,70.0
P_4221,Intermediate,Normal,Intermediate,Poor,99.0
P_4222,Normal,Poor,Intermediate,Normal,85.0
P_4223,Normal,Normal,Normal,Intermediate,55.0
P_4224,Normal,Normal,Normal,Normal,40.0
P_4225,Normal,Normal,Normal,Normal,40.0
P_4226,Normal,Intermediate,Intermediate,Normal,70.0
P_4227,Normal,Normal,Normal,Normal,40.0
P_4228,Poor,Normal,Normal,Normal,70.0
P_4229,Intermediate,Poor,Normal,Normal,85.0
P_4230,Normal,Normal,Intermediate,Normal,55.0
P_4231,Normal,Normal,Intermediate,Normal,55.0
P_4232,Intermediate,Normal,Normal,Normal,55.0
P_4233,Intermediate,Normal,Normal,Normal,55.0
P_4234,Intermediate,Normal,Normal,Normal,55.0
P_4235,Normal,Normal,Normal,Normal,40.0
P_4236,Normal,Normal,Normal,Normal,40.0
P_4237,Intermediate,Intermediate,Poor,Intermediate,99.0
P_4238,Intermediate,Normal,Normal,Intermediate,70.0
P_4239,Normal,Intermediate,Normal,Normal,55.0
P_4240,Poor,Intermediate,Normal,Intermediate,99.0
P_4241,Normal,Intermediate,Normal,Normal,55.0
P_4242,Normal,Normal,Normal,Normal,40.0
P_4243,Poor,Intermediate,Intermediate,Normal,99.0
P_4244,Normal,Normal,Normal,Normal,40.0
P_4245,Poor,Normal,Normal,Normal,70.0
P_4246,Intermediate,Intermediate,Normal,Normal,70.0
P_4247,Normal,Poor,Poor,Intermediate,99.0
P_4248,Poor,Intermediate,Normal,Normal,85.0
P_4249,Intermediate,Normal,Intermediate,Normal,70.0
P_4250,Poor,Poor,Intermediate,Normal,99.0
P_4251,Intermediate,Normal,Normal,Normal,55.0
P_4252,Normal,Intermediate,Normal,Normal,55.0
P_4253,Intermediate,Normal,Poor,Intermediate,99.0
P_4254,Intermediate,Poor,Normal,Intermediate,99.0
P_4255,Normal,Normal,Normal,Intermediate,55.0
P_4256,Poor,Normal,Intermediate,Normal,85.0
P_4257,Normal,Normal,Normal,Intermediate,55.0
P_4258,Intermediate,Normal,Intermediate,Normal,70.0
P_4259,Intermediate,Intermediate,Normal,Normal,70.0
P_4260,Normal,Normal,Normal,Intermediate,55.0
P_4261,Normal,Normal,Normal,Normal,40.0
P_4262,Intermediate,Poor,Normal,Normal,85.0
P_4263,Normal,Intermediate,Normal,Normal,55.0
P_4264,Normal,Normal,Intermediate,Normal,55.0
P_4265,Normal,Normal,Normal,Intermediate,55.0
P_4266,Normal,Normal,Normal,Intermediate,55.0
P_4267,Normal,Poor,Intermediate,Poor,99.0
P_4268,Intermediate,Normal,Poor,Normal,85.0
P_4269,Normal,Normal,Normal,Intermediate,55.0
P_4270,Normal,Normal,Normal,Intermediate,55.0
P_4271,Normal,Normal,Normal,Intermediate,55.0
P_4272,Poor,Normal,Normal,Normal,70.0
P_4273,Intermediate,Normal,Normal,Normal,55.0
P_4274,Intermediate,Normal,Intermediate,Normal,70.0
P_4275,Normal,Normal,Intermediate,Intermediate,70.0
P_4276,Normal,Normal,Normal,Normal,40.0
P_4277,Normal,Normal,Normal,Normal,40.0
P_4278,Intermediate,Intermediate,Intermediate,Normal,85.0
P_4279,Intermediate,Normal,Normal,Poor,85.0
P_4280,Intermediate,Normal,Normal,Normal,55.0
P_4281,Poor,Normal,Normal,Intermediate,85.0
P_4282,Poor,Normal,Normal,Intermediate,85.0
P_4283,Normal,Intermediate,Intermediate,Intermediate,85.0
P_4284,Normal,Poor,Normal,Normal,70.0
P_4285,Intermediate,Intermediate,Normal,Intermediate,85.0
P_4286,Intermediate,Intermediate,Normal,Intermediate,85.0
P_4287,Normal,Intermediate,Intermediate,Normal,70.0
P_4288,Normal,Normal,Intermediate,Poor,85.0
P_4289,Intermediate,Normal,Intermediate,Intermediate,85.0
P_4290,Normal,Intermediate,Intermediate,Normal,70.0
P_4291,Poor,Intermediate,Normal,Intermediate,99.0
P_4292,Intermediate,Poor,Intermediate,Normal,99.0
P_4293,Normal,Normal,Normal,Normal,40.0
P_4294,Intermediate,Normal,Normal,Intermediate,70.0
P_4295,Normal,Normal,Intermediate,Normal,55.0
P_4296,Intermediate,Intermediate,Normal,Normal,70.0
P_4297,Poor,Intermediate,Normal,Poor,99.0
P_4298,Normal,Normal,Normal,Normal,40.0
P_4299,Intermediate,Normal,Normal,Normal,55.0
P_4300,Normal,Normal,Normal,Normal,40.0
P_4301,Normal,Normal,Normal,Normal,40.0
P_4302,Intermediate,Intermediate,Normal,Normal,70.0
P_4303,Intermediate,Intermediate,Intermediate,Intermediate,99.0
P_4304,Normal,Normal,Intermediate,Normal,55.0
P_4305,Intermediate,Normal,Poor,Normal,85.0
P_4306,Intermediate,Poor,Normal,Normal,85.0
P_4307,Poor,Intermediate,Intermediate,Normal,99.0
P_4308,Normal,Poor,Normal,Normal,70.0
P_4309,Normal,Intermediate,Intermediate,Normal,70.0
P_4310,Intermediate,Normal,Normal,Normal,55.0
P_4311,Normal,Normal,Normal,Normal,40.0
P_4312,Normal,Normal,Poor,Normal,70.0
P_4313,Normal,Normal,Normal,Normal,40.0
P_4314,Poor,Poor,Intermediate,Normal,99.0
P_4315,Intermediate,Normal,Intermediate,Normal,70.0
P_4316,Intermediate,Normal,Normal,Normal,55.0
P_4317,Normal,Normal,Intermediate,Intermediate,70.0
P_4318,Intermediate,Intermediate,Normal,Poor,99.0
P_4319,Normal,Poor,Normal,Intermediate,85.0
P_4320,Intermediate,Normal,Intermediate,Normal,70.0
P_4321,Poor,Intermediate,Intermediate,Normal,99.0
P_4322,Normal,Normal,Intermediate,Normal,55.0
P_4323,Normal,Normal,Poor,Normal,70.0
P_4324,Normal,Normal,Normal,Normal,40.0
P_4325,Intermediate,Normal,Poor,Normal,85.0
P_4326,Intermediate,Normal,Intermediate,Intermediate,85.0
P_4327,Normal,Normal,Intermediate,Normal,55.0
P_4328,Intermediate,Intermediate,Normal,Normal,70.0
P_4329,Normal,Intermediate,Normal,Normal,55.0
P_4330,Normal,Poor,Intermediate,Normal,85.0
P_4331,Intermediate,Poor,Intermediate,Normal,99.0
P_4332,Intermediate,Intermediate,Intermediate,Intermediate,99.0
P_4333,Normal,Normal,Intermediate,Normal,55.0
P_4334,Normal,Normal,Normal,Intermediate,55.0
P_4335,Intermediate,Intermediate,Poor,Intermediate,99.0
P_4336,Intermediate,Intermediate,Intermediate,Intermediate,99.0
P_4337,Normal,Normal,Normal,Intermediate,55.0
P_4338,Intermediate,Intermediate,Normal,Intermediate,85.0
P_4339,Normal,Normal,Intermediate,Normal,55.0
P_4340,Normal,Normal,Normal,Normal,40.0
P_4341,Intermediate,Normal,Intermediate,Normal,70.0
P_4342,Intermediate,Normal,Intermediate,Normal,70.0
P_4343,Normal,Normal,Normal,Normal,40.0
P_4344,Normal,Normal,Normal,Normal,40.0
P_4345,Intermediate,Intermediate,Normal,Intermediate,85.0
P_4346,Normal,Intermediate,Normal,Normal,55.0
P_4347,Normal,Intermediate,Normal,Normal,55.0
P_4348,Intermediate,Poor,Intermediate,Intermediate,99.0
P_4349,Intermediate,Normal,Intermediate,Normal,70.0
P_4350,Normal,Normal,Normal,Normal,40.0
P_4351,Intermediate,Normal,Normal,Normal,55.0
P_4352,Poor,Intermediate,Intermediate,Normal,99.0
P_4353,Normal,Intermediate,Normal,Normal,55.0
P_4354,Normal,Normal,Intermediate,Intermediate,70.0
P_4355,Normal,Normal,Normal,Normal,40.0
P_4356,Normal,Normal,Normal,Intermediate,55.0
P_4357,Intermediate,Normal,Intermediate,Intermediate,85.0
P_4358,Normal,Intermediate,Poor,Normal,85.0
P_4359,Normal,Normal,Normal,Normal,40.0
P_4360,Normal,Normal,Poor,Normal,70.0
P_4361,Normal,Intermediate,Normal,Poor,85.0
P_4362,Poor,Intermediate,Intermediate,Normal,99.0
P_4363,Normal,Intermediate,Intermediate,Intermediate,85.0
P_4364,Normal,Intermediate,Intermediate,Normal,70.0
P_4365,Normal,Normal,Normal,Intermediate,55.0
P_4366,Normal,Normal,Intermediate,Intermediate,70.0
P_4367,Normal,Normal,Normal,Intermediate,55.0
P_4368,Normal,Poor,Normal,Normal,70.0
P_4369,Normal,Normal,Normal,Normal,40.0
P_4370,Normal,Normal,Intermediate,Normal,55.0
P_4371,Intermediate,Normal,Intermediate,Normal,70.0
P_4372,Normal,Normal,Normal,Normal,40.0
P_4373,Normal,Normal,Normal,Normal,40.0
P_4374,Normal,Normal,Normal,Intermediate,55.0
P_4375,Intermediate,Normal,Normal,Intermediate,70.0
P_4376,Normal,Normal,Poor,Normal,70.0
P_4377,Intermediate,Intermediate,Intermediate,Normal,85.0
P_4378,Normal,Normal,Normal,Normal,40.0
P_4379,Poor,Normal,Intermediate,Normal,85.0
P_4380,Normal,Normal,Intermediate,Normal,55.0
P_4381,Normal,Normal,Poor,Normal,70.0
P_4382,Intermediate,Normal,Normal,Intermediate,70.0
P_4383,Normal,Intermediate,Intermediate,Normal,70.0
P_4384,Normal,Normal,Normal,Intermediate,55.0
P_4385,Normal,Normal,Normal,Normal,40.0
P_4386,Normal,Intermediate,Intermediate,Normal,70.0
P_4387,Normal,Normal,Normal,Normal,40.0
P_4388,Intermediate,Normal,Normal,Poor,85.0
P_4389,Normal,Normal,Normal,Intermediate,55.0
P_4390,Normal,Normal,Intermediate,Normal,55.0
P_4391,Normal,Normal,Intermediate,Intermediate,70.0
P_4392,Normal,Normal,Normal,Normal,40.0
P_4393,Normal,Normal,Poor,Normal,70.0
P_4394,Intermediate,Intermediate,Normal,Normal,70.0
P_4395,Intermediate,Intermediate,Normal,Intermediate,85.0
P_4396,Normal,Intermediate,Normal,Normal,55.0
P_4397,Intermediate,Intermediate,Normal,Intermediate,85.0
P_4398,Normal,Poor,Intermediate,Intermediate,99.0
P_4399,Intermediate,Normal,Normal,Poor,85.0
P_4400,Intermediate,Normal,Intermediate,Intermediate,85.0
P_4401,Poor,Intermediate,Poor,Normal,99.0
P_4402,Normal,Intermediate,Intermediate,Intermediate,85.0
P_4403,Poor,Intermediate,Normal,Intermediate,99.0
P_4404,Normal,Normal,Intermediate,Intermediate,70.0
P_4405,Poor,Poor,Poor,Normal,99.0
P_4406,Normal,Normal,Intermediate,Poor,85.0
P_4407,Normal,Poor,Normal,Intermediate,85.0
P_4408,Intermediate,Poor,Normal,Normal,85.0
P_4409,Normal,Normal,Normal,Normal,40.0
P_4410,Normal,Normal,Intermediate,Intermediate,70.0
P_4411,Normal,Intermediate,Intermediate,Intermediate,85.0
P_4412,Intermediate,Intermediate,Poor,Normal,99.0
P_4413,Intermediate,Normal,Normal,Normal,55.0
P_4414,Normal,Normal,Normal,Normal,40.0
P_4415,Intermediate,Normal,Intermediate,Intermediate,85.0
P_4416,Normal,Poor,Normal,Intermediate,85.0
P_4417,Intermediate,Normal,Normal,Poor,85.0
P_4418,Intermediate,Normal,Normal,Intermediate,70.0
P_4419,Normal,Intermediate,Normal,Normal,55.0
P_4420,Poor,Intermediate,Intermediate,Intermediate,99.0
P_4421,Intermediate,Intermediate,Intermediate,Normal,85.0
P_4422,Normal,Normal,Normal,Normal,40.0
P_4423,Intermediate,Normal,Normal,Normal,55.0
P_4424,Normal,Normal,Intermediate,Normal,55.0
P_4425,Normal,Normal,Normal,Intermediate,55.0
P_4426,Normal,Normal,Normal,Intermediate,55.0
P_4427,Intermediate,Normal,Normal,Intermediate,70.0
P_4428,Normal,Normal,Poor,Normal,70.0
P_4429,Normal,Intermediate,Normal,Intermediate,70.0
P_4430,Normal,Normal,Normal,Normal,40.0
P_4431,Normal,Normal,Intermediate,Intermediate,70.0
P_4432,Normal,Normal,Intermediate,Intermediate,70.0
P_4433,Poor,Normal,Normal,Normal,70.0
P_4434,Normal,Normal,Normal,Normal,40.0
P_4435,Poor,Intermediate,Poor,Normal,99.0
P_4436,Normal,Normal,Intermediate,Normal,55.0
P_4437,Intermediate,Intermediate,Normal,Poor,99.0
P_4438,Normal,Poor,Normal,Normal,70.0
P_4439,Intermediate,Normal,Normal,Normal,55.0
P_4440,Normal,Intermediate,Normal,Normal,55.0
P_4441,Normal,Intermediate,Normal,Poor,85.0
P_4442,Intermediate,Normal,Normal,Intermediate,70.0
P_4443,Normal,Normal,Intermediate,Normal,55.0
P_4444,Intermediate,Normal,Intermediate,Normal,70.0
P_4445,Normal,Normal,Normal,Normal,40.0
P_4446,Normal,Poor,Intermediate,Poor,99.0
P_4447,Poor,Intermediate,Intermediate,Intermediate,99.0
P_4448,Normal,Normal,Normal,Normal,40.0
P_4449,Normal,Normal,Intermediate,Normal,55.0
P_4450,Normal,Intermediate,Intermediate,Normal,70.0
P_4451,Normal,Normal,Normal,Normal,40.0
P_4452,Normal,Intermediate,Normal,Normal,55.0
P_4453,Intermediate,Intermediate,Intermediate,Normal,85.0
P_4454,Normal,Intermediate,Intermediate,Intermediate,85.0
P_4455,Normal,Normal,Poor,Normal,70.0
P_4456,Normal,Normal,Poor,Normal,70.0
P_4457,Intermediate,Normal,Intermediate,Normal,70.0
P_4458,Intermediate,Intermediate,Intermediate,Poor,99.0
P_4459,Intermediate,Intermediate,Normal,Intermediate,85.0
P_4460,Intermediate,Poor,Normal,Normal,85.0
P_4461,Normal,Normal,Normal,Intermediate,55.0
P_4462,Normal,Intermediate,Normal,Normal,55.0
P_4463,Poor,Normal,Normal,Intermediate,85.0
P_4464,Poor,Normal,Poor,Normal,99.0
P_4465,Normal,Intermediate,Intermediate,Normal,70.0
P_4466,Normal,Intermediate,Normal,Normal,55.0
P_4467,Intermediate,Normal,Intermediate,Intermediate,85.0
P_4468,Intermediate,Normal,Intermediate,Normal,70.0
P_4469,Normal,Normal,Normal,Normal,40.0
P_4470,Normal,Intermediate,Normal,Intermediate,70.0
P_4471,Normal,Intermediate,Intermediate,Normal,70.0
P_4472,Intermediate,Normal,Poor,Intermediate,99.0
P_4473,Intermediate,Normal,Normal,Intermediate,70.0
P_4474,Poor,Normal,Intermediate,Normal,85.0
P_4475,Intermediate,Intermediate,Normal,Normal,70.0
P_4476,Normal,Poor,Normal,Normal,70.0
P_4477,Intermediate,Intermediate,Intermediate,Poor,99.0
P_4478,Normal,Intermediate,Normal,Intermediate,70.0
P_4479,Poor,Normal,Intermediate,Normal,85.0
P_4480,Intermediate,Normal,Normal,Normal,55.0
P_4481,Intermediate,Normal,Poor,Intermediate,99.0
P_4482,Normal,Intermediate,Intermediate,Normal,70.0
P_4483,Intermediate,Normal,Normal,Normal,55.0
P_4484,Intermediate,Poor,Intermediate,Normal,99.0
P_4485,Normal,Intermediate,Intermediate,Normal,70.0
P_4486,Normal,Intermediate,Normal,Normal,55.0
P_4487,Intermediate,Normal,Intermediate,Poor,99.0
P_4488,Normal,Normal,Poor,Normal,70.0
P_4489,Normal,Normal,Intermediate,Normal,55.0
P_4490,Normal,Normal,Intermediate,Normal,55.0
P_4491,Normal,Normal,Normal,Intermediate,55.0
P_4492,Normal,Normal,Normal,Normal,40.0
P_4493,Poor,Normal,Intermediate,Intermediate,99.0
P_4494,Intermediate,Intermediate,Intermediate,Normal,85.0
P_4495,Poor,Normal,Normal,Normal,70.0
P_4496,Normal,Intermediate,Normal,Normal,55.0
P_4497,Intermediate,Intermediate,Normal,Intermediate,85.0
P_4498,Intermediate,Intermediate,Intermediate,Poor,99.0
P_4499,Normal,Normal,Normal,Intermediate,55.0
P_4500,Intermediate,Normal,Normal,Normal,55.0
P_4501,Poor,Intermediate,Normal,Intermediate,99.0
P_4502,Normal,Normal,Normal,Intermediate,55.0
P_4503,Normal,Poor,Normal,Normal,70.0
P_4504,Intermediate,Normal,Intermediate,Poor,99.0
P_4505,Normal,Normal,Normal,Poor,70.0
P_4506,Normal,Normal,Poor,Intermediate,85.0
P_4507,Normal,Normal,Normal,Normal,40.0
P_4508,Normal,Intermediate,Normal,Intermediate,70.0
P_4509,Normal,Normal,Intermediate,Poor,85.0
P_4510,Normal,Normal,Normal,Intermediate,55.0
P_4511,Normal,Poor,Intermediate,Normal,85.0
P_4512,Normal,Intermediate,Normal,Normal,55.0
P_4513,Intermediate,Poor,Normal,Normal,85.0
P_4514,Normal,Normal,Normal,Poor,70.0
P_4515,Poor,Normal,Normal,Normal,70.0
P_4516,Normal,Poor,Normal,Normal,70.0
P_4517,Poor,Normal,Intermediate,Normal,85.0
P_4518,Intermediate,Normal,Normal,Normal,55.0
P_4519,Normal,Normal,Normal,Intermediate,55.0
P_4520,Intermediate,Normal,Normal,Normal,55.0
P_4521,Normal,Normal,Normal,Intermediate,55.0
P_4522,Normal,Intermediate,Normal,Intermediate,70.0
P_4523,Normal,Normal,Normal,Normal,40.0
P_4524,Intermediate,Normal,Intermediate,Normal,70.0
P_4525,Normal,Poor,Intermediate,Normal,85.0
P_4526,Normal,Normal,Normal,Normal,40.0
P_4527,Intermediate,Normal,Normal,Normal,55.0
P_4528,Intermediate,Intermediate,Normal,Intermediate,85.0
P_4529,Normal,Poor,Intermediate,Normal,85.0
P_4530,Normal,Normal,Normal,Normal,40.0
P_4531,Normal,Normal,Intermediate,Intermediate,70.0
P_4532,Intermediate,Intermediate,Normal,Poor,99.0
P_4533,Normal,Normal,Normal,Normal,40.0
P_4534,Normal,Intermediate,Normal,Normal,55.0
P_4535,Normal,Intermediate,Normal,Intermediate,70.0
P_4536,Normal,Normal,Intermediate,Normal,55.0
P_4537,Normal,Intermediate,Normal,Poor,85.0
P_4538,Intermediate,Intermediate,Normal,Intermediate,85.0
P_4539,Normal,Intermediate,Normal,Normal,55.0
P_4540,Normal,Normal,Intermediate,Intermediate,70.0
P_4541,Normal,Normal,Poor,Normal,70.0
P_4542,Intermediate,Intermediate,Normal,Normal,70.0
P_4543,Normal,Intermediate,Intermediate,Poor,99.0
P_4544,Normal,Poor,Normal,Normal,70.0
P_4545,Normal,Normal,Normal,Intermediate,55.0
P_4546,Normal,Normal,Normal,Normal,40.0
P_4547,Normal,Intermediate,Intermediate,Normal,70.0
P_4548,Normal,Intermediate,Intermediate,Normal,70.0
P_4549,Normal,Normal,Normal,Normal,40.0
P_4550,Normal,Normal,Poor,Normal,70.0
P_4551,Intermediate,Normal,Normal,Normal,55.0
P_4552,Poor,Intermediate,Normal,Normal,85.0
P_4553,Normal,Intermediate,Intermediate,Normal,70.0
P_4554,Normal,Normal,Normal,Normal,40.0
P_4555,Normal,Intermediate,Normal,Intermediate,70.0
P_4556,Normal,Intermediate,Normal,Normal,55.0
P_4557,Intermediate,Normal,Intermediate,Normal,70.0
P_4558,Normal,Normal,Normal,Normal,40.0
P_4559,Normal,Intermediate,Normal,Normal,55.0
P_4560,Intermediate,Normal,Normal,Normal,55.0
P_4561,Normal,Normal,Intermediate,Intermediate,70.0
P_4562,Normal,Intermediate,Normal,Normal,55.0
P_4563,Intermediate,Intermediate,Normal,Normal,70.0
P_4564,Normal,Normal,Intermediate,Normal,55.0
P_4565,Intermediate,Intermediate,Intermediate,Intermediate,99.0
P_4566,Poor,Normal,Normal,Intermediate,85.0
P_4567,Normal,Poor,Intermediate,Intermediate,99.0
P_4568,Intermediate,Normal,Poor,Intermediate,99.0
P_4569,Intermediate,Normal,Normal,Intermediate,70.0
P_4570,Normal,Normal,Intermediate,Normal,55.0
P_4571,Intermediate,Normal,Normal,Normal,55.0
P_4572,Normal,Intermediate,Normal,Intermediate,70.0
P_4573,Normal,Intermediate,Normal,Normal,55.0
P_4574,Intermediate,Normal,Normal,Normal,55.0
P_4575,Normal,Normal,Normal,Intermediate,55.0
P_4576,Normal,Normal,Poor,Normal,70.0
P_4577,Normal,Intermediate,Intermediate,Normal,70.0
P_4578,Normal,Poor,Normal,Normal,70.0
P_4579,Normal,Normal,Normal,Normal,40.0
P_4580,Normal,Normal,Normal,Intermediate,55.0
P_4581,Normal,Normal,Normal,Normal,40.0
P_4582,Normal,Normal,Intermediate,Intermediate,70.0
P_4583,Normal,Normal,Normal,Normal,40.0
P_4584,Normal,Normal,Intermediate,Normal,55.0
P_4585,Poor,Intermediate,Normal,Normal,85.0
P_4586,Intermediate,Poor,Poor,Normal,99.0
P_4587,Intermediate,Intermediate,Poor,Intermediate,99.0
P_4588,Intermediate,Normal,Normal,Intermediate,70.0
P_4589,Normal,Normal,Normal,Intermediate,55.0
P_4590,Normal,Intermediate,Normal,Poor,85.0
P_4591,Normal,Normal,Intermediate,Normal,55.0
P_4592,Intermediate,Poor,Normal,Normal,85.0
P_4593,Intermediate,Intermediate,Normal,Poor,99.0
P_4594,Normal,Normal,Intermediate,Normal,55.0
P_4595,Poor,Intermediate,Normal,Intermediate,99.0
P_4596,Normal,Intermediate,Normal,Intermediate,70.0
P_4597,Normal,Intermediate,Normal,Poor,85.0
P_4598,Normal,Normal,Normal,Intermediate,55.0
P_4599,Poor,Normal,Normal,Normal,70.0
P_4600,Poor,Poor,Normal,Normal,99.0
P_4601,Normal,Intermediate,Poor,Intermediate,99.0
P_4602,Poor,Intermediate,Normal,Normal,85.0
P_4603,Intermediate,Normal,Intermediate,Intermediate,85.0
P_4604,Normal,Poor,Normal,Poor,99.0
P_4605,Normal,Normal,Normal,Normal,40.0
P_4606,Normal,Normal,Normal,Normal,40.0
P_4607,Normal,Normal,Poor,Intermediate,85.0
P_4608,Intermediate,Normal,Intermediate,Normal,70.0
P_4609,Normal,Poor,Normal,Intermediate,85.0
P_4610,Intermediate,Normal,Normal,Normal,55.0
P_4611,Poor,Normal,Normal,Normal,70.0
P_4612,Normal,Intermediate,Intermediate,Intermediate,85.0
P_4613,Intermediate,Normal,Normal,Poor,85.0
P_4614,Normal,Normal,Normal,Normal,40.0
P_4615,Intermediate,Normal,Poor,Intermediate,99.0
P_4616,Poor,Normal,Normal,Normal,70.0
P_4617,Normal,Normal,Normal,Normal,40.0
P_4618,Intermediate,Intermediate,Normal,Intermediate,85.0
P_4619,Normal,Intermediate,Normal,Normal,55.0
P_4620,Intermediate,Normal,Normal,Normal,55.0
P_4621,Normal,Normal,Intermediate,Intermediate,70.0
P_4622,Normal,Intermediate,Normal,Normal,55.0
P_4623,Normal,Intermediate,Intermediate,Intermediate,85.0
P_4624,Normal,Normal,Intermediate,Intermediate,70.0
P_4625,Normal,Normal,Normal,Normal,40.0
P_4626,Poor,Normal,Normal,Normal,70.0
P_4627,Normal,Intermediate,Normal,Normal,55.0
P_4628,Normal,Normal,Normal,Poor,70.0
P_4629,Normal,Poor,Normal,Normal,70.0
P_4630,Normal,Normal,Normal,Normal,40.0
P_4631,Normal,Normal,Normal,Intermediate,55.0
P_4632,Normal,Normal,Intermediate,Normal,55.0
P_4633,Intermediate,Normal,Normal,Normal,55.0
P_4634,Intermediate,Normal,Intermediate,Normal,70.0
P_4635,Normal,Intermediate,Intermediate,Normal,70.0
P_4636,Intermediate,Normal,Normal,Intermediate,70.0
P_4637,Poor,Poor,Intermediate,Intermediate,99.0
P_4638,Intermediate,Normal,Normal,Poor,85.0
P_4639,Intermediate,Normal,Normal,Intermediate,70.0
P_4640,Intermediate,Normal,Normal,Normal,55.0
P_4641,Normal,Normal,Normal,Normal,40.0
P_4642,Normal,Intermediate,Normal,Normal,55.0
P_4643,Intermediate,Poor,Normal,Intermediate,99.0
P_4644,Normal,Intermediate,Normal,Poor,85.0
P_4645,Intermediate,Normal,Intermediate,Normal,70.0
P_4646,Normal,Normal,Intermediate,Poor,85.0
P_4647,Normal,Intermediate,Normal,Normal,55.0
P_4648,Normal,Normal,Normal,Normal,40.0
P_4649,Normal,Normal,Intermediate,Normal,55.0
P_4650,Intermediate,Normal,Normal,Normal,55.0
P_4651,Normal,Normal,Poor,Poor,99.0
P_4652,Normal,Intermediate,Normal,Normal,55.0
P_4653,Poor,Normal,Normal,Intermediate,85.0
P_4654,Normal,Normal,Normal,Normal,40.0
P_4655,Normal,Intermediate,Normal,Normal,55.0
P_4656,Normal,Intermediate,Intermediate,Normal,70.0
P_4657,Normal,Intermediate,Intermediate,Intermediate,85.0
P_4658,Intermediate,Poor,Normal,Poor,99.0
P_4659,Normal,Normal,Normal,Normal,40.0
P_4660,Normal,Normal,Normal,Normal,40.0
P_4661,Intermediate,Normal,Normal,Intermediate,70.0
P_4662,Normal,Intermediate,Normal,Poor,85.0
P_4663,Normal,Normal,Normal,Intermediate,55.0
P_4664,Normal,Normal,Intermediate,Normal,55.0
P_4665,Normal,Normal,Normal,Normal,40.0
P_4666,Normal,Normal,Intermediate,Normal,55.0
P_4667,Poor,Normal,Normal,Normal,70.0
P_4668,Normal,Intermediate,Normal,Normal,55.0
P_4669,Intermediate,Normal,Poor,Normal,85.0
P_4670,Normal,Intermediate,Normal,Normal,55.0
P_4671,Intermediate,Poor,Normal,Intermediate,99.0
P_4672,Normal,Normal,Normal,Intermediate,55.0
P_4673,Poor,Normal,Normal,Poor,99.0
P_4674,Intermediate,Normal,Normal,Normal,55.0
P_4675,Normal,Intermediate,Normal,Normal,55.0
P_4676,Normal,Normal,Normal,Poor,70.0
P_4677,Normal,Normal,Normal,Normal,40.0
P_4678,Normal,Intermediate,Normal,Intermediate,70.0
P_4679,Normal,Intermediate,Normal,Normal,55.0
P_4680,Normal,Normal,Intermediate,Normal,55.0
P_4681,Normal,Normal,Normal,Intermediate,55.0
P_4682,Intermediate,Intermediate,Intermediate,Normal,85.0
P_4683,Normal,Normal,Intermediate,Normal,55.0
P_4684,Intermediate,Normal,Intermediate,Normal,70.0
P_4685,Normal,Intermediate,Intermediate,Intermediate,85.0
P_4686,Normal,Normal,Intermediate,Intermediate,70.0
P_4687,Intermediate,Normal,Intermediate,Normal,70.0
P_4688,Normal,Intermediate,Normal,Normal,55.0
P_4689,Intermediate,Normal,Normal,Intermediate,70.0
P_4690,Intermediate,Normal,Normal,Intermediate,70.0
P_4691,Normal,Normal,Intermediate,Intermediate,70.0
P_4692,Normal,Normal,Normal,Intermediate,55.0
P_4693,Normal,Normal,Normal,Normal,40.0
P_4694,Normal,Normal,Normal,Intermediate,55.0
P_4695,Intermediate,Normal,Normal,Normal,55.0
P_4696,Normal,Normal,Normal,Intermediate,55.0
P_4697,Normal,Normal,Normal,Normal,40.0
P_4698,Poor,Intermediate,Normal,Intermediate,99.0
P_4699,Intermediate,Normal,Normal,Intermediate,70.0
P_4700,Poor,Normal,Normal,Intermediate,85.0
P_4701,Poor,Normal,Normal,Normal,70.0
P_4702,Intermediate,Normal,Normal,Normal,55.0
P_4703,Normal,Normal,Poor,Intermediate,85.0
P_4704,Intermediate,Poor,Normal,Poor,99.0
P_4705,Normal,Normal,Normal,Normal,40.0
P_4706,Normal,Intermediate,Poor,Poor,99.0
P_4707,Poor,Poor,Normal,Normal,99.0
P_4708,Intermediate,Normal,Intermediate,Intermediate,85.0
P_4709,Normal,Normal,Intermediate,Normal,55.0
P_4710,Intermediate,Normal,Normal,Normal,55.0
P_4711,Intermediate,Normal,Normal,Normal,55.0
P_4712,Intermediate,Poor,Normal,Normal,85.0
P_4713,Intermediate,Normal,Intermediate,Normal,70.0
P_4714,Normal,Normal,Normal,Normal,40.0
P_4715,Normal,Normal,Intermediate,Normal,55.0
P_4716,Intermediate,Normal,Normal,Normal,55.0
P_4717,Intermediate,Normal,Intermediate,Normal,70.0
P_4718,Normal,Normal,Intermediate,Intermediate,70.0
P_4719,Intermediate,Normal,Normal,Normal,55.0
P_4720,Normal,Normal,Normal,Normal,40.0
P_4721,Poor,Poor,Intermediate,Normal,99.0
P_4722,Normal,Normal,Normal,Intermediate,55.0
P_4723,Poor,Intermediate,Normal,Normal,85.0
P_4724,Normal,Normal,Normal,Normal,40.0
P_4725,Normal,Normal,Normal,Poor,70.0
P_4726,Intermediate,Normal,Normal,Normal,55.0
P_4727,Intermediate,Poor,Intermediate,Intermediate,99.0
P_4728,Poor,Normal,Intermediate,Normal,85.0
P_4729,Normal,Intermediate,Poor,Normal,85.0
P_4730,Intermediate,Normal,Intermediate,Normal,70.0
P_4731,Normal,Normal,Normal,Normal,40.0
P_4732,Normal,Normal,Normal,Intermediate,55.0
P_4733,Normal,Normal,Normal,Intermediate,55.0
P_4734,Normal,Normal,Poor,Normal,70.0
P_4735,Normal,Intermediate,Poor,Normal,85.0
P_4736,Intermediate,Normal,Normal,Normal,55.0
P_4737,Normal,Normal,Intermediate,Intermediate,70.0
P_4738,Normal,Normal,Normal,Poor,70.0
P_4739,Normal,Normal,Intermediate,Normal,55.0
P_4740,Normal,Intermediate,Normal,Normal,55.0
P_4741,Intermediate,Normal,Normal,Normal,55.0
P_4742,Intermediate,Normal,Normal,Intermediate,70.0
P_4743,Intermediate,Normal,Normal,Normal,55.0
P_4744,Intermediate,Intermediate,Poor,Poor,99.0
P_4745,Normal,Normal,Intermediate,Intermediate,70.0
P_4746,Poor,Normal,Normal,Normal,70.0
P_4747,Intermediate,Normal,Normal,Normal,55.0
P_4748,Poor,Intermediate,Normal,Intermediate,99.0
P_4749,Normal,Normal,Normal,Normal,40.0
P_4750,Normal,Intermediate,Normal,Intermediate,70.0
P_4751,Normal,Intermediate,Normal,Normal,55.0
P_4752,Normal,Poor,Poor,Normal,99.0
P_4753,Intermediate,Normal,Normal,Intermediate,70.0
P_4754,Poor,Intermediate,Normal,Normal,85.0
P_4755,Normal,Normal,Normal,Intermediate,55.0
P_4756,Normal,Intermediate,Intermediate,Normal,70.0
P_4757,Intermediate,Poor,Intermediate,Normal,99.0
P_4758,Normal,Intermediate,Intermediate,Normal,70.0
P_4759,Intermediate,Normal,Normal,Normal,55.0
P_4760,Intermediate,Poor,Normal,Normal,85.0
P_4761,Normal,Intermediate,Normal,Intermediate,70.0
P_4762,Intermediate,Normal,Normal,Normal,55.0
P_4763,Intermediate,Intermediate,Normal,Intermediate,85.0
P_4764,Intermediate,Normal,Normal,Poor,85.0
P_4765,Normal,Normal,Intermediate,Normal,55.0
P_4766,Normal,Normal,Intermediate,Poor,85.0
P_4767,Normal,Intermediate,Normal,Intermediate,70.0
P_4768,Normal,Intermediate,Poor,Intermediate,99.0
P_4769,Normal,Normal,Normal,Normal,40.0
P_4770,Normal,Intermediate,Poor,Intermediate,99.0
P_4771,Normal,Normal,Normal,Normal,40.0
P_4772,Normal,Intermediate,Normal,Normal,55.0
P_4773,Normal,Intermediate,Normal,Intermediate,70.0
P_4774,Normal,Intermediate,Normal,Poor,85.0
P_4775,Normal,Normal,Normal,Intermediate,55.0
P_4776,Normal,Poor,Normal,Normal,70.0
P_4777,Normal,Intermediate,Poor,Poor,99.0
P_4778,Intermediate,Poor,Intermediate,Intermediate,99.0
P_4779,Normal,Normal,Normal,Poor,70.0
P_4780,Normal,Intermediate,Poor,Poor,99.0
P_4781,Normal,Intermediate,Normal,Intermediate,70.0
P_4782,Normal,Normal,Intermediate,Normal,55.0
P_4783,Normal,Normal,Normal,Intermediate,55.0
P_4784,Poor,Intermediate,Normal,Normal,85.0
P_4785,Normal,Normal,Normal,Normal,40.0
P_4786,Normal,Normal,Intermediate,Normal,55.0
P_4787,Intermediate,Normal,Intermediate,Normal,70.0
P_4788,Normal,Normal,Intermediate,Intermediate,70.0
P_4789,Normal,Normal,Normal,Normal,40.0
P_4790,Poor,Normal,Intermediate,Normal,85.0
P_4791,Normal,Normal,Normal,Normal,40.0
P_4792,Intermediate,Intermediate,Normal,Intermediate,85.0
P_4793,Intermediate,Normal,Normal,Normal,55.0
P_4794,Normal,Intermediate,Normal,Normal,55.0
P_4795,Normal,Normal,Normal,Intermediate,55.0
P_4796,Normal,Intermediate,Normal,Normal,55.0
P_4797,Normal,Intermediate,Normal,Intermediate,70.0
P_4798,Poor,Intermediate,Normal,Normal,85.0
P_4799,Normal,Normal,Intermediate,Normal,55.0
P_4800,Normal,Normal,Normal,Normal,40.0
P_4801,Normal,Normal,Normal,Normal,40.0
P_4802,Intermediate,Normal,Intermediate,Normal,70.0
P_4803,Poor,Normal,Poor,Normal,99.0
P_4804,Intermediate,Poor,Intermediate,Normal,99.0
P_4805,Normal,Normal,Intermediate,Normal,55.0
P_4806,Normal,Normal,Intermediate,Intermediate,70.0
P_4807,Intermediate,Poor,Normal,Normal,85.0
P_4808,Normal,Normal,Intermediate,Intermediate,70.0
P_4809,Poor,Normal,Intermediate,Intermediate,99.0
P_4810,Intermediate,Normal,Intermediate,Normal,70.0
P_4811,Normal,Intermediate,Normal,Normal,55.0
P_4812,Normal,Intermediate,Normal,Intermediate,70.0
P_4813,Normal,Normal,Intermediate,Normal,55.0
P_4814,Normal,Normal,Poor,Poor,99.0
P_4815,Poor,Normal,Intermediate,Intermediate,99.0
P_4816,Poor,Normal,Normal,Intermediate,85.0
P_4817,Normal,Normal,Normal,Normal,40.0
P_4818,Intermediate,Normal,Normal,Normal,55.0
P_4819,Normal,Normal,Normal,Normal,40.0
P_4820,Intermediate,Normal,Normal,Intermediate,70.0
P_4821,Normal,Normal,Normal,Normal,40.0
P_4822,Normal,Intermediate,Normal,Normal,55.0
P_4823,Poor,Poor,Poor,Normal,99.0
P_4824,Poor,Normal,Normal,Normal,70.0
P_4825,Normal,Intermediate,Poor,Poor,99.0
P_4826,Intermediate,Normal,Normal,Poor,85.0
P_4827,Intermediate,Normal,Poor,Normal,85.0
P_4828,Normal,Normal,Normal,Poor,70.0
P_4829,Intermediate,Normal,Normal,Normal,55.0
P_4830,Intermediate,Poor,Normal,Normal,85.0
P_4831,Intermediate,Normal,Poor,Normal,85.0
P_4832,Normal,Intermediate,Intermediate,Normal,70.0
P_4833,Normal,Poor,Poor,Normal,99.0
P_4834,Normal,Intermediate,Normal,Normal,55.0
P_4835,Poor,Intermediate,Normal,Normal,85.0
P_4836,Intermediate,Intermediate,Normal,Normal,70.0
P_4837,Normal,Normal,Normal,Intermediate,55.0
P_4838,Poor,Normal,Normal,Normal,70.0
P_4839,Normal,Intermediate,Intermediate,Normal,70.0
P_4840,Poor,Normal,Intermediate,Normal,85.0
P_4841,Normal,Poor,Normal,Normal,70.0
P_4842,Poor,Normal,Poor,Normal,99.0
P_4843,Intermediate,Normal,Intermediate,Normal,70.0
P_4844,Normal,Normal,Poor,Normal,70.0
P_4845,Normal,Normal,Intermediate,Normal,55.0
P_4846,Normal,Normal,Poor,Normal,70.0
P_4847,Normal,Poor,Intermediate,Normal,85.0
P_4848,Intermediate,Normal,Normal,Normal,55.0
P_4849,Poor,Intermediate,Normal,Normal,85.0
P_4850,Normal,Poor,Normal,Normal,70.0
P_4851,Normal,Normal,Normal,Normal,40.0
P_4852,Normal,Intermediate,Poor,Normal,85.0
P_4853,Normal,Normal,Normal,Normal,40.0
P_4854,Poor,Intermediate,Normal,Normal,85.0
P_4855,Normal,Normal,Normal,Intermediate,55.0
P_4856,Intermediate,Intermediate,Normal,Normal,70.0
P_4857,Normal,Normal,Intermediate,Intermediate,70.0
P_4858,Normal,Intermediate,Normal,Intermediate,70.0
P_4859,Normal,Intermediate,Poor,Normal,85.0
P_4860,Normal,Intermediate,Normal,Normal,55.0
P_4861,Intermediate,Normal,Poor,Intermediate,99.0
P_4862,Normal,Normal,Poor,Normal,70.0
P_4863,Normal,Intermediate,Normal,Intermediate,70.0
P_4864,Normal,Normal,Normal,Normal,40.0
P_4865,Normal,Normal,Intermediate,Normal,55.0
P_4866,Normal,Normal,Normal,Normal,40.0
P_4867,Intermediate,Intermediate,Intermediate,Poor,99.0
P_4868,Normal,Normal,Poor,Normal,70.0
P_4869,Normal,Poor,Normal,Poor,99.0
P_4870,Normal,Normal,Normal,Normal,40.0
P_4871,Intermediate,Normal,Normal,Normal,55.0
P_4872,Normal,Normal,Normal,Intermediate,55.0
P_4873,Normal,Normal,Normal,Intermediate,55.0
P_4874,Normal,Normal,Poor,Poor,99.0
P_4875,Normal,Normal,Normal,Intermediate,55.0
P_4876,Normal,Normal,Intermediate,Normal,55.0
P_4877,Normal,Intermediate,Normal,Poor,85.0
P_4878,Normal,Intermediate,Normal,Intermediate,70.0
P_4879,Normal,Normal,Normal,Normal,40.0
P_4880,Normal,Normal,Intermediate,Normal,55.0
P_4881,Poor,Normal,Poor,Intermediate,99.0
P_4882,Poor,Normal,Normal,Normal,70.0
P_4883,Normal,Intermediate,Intermediate,Intermediate,85.0
P_4884,Normal,Normal,Normal,Poor,70.0
P_4885,Normal,Normal,Normal,Normal,40.0
P_4886,Intermediate,Normal,Normal,Intermediate,70.0
P_4887,Normal,Intermediate,Normal,Intermediate,70.0
P_4888,Normal,Normal,Normal,Normal,40.0
P_4889,Intermediate,Intermediate,Normal,Intermediate,85.0
P_4890,Intermediate,Poor,Normal,Normal,85.0
P_4891,Normal,Normal,Normal,Normal,40.0
P_4892,Intermediate,Poor,Normal,Normal,85.0
P_4893,Normal,Normal,Normal,Intermediate,55.0
P_4894,Normal,Normal,Normal,Poor,70.0
P_4895,Normal,Normal,Intermediate,Normal,55.0
P_4896,Poor,Normal,Normal,Normal,70.0
P_4897,Normal,Intermediate,Normal,Normal,55.0
P_4898,Intermediate,Normal,Normal,Normal,55.0
P_4899,Normal,Intermediate,Normal,Intermediate,70.0
P_4900,Intermediate,Intermediate,Normal,Normal,70.0
P_4901,Intermediate,Intermediate,Normal,Normal,70.0
P_4902,Intermediate,Intermediate,Normal,Poor,99.0
P_4903,Normal,Normal,Intermediate,Normal,55.0
P_4904,Normal,Normal,Normal,Poor,70.0
P_4905,Normal,Normal,Normal,Normal,40.0
P_4906,Intermediate,Poor,Normal,Intermediate,99.0
P_4907,Normal,Normal,Normal,Intermediate,55.0
P_4908,Intermediate,Intermediate,Normal,Poor,99.0
P_4909,Intermediate,Normal,Intermediate,Normal,70.0
P_4910,Normal,Intermediate,Intermediate,Normal,70.0
P_4911,Normal,Normal,Normal,Normal,40.0
P_4912,Normal,Normal,Intermediate,Normal,55.0
P_4913,Normal,Normal,Poor,Intermediate,85.0
P_4914,Poor,Normal,Normal,Poor,99.0
P_4915,Poor,Normal,Poor,Normal,99.0
P_4916,Normal,Intermediate,Poor,Normal,85.0
P_4917,Intermediate,Normal,Normal,Normal,55.0
P_4918,Normal,Intermediate,Normal,Intermediate,70.0
P_4919,Intermediate,Poor,Intermediate,Normal,99.0
P_4920,Intermediate,Intermediate,Normal,Intermediate,85.0
P_4921,Normal,Normal,Normal,Normal,40.0
P_4922,Intermediate,Normal,Intermediate,Normal,70.0
P_4923,Normal,Normal,Normal,Normal,40.0
P_4924,Poor,Intermediate,Normal,Normal,85.0
P_4925,Normal,Normal,Intermediate,Normal,55.0
P_4926,Normal,Normal,Intermediate,Normal,55.0
P_4927,Normal,Normal,Intermediate,Intermediate,70.0
P_4928,Normal,Normal,Normal,Intermediate,55.0
P_4929,Normal,Normal,Normal,Normal,40.0
P_4930,Normal,Normal,Intermediate,Normal,55.0
P_4931,Normal,Normal,Normal,Normal,40.0
P_4932,Normal,Normal,Intermediate,Normal,55.0
P_4933,Intermediate,Normal,Intermediate,Normal,70.0
P_4934,Normal,Normal,Normal,Normal,40.0
P_4935,Intermediate,Intermediate,Poor,Normal,99.0
P_4936,Normal,Normal,Poor,Normal,70.0
P_4937,Normal,Normal,Normal,Intermediate,55.0
P_4938,Poor,Normal,Intermediate,Intermediate,99.0
P_4939,Intermediate,Intermediate,Normal,Normal,70.0
P_4940,Normal,Poor,Normal,Normal,70.0
P_4941,Intermediate,Intermediate,Normal,Intermediate,85.0
P_4942,Normal,Intermediate,Normal,Normal,55.0
P_4943,Intermediate,Normal,Normal,Intermediate,70.0
P_4944,Normal,Intermediate,Intermediate,Intermediate,85.0
P_4945,Intermediate,Intermediate,Normal,Normal,70.0
P_4946,Normal,Normal,Intermediate,Intermediate,70.0
P_4947,Normal,Normal,Poor,Intermediate,85.0
P_4948,Normal,Poor,Poor,Intermediate,99.0
P_4949,Normal,Normal,Normal,Normal,40.0
P_4950,Normal,Intermediate,Normal,Normal,55.0
P_4951,Normal,Intermediate,Intermediate,Poor,99.0
P_4952,Intermediate,Normal,Normal,Intermediate,70.0
P_4953,Intermediate,Normal,Intermediate,Normal,70.0
P_4954,Normal,Normal,Normal,Normal,40.0
P_4955,Normal,Normal,Normal,Normal,40.0
P_4956,Normal,Normal,Normal,Normal,40.0
P_4957,Normal,Normal,Normal,Intermediate,55.0
P_4958,Normal,Normal,Poor,Normal,70.0
P_4959,Normal,Intermediate,Poor,Normal,85.0
P_4960,Normal,Poor,Intermediate,Intermediate,99.0
P_4961,Normal,Intermediate,Poor,Intermediate,99.0
P_4962,Normal,Normal,Normal,Normal,40.0
P_4963,Normal,Normal,Intermediate,Intermediate,70.0
P_4964,Intermediate,Poor,Normal,Normal,85.0
P_4965,Normal,Intermediate,Normal,Intermediate,70.0
P_4966,Intermediate,Normal,Normal,Normal,55.0
P_4967,Poor,Poor,Normal,Normal,99.0
P_4968,Normal,Intermediate,Normal,Normal,55.0
P_4969,Intermediate,Normal,Normal,Normal,55.0
P_4970,Normal,Normal,Normal,Normal,40.0
P_4971,Normal,Intermediate,Normal,Poor,85.0
P_4972,Poor,Intermediate,Normal,Normal,85.0
P_4973,Intermediate,Intermediate,Poor,Normal,99.0
P_4974,Normal,Normal,Normal,Normal,40.0
P_4975,Poor,Poor,Intermediate,Poor,99.0
P_4976,Intermediate,Intermediate,Normal,Normal,70.0
P_4977,Normal,Normal,Intermediate,Normal,55.0
P_4978,Normal,Normal,Intermediate,Intermediate,70.0
P_4979,Intermediate,Normal,Intermediate,Intermediate,85.0
P_4980,Normal,Normal,Intermediate,Intermediate,70.0
P_4981,Intermediate,Normal,Intermediate,Poor,99.0
P_4982,Intermediate,Poor,Poor,Normal,99.0
P_4983,Normal,Normal,Normal,Normal,40.0
P_4984,Normal,Normal,Intermediate,Normal,55.0
P_4985,Normal,Intermediate,Intermediate,Intermediate,85.0
P_4986,Normal,Normal,Normal,Intermediate,55.0
P_4987,Normal,Normal,Normal,Normal,40.0
P_4988,Intermediate,Normal,Normal,Normal,55.0
P_4989,Normal,Normal,Normal,Normal,40.0
P_4990,Normal,Normal,Normal,Normal,40.0
P_4991,Poor,Normal,Normal,Normal,70.0
P_4992,Normal,Normal,Intermediate,Normal,55.0
P_4993,Normal,Poor,Normal,Normal,70.0
P_4994,Intermediate,Intermediate,Intermediate,Normal,85.0
P_4995,Normal,Normal,Intermediate,Normal,55.0
P_4996,Normal,Intermediate,Normal,Intermediate,70.0
P_4997,Normal,Normal,Normal,Normal,40.0
P_4998,Normal,Normal,Normal,Intermediate,55.0
P_4999,Poor,Normal,Normal,Normal,70.0
P_5000,Normal,Intermediate,Normal,Normal,55.0
